﻿School Name,State Name [Public School] Latest available year,School ID - NCES Assigned [Public School] Latest available year,Agency ID - NCES Assigned [Public School] Latest available year,Grade 9 offered [Public School] 2021-22,Grade 10 offered [Public School] 2021-22,Grade 11 offered [Public School] 2021-22,Grade 12 offered [Public School] 2021-22
ABBEVILLE HIGH SCHOOL,Louisiana,220180001385,2201800,1-Yes,1-Yes,1-Yes,1-Yes
ABRAMSON SCI ACADEMY,LOUISIANA,220023702068,2200237,1-Yes,1-Yes,1-Yes,1-Yes
ACADEMIC RECOVERY OMBUDSMAN,Louisiana,220030002343,2200300,1-Yes,1-Yes,1-Yes,1-Yes
ACADIANA HIGH SCHOOL,Louisiana,220087000660,2200870,1-Yes,1-Yes,1-Yes,1-Yes
ACADIANA RENAISSANCE CHARTER ACADEMY,LOUISIANA,220023102392,2200231,1-Yes,1-Yes,1-Yes,1-Yes
AIRLINE HIGH SCHOOL,Louisiana,220027000112,2200270,1-Yes,1-Yes,1-Yes,1-Yes
ALBANY HIGH SCHOOL,Louisiana,220102000755,2201020,1-Yes,1-Yes,1-Yes,1-Yes
ALEXANDRIA SENIOR HIGH SCHOOL,Louisiana,220129001040,2201290,1-Yes,1-Yes,1-Yes,1-Yes
ALFRED M. BARBE HIGH SCHOOL,Louisiana,220033000216,2200330,1-Yes,1-Yes,1-Yes,1-Yes
AMIKIDS ACADIANA,LOUISIANA,220003002381,2200030,1-Yes,1-Yes,1-Yes,1-Yes
AMITE HIGH MAGNET,Louisiana,220168001298,2201680,1-Yes,1-Yes,1-Yes,1-Yes
ANACOCO HIGH SCHOOL,Louisiana,220183001405,2201830,1-Yes,1-Yes,1-Yes,1-Yes
ARCADIA HIGH SCHOOL,Louisiana,220021000090,2200210,1-Yes,1-Yes,1-Yes,1-Yes
ARLINGTON PREPARATORY ACADEMY,Louisiana,220054000340,2200540,1-Yes,1-Yes,1-Yes,1-Yes
ASSUMPTION HIGH SCHOOL,Louisiana,220012000048,2200120,1-Yes,1-Yes,1-Yes,1-Yes
ATLANTA HIGH SCHOOL,Louisiana,220201001478,2202010,1-Yes,1-Yes,1-Yes,1-Yes
AVOYELLES HIGH SCHOOL,Louisiana,220015000075,2200150,1-Yes,1-Yes,1-Yes,1-Yes
AVOYELLES PUBLIC CHARTER SCHOOL,Louisiana,220003501494,2200035,1-Yes,1-Yes,1-Yes,1-Yes
BAKER HIGH SCHOOL,Louisiana,220004000344,2200040,1-Yes,1-Yes,1-Yes,1-Yes
BASILE HIGH SCHOOL,Louisiana,220063000470,2200630,1-Yes,1-Yes,1-Yes,1-Yes
BASTROP HIGH SCHOOL,Louisiana,220111000805,2201110,1-Yes,1-Yes,1-Yes,1-Yes
BATON ROUGE MAGNET HIGH SCHOOL,Louisiana,220054000347,2200540,1-Yes,1-Yes,1-Yes,1-Yes
BEAU CHENE HIGH SCHOOL,Louisiana,220156002005,2201560,1-Yes,1-Yes,1-Yes,1-Yes
BEEKMAN CHARTER SCHOOL,Louisiana,220111002359,2201110,1-Yes,1-Yes,1-Yes,1-Yes
BELAIRE HIGH SCHOOL,Louisiana,220054000349,2200540,1-Yes,1-Yes,1-Yes,1-Yes
BELL CITY HIGH SCHOOL,Louisiana,220033000217,2200330,1-Yes,1-Yes,1-Yes,1-Yes
BELLE CHASSE HIGH SCHOOL,Louisiana,220123001022,2201230,1-Yes,1-Yes,1-Yes,1-Yes
BENJAMIN FRANKLIN HIGH SCHOOL,LOUISIANA,220029900888,2200299,1-Yes,1-Yes,1-Yes,1-Yes
BENTON HIGH SCHOOL,Louisiana,220027000117,2200270,1-Yes,1-Yes,1-Yes,1-Yes
BERWICK HIGH SCHOOL,Louisiana,220162001236,2201620,1-Yes,1-Yes,1-Yes,1-Yes
BIENVILLE EDUCATIONAL CENTER,Louisiana,220021002066,2200210,1-Yes,1-Yes,1-Yes,1-Yes
BIENVILLE HIGH SCHOOL,Louisiana,220021000091,2200210,1-Yes,1-Yes,1-Yes,1-Yes
BLOCK HIGH SCHOOL,Louisiana,220042000294,2200420,1-Yes,1-Yes,1-Yes,1-Yes
BOGALUSA HIGH SCHOOL,Louisiana,220024000103,2200240,1-Yes,1-Yes,1-Yes,1-Yes
BOLTON HIGH SCHOOL,Louisiana,220129001042,2201290,1-Yes,1-Yes,1-Yes,1-Yes
BONNABEL MAGNET ACADEMY HIGH SCHOOL,Louisiana,220084000585,2200840,1-Yes,1-Yes,1-Yes,1-Yes
BOOKER T. WASHINGTON NEW TECHNOLOGY HIGH SCHOOL,Louisiana,220030000208,2200300,1-Yes,1-Yes,1-Yes,1-Yes
BOSSIER HIGH SCHOOL,Louisiana,220027000120,2200270,1-Yes,1-Yes,1-Yes,1-Yes
BOSSIER PS FOR TECHNOLOGY & INNOVATIVE LEARNING,Louisiana,220027001057,2200270,1-Yes,1-Yes,1-Yes,1-Yes
BREAUX BRIDGE HIGH SCHOOL,Louisiana,220159001219,2201590,1-Yes,1-Yes,1-Yes,1-Yes
BROADMOOR SENIOR HIGH SCHOOL,Louisiana,220054000355,2200540,1-Yes,1-Yes,1-Yes,1-Yes
BRUSLY HIGH SCHOOL,Louisiana,220192001457,2201920,1-Yes,1-Yes,1-Yes,1-Yes
BUCKEYE HIGH SCHOOL,Louisiana,220129001047,2201290,1-Yes,1-Yes,1-Yes,1-Yes
BUNKIE MAGNET HIGH SCHOOL,Louisiana,220015000063,2200150,1-Yes,1-Yes,1-Yes,1-Yes
C.E. BYRD HIGH SCHOOL,Louisiana,220030000147,2200300,1-Yes,1-Yes,1-Yes,1-Yes
C.F. ROWLEY ALTERNATIVE SCHOOL,Louisiana,220141000816,2201410,1-Yes,1-Yes,1-Yes,1-Yes
CADDO CAREER & TECHNICAL CENTER,Louisiana,220030001088,2200300,1-Yes,1-Yes,1-Yes,1-Yes
CADDO PARISH MAGNET HIGH SCHOOL,Louisiana,220030001551,2200300,1-Yes,1-Yes,1-Yes,1-Yes
CADDO VIRTUAL ACADEMY,LOUISIANA,220030002426,2200300,1-Yes,1-Yes,1-Yes,1-Yes
CALDWELL PARISH HIGH SCHOOL,Louisiana,220036000281,2200360,1-Yes,1-Yes,1-Yes,1-Yes
CALVIN HIGH SCHOOL,Louisiana,220201001479,2202010,1-Yes,1-Yes,1-Yes,1-Yes
CAPITOL HIGH SCHOOL,LOUISIANA,220031502469,2200315,1-Yes,1-Yes,1-Yes,1-Yes
CAPTAIN SHREVE HIGH SCHOOL,Louisiana,220030000151,2200300,1-Yes,1-Yes,1-Yes,1-Yes
CARENCRO HIGH SCHOOL,Louisiana,220087000668,2200870,1-Yes,1-Yes,1-Yes,1-Yes
CARROLL HIGH SCHOOL,Louisiana,220108000787,2201080,1-Yes,1-Yes,1-Yes,1-Yes
CASTOR HIGH SCHOOL,Louisiana,220021000092,2200210,1-Yes,1-Yes,1-Yes,1-Yes
CECILIA HIGH SCHOOL,Louisiana,220159001223,2201590,1-Yes,1-Yes,1-Yes,1-Yes
CENTERVILLE HIGH SCHOOL,Louisiana,220162001238,2201620,1-Yes,1-Yes,1-Yes,1-Yes
CENTRAL HIGH SCHOOL,Louisiana,220042000295,2200420,1-Yes,1-Yes,1-Yes,1-Yes
CENTRAL HIGH SCHOOL,Louisiana,220012500363,2200125,1-Yes,1-Yes,1-Yes,1-Yes
CENTRAL LAFOURCHE HIGH SCHOOL,Louisiana,220090000699,2200900,1-Yes,1-Yes,1-Yes,1-Yes
CENTRAL LOUISIANA SUPPORTS AND SERVICES CENTER,LOUISIANA,228010002497,2280100,1-Yes,1-Yes,1-Yes,1-Yes
CENTRAL SOUTHWEST ALTERNATIVE HIGH SCHOOL,LOUISIANA,228010002523,2280100,1-Yes,1-Yes,1-Yes,1-Yes
CENTRAL SOUTHWEST ALTERNATIVE HIGH SCHOOL,LOUISIANA,220004702462,2200047,1-Yes,1-Yes,1-Yes,1-Yes
CHALMETTE HIGH SCHOOL,Louisiana,220141001125,2201410,1-Yes,1-Yes,1-Yes,1-Yes
CHOUDRANT HIGH SCHOOL,Louisiana,220099000742,2200990,1-Yes,1-Yes,1-Yes,1-Yes
CHRISTIAN ACRES ALTERNATIVE SCHOOL,LOUISIANA,220105010412,2201050,1-Yes,1-Yes,1-Yes,1-Yes
CHURCH POINT HIGH SCHOOL,Louisiana,220003000004,2200030,1-Yes,1-Yes,1-Yes,1-Yes
COLLEGIATE BATON ROUGE,LOUISIANA,220028802448,2200288,1-Yes,1-Yes,1-Yes,1-Yes
CONCORDIA EDUCATION CENTER,Louisiana,220048001515,2200480,1-Yes,1-Yes,1-Yes,1-Yes
CONVERSE HIGH SCHOOL,Louisiana,220138001107,2201380,1-Yes,1-Yes,1-Yes,1-Yes
COVINGTON HIGH SCHOOL,Louisiana,220165001274,2201650,1-Yes,1-Yes,1-Yes,1-Yes
CROWLEY HIGH SCHOOL,Louisiana,220003000006,2200030,1-Yes,1-Yes,1-Yes,1-Yes
D'ARBONNE WOODS CHARTER SCHOOL,Louisiana,220014602282,2200146,1-Yes,1-Yes,1-Yes,1-Yes
DAVID THIBODAUX STEM MAGNET ACADEMY,Louisiana,220087002301,2200870,1-Yes,1-Yes,1-Yes,1-Yes
DELCAMBRE HIGH SCHOOL,Louisiana,220072000511,2200720,1-Yes,1-Yes,1-Yes,1-Yes
DELHI CHARTER SCHOOL,Louisiana,220003801539,2200038,1-Yes,1-Yes,1-Yes,1-Yes
DELHI HIGH SCHOOL,Louisiana,220135001095,2201350,1-Yes,1-Yes,1-Yes,1-Yes
DELTA CHARTER SCHOOL MST,LOUISIANA,220024702354,2200247,1-Yes,1-Yes,1-Yes,1-Yes
DEQUINCY HIGH SCHOOL,Louisiana,220033000227,2200330,1-Yes,1-Yes,1-Yes,1-Yes
DERIDDER HIGH SCHOOL,Louisiana,220018000081,2200180,1-Yes,1-Yes,1-Yes,1-Yes
DESTREHAN HIGH SCHOOL,Louisiana,220144001139,2201440,1-Yes,1-Yes,1-Yes,1-Yes
DODSON HIGH SCHOOL,Louisiana,220201001480,2202010,1-Yes,1-Yes,1-Yes,1-Yes
DONALDSONVILLE HIGH SCHOOL,Louisiana,220009000036,2200090,1-Yes,1-Yes,1-Yes,1-Yes
DOWNSVILLE COMMUNITY CHARTER SCHOOL,Louisiana,220177001374,2201770,1-Yes,1-Yes,1-Yes,1-Yes
DOYLE HIGH SCHOOL,Louisiana,220102000761,2201020,1-Yes,1-Yes,1-Yes,1-Yes
DOYLINE HIGH SCHOOL,Louisiana,220189001436,2201890,1-Yes,1-Yes,1-Yes,1-Yes
DR. MARTIN LUTHER KING CHARTER SCHOOL FOR SCI TECH,LOUISIANA,220021700414,2200217,1-Yes,1-Yes,1-Yes,1-Yes
DUTCHTOWN HIGH SCHOOL,Louisiana,220009001541,2200090,1-Yes,1-Yes,1-Yes,1-Yes
EARLY COLLEGE ACADEMY,Louisiana,220087002072,2200870,1-Yes,1-Yes,1-Yes,1-Yes
EAST ASCENSION HIGH SCHOOL,Louisiana,220009000038,2200090,1-Yes,1-Yes,1-Yes,1-Yes
EAST BEAUREGARD HIGH SCHOOL,Louisiana,220018000083,2200180,1-Yes,1-Yes,1-Yes,1-Yes
EAST FELICIANA HIGH SCHOOL,Louisiana,220060000465,2200600,1-Yes,1-Yes,1-Yes,1-Yes
EAST IBERVILLE ELEMENTARY/HIGH SCHOOL,Louisiana,220075000231,2200750,1-Yes,1-Yes,1-Yes,1-Yes
EAST JEFFERSON HIGH SCHOOL,Louisiana,220084000597,2200840,1-Yes,1-Yes,1-Yes,1-Yes
EAST ST. JOHN HIGH SCHOOL,Louisiana,220153001488,2201530,1-Yes,1-Yes,1-Yes,1-Yes
EBARB SCHOOL,Louisiana,220138001108,2201380,1-Yes,1-Yes,1-Yes,1-Yes
EBR READINESS SUPERINTENDENT ACADEMY,Louisiana,220054000339,2200540,1-Yes,1-Yes,1-Yes,1-Yes
EBR VIRTUAL ACADEMY,LOUISIANA,220054002423,2200540,1-Yes,1-Yes,1-Yes,1-Yes
EDNA KARR HIGH SCHOOL,LOUISIANA,220029400911,2200294,1-Yes,1-Yes,1-Yes,1-Yes
EDWARD J SAM ACCELERATED SCHOOL OF LAFAYETTE,LOUISIANA,220087002441,2200870,1-Yes,1-Yes,1-Yes,1-Yes
EINSTEIN CHARTER HIGH SCHOOL AT SARAH TOWLES REED,LOUISIANA,220029502427,2200295,1-Yes,1-Yes,1-Yes,1-Yes
ELEANOR MCMAIN SECONDARY SCHOOL,LOUISIANA,220029100945,2200291,1-Yes,1-Yes,1-Yes,1-Yes
ELIZABETH HIGH SCHOOL,Louisiana,220006000024,2200060,1-Yes,1-Yes,1-Yes,1-Yes
ELLENDER MEMORIAL HIGH SCHOOL,Louisiana,220174001346,2201740,1-Yes,1-Yes,1-Yes,1-Yes
ELTON HIGH SCHOOL,Louisiana,220081000561,2200810,1-Yes,1-Yes,1-Yes,1-Yes
EPPS HIGH SCHOOL,Louisiana,220195001467,2201950,1-Yes,1-Yes,1-Yes,1-Yes
ERATH HIGH SCHOOL,Louisiana,220180001390,2201800,1-Yes,1-Yes,1-Yes,1-Yes
EUNICE CAREER & TECHNICAL EDUCATION CENTER,Louisiana,220156001636,2201560,1-Yes,1-Yes,1-Yes,1-Yes
EUNICE HIGH SCHOOL,Louisiana,220156001181,2201560,1-Yes,1-Yes,1-Yes,1-Yes
EVANS HIGH SCHOOL,Louisiana,220183001407,2201830,1-Yes,1-Yes,1-Yes,1-Yes
FAIRVIEW HIGH SCHOOL,Louisiana,220006000025,2200060,1-Yes,1-Yes,1-Yes,1-Yes
FERRIDAY HIGH SCHOOL,Louisiana,220048000317,2200480,1-Yes,1-Yes,1-Yes,1-Yes
FISHER MIDDLE/HIGH SCHOOL,Louisiana,220084000604,2200840,1-Yes,1-Yes,1-Yes,1-Yes
FLORIDA PARISHES JUVENILE DETENTION CNTR.,LOUISIANA,220168010414,2201680,1-Yes,1-Yes,1-Yes,1-Yes
FLORIEN HIGH SCHOOL,Louisiana,220138001110,2201380,1-Yes,1-Yes,1-Yes,1-Yes
FONTAINEBLEAU HIGH SCHOOL,Louisiana,220165000412,2201650,1-Yes,1-Yes,1-Yes,1-Yes
FOREST SCHOOL,Louisiana,220195001469,2201950,1-Yes,1-Yes,1-Yes,1-Yes
FRANKLIN PARISH HIGH SCHOOL,Louisiana,220066000490,2200660,1-Yes,1-Yes,1-Yes,1-Yes
FRANKLIN SENIOR HIGH SCHOOL,Louisiana,220162001242,2201620,1-Yes,1-Yes,1-Yes,1-Yes
FRANKLINTON HIGH SCHOOL,Louisiana,220186001424,2201860,1-Yes,1-Yes,1-Yes,1-Yes
FRENCH SETTLEMENT HIGH SCHOOL,Louisiana,220102000762,2201020,1-Yes,1-Yes,1-Yes,1-Yes
G W CARVER HIGH SCHOOL,LOUISIANA,220026502334,2200265,1-Yes,1-Yes,1-Yes,1-Yes
GENERAL TRASS HIGH SCHOOL,Louisiana,220057000454,2200570,1-Yes,1-Yes,1-Yes,1-Yes
GEORGETOWN HIGH SCHOOL,Louisiana,220069000500,2200690,1-Yes,1-Yes,1-Yes,1-Yes
GIBSLAND-COLEMAN HIGH SCHOOL,Louisiana,220021000095,2200210,1-Yes,1-Yes,1-Yes,1-Yes
GLEN OAKS SENIOR HIGH SCHOOL,Louisiana,220054000378,2200540,1-Yes,1-Yes,1-Yes,1-Yes
GLENMORA HIGH SCHOOL,Louisiana,220129001051,2201290,1-Yes,1-Yes,1-Yes,1-Yes
GRACE KING HIGH SCHOOL,Louisiana,220084000625,2200840,1-Yes,1-Yes,1-Yes,1-Yes
GRAND ISLE HIGH SCHOOL,Louisiana,220084000606,2200840,1-Yes,1-Yes,1-Yes,1-Yes
GRAND LAKE HIGH SCHOOL,Louisiana,220039000289,2200390,1-Yes,1-Yes,1-Yes,1-Yes
GRANT HIGH SCHOOL,Louisiana,220069000501,2200690,1-Yes,1-Yes,1-Yes,1-Yes
GREEN OAKS PERFORMING ARTS ACADEMY,Louisiana,220030000163,2200300,1-Yes,1-Yes,1-Yes,1-Yes
GUEYDAN HIGH SCHOOL,Louisiana,220180001695,2201800,1-Yes,1-Yes,1-Yes,1-Yes
H. L. BOURGEOIS HIGH SCHOOL,Louisiana,220174001338,2201740,1-Yes,1-Yes,1-Yes,1-Yes
HACKBERRY HIGH SCHOOL,Louisiana,220039000290,2200390,1-Yes,1-Yes,1-Yes,1-Yes
HAHNVILLE HIGH SCHOOL,Louisiana,220144001141,2201440,1-Yes,1-Yes,1-Yes,1-Yes
HAMMOND HIGH MAGNET SCHOOL,Louisiana,220168001304,2201680,1-Yes,1-Yes,1-Yes,1-Yes
HARRISONBURG HIGH SCHOOL,Louisiana,220042000298,2200420,1-Yes,1-Yes,1-Yes,1-Yes
HATHAWAY HIGH SCHOOL,Louisiana,220081000564,2200810,1-Yes,1-Yes,1-Yes,1-Yes
HAUGHTON HIGH SCHOOL,Louisiana,220027000127,2200270,1-Yes,1-Yes,1-Yes,1-Yes
HAYNES ACADEMY SCHOOL FOR ADVANCED STUDIES,Louisiana,220084000617,2200840,1-Yes,1-Yes,1-Yes,1-Yes
HAYNESVILLE JR./SR. HIGH SCHOOL,Louisiana,220045000308,2200450,1-Yes,1-Yes,1-Yes,1-Yes
HELEN COX HIGH SCHOOL,Louisiana,220084000592,2200840,1-Yes,1-Yes,1-Yes,1-Yes
HICKS HIGH SCHOOL,Louisiana,220183001408,2201830,1-Yes,1-Yes,1-Yes,1-Yes
HOLDEN HIGH SCHOOL,Louisiana,220102000765,2201020,1-Yes,1-Yes,1-Yes,1-Yes
HOMER HIGH SCHOOL,Louisiana,220045000311,2200450,1-Yes,1-Yes,1-Yes,1-Yes
HORNBECK HIGH SCHOOL,Louisiana,220183001409,2201830,1-Yes,1-Yes,1-Yes,1-Yes
HOWARD SCHOOL,Louisiana,220015101195,2200151,1-Yes,1-Yes,1-Yes,1-Yes
HUNTINGTON HIGH SCHOOL,Louisiana,220030000169,2200300,1-Yes,1-Yes,1-Yes,1-Yes
INDEPENDENCE HIGH MAGNET,Louisiana,220168001307,2201680,1-Yes,1-Yes,1-Yes,1-Yes
INTERNATIONAL HIGH SCHOOL OF NEW ORLEANS,Louisiana,220015602270,2200156,1-Yes,1-Yes,1-Yes,1-Yes
IOTA HIGH SCHOOL,Louisiana,220003000014,2200030,1-Yes,1-Yes,1-Yes,1-Yes
IOWA HIGH SCHOOL,Louisiana,220033000238,2200330,1-Yes,1-Yes,1-Yes,1-Yes
ISTROUMA HIGH SCHOOL,LOUISIANA,220054002440,2200540,1-Yes,1-Yes,1-Yes,1-Yes
JAKE DROST SCHOOL FOR EXCEPTIONAL CHILDREN,Louisiana,220033000220,2200330,1-Yes,1-Yes,1-Yes,1-Yes
JCFA,Louisiana,220084002305,2200840,1-Yes,1-Yes,1-Yes,1-Yes
JCFA LAFAYETTE,LOUISIANA,220030102445,2200301,1-Yes,1-Yes,1-Yes,1-Yes
JCFA-EAST,LOUISIANA,220024102370,2200241,1-Yes,1-Yes,1-Yes,1-Yes
JEANERETTE SENIOR HIGH SCHOOL,Louisiana,220072000519,2200720,1-Yes,1-Yes,1-Yes,1-Yes
JEFFERSON RISE CHARTER SCHOOL,LOUISIANA,220084002419,2200840,1-Yes,1-Yes,1-Yes,1-Yes
JEFFERSON VIRTUAL HIGH SCHOOL,LOUISIANA,220084002506,2200840,1-Yes,1-Yes,1-Yes,1-Yes
JENA HIGH SCHOOL,Louisiana,220096000732,2200960,1-Yes,1-Yes,1-Yes,1-Yes
JENNINGS HIGH SCHOOL,Louisiana,220081000566,2200810,1-Yes,1-Yes,1-Yes,1-Yes
JEWEL M. SUMNER HIGH SCHOOL,Louisiana,220168001840,2201680,1-Yes,1-Yes,1-Yes,1-Yes
JOHN EHRET HIGH SCHOOL,Louisiana,220084000598,2200840,1-Yes,1-Yes,1-Yes,1-Yes
JOHN F. KENNEDY HIGH SCHOOL,LOUISIANA,220031902499,2200319,1-Yes,1-Yes,1-Yes,1-Yes
JOHN MARTYN COMMUNITY SCHOOL,Louisiana,220084002044,2200840,1-Yes,1-Yes,1-Yes,1-Yes
JOHNNY GRAY JONES YOUTH SHELTER & DETENTION CENTER,Louisiana,220027000218,2200270,1-Yes,1-Yes,1-Yes,1-Yes
JOHNSON BAYOU HIGH SCHOOL,Louisiana,220039000291,2200390,1-Yes,1-Yes,1-Yes,1-Yes
JONESBORO-HODGE HIGH SCHOOL,Louisiana,220078000555,2200780,1-Yes,1-Yes,1-Yes,1-Yes
JOSEPH A. CUILLIER SR. CAREER CENTER,Louisiana,220084001597,2200840,1-Yes,1-Yes,1-Yes,1-Yes
JS CLARK LEADERSHIP ACADEMY,LOUISIANA,220021502348,2200215,1-Yes,1-Yes,1-Yes,1-Yes
KAPLAN HIGH SCHOOL,Louisiana,220180001398,2201800,1-Yes,1-Yes,1-Yes,1-Yes
KENNER DISCOVERY HEALTH SCIENCES ACADEMY,Louisiana,220084000653,2200840,1-Yes,1-Yes,1-Yes,1-Yes
KENTWOOD HIGH MAGNET SCHOOL,Louisiana,220168001310,2201680,1-Yes,1-Yes,1-Yes,1-Yes
KILBOURNE HIGH SCHOOL,Louisiana,220195001471,2201950,1-Yes,1-Yes,1-Yes,1-Yes
KINDER HIGH SCHOOL,Louisiana,220006000027,2200060,1-Yes,1-Yes,1-Yes,1-Yes
KIPP BOOKER T WASHINGTON,LOUISIANA,220027702434,2200277,1-Yes,1-Yes,1-Yes,1-Yes
KIPP RENAISSANCE,LOUISIANA,220019700953,2200197,1-Yes,1-Yes,1-Yes,1-Yes
L.W. HIGGINS HIGH SCHOOL,Louisiana,220084000620,2200840,1-Yes,1-Yes,1-Yes,1-Yes
LA SCHOOL FOR AG SCIENCE,Louisiana,220015001378,2200150,1-Yes,1-Yes,1-Yes,1-Yes
LACASSINE HIGH SCHOOL,Louisiana,220081000570,2200810,1-Yes,1-Yes,1-Yes,1-Yes
LAFAYETTE HIGH SCHOOL,Louisiana,220087000678,2200870,1-Yes,1-Yes,1-Yes,1-Yes
LAFAYETTE RENAISSANCE CHARTER ACADEMY,LOUISIANA,220023502396,2200235,1-Yes,1-Yes,1-Yes,1-Yes
LAGRANGE HIGH SCHOOL,Louisiana,220033000244,2200330,1-Yes,1-Yes,1-Yes,1-Yes
LAKE ARTHUR HIGH SCHOOL,Louisiana,220081000572,2200810,1-Yes,1-Yes,1-Yes,1-Yes
LAKE CHARLES COLLEGE PREP,LOUISIANA,220019802388,2200198,1-Yes,1-Yes,1-Yes,1-Yes
LAKESHORE HIGH SCHOOL,Louisiana,220165002255,2201650,1-Yes,1-Yes,1-Yes,1-Yes
LAKESIDE JUNIOR-SENIOR HIGH SCHOOL,Louisiana,220189001450,2201890,1-Yes,1-Yes,1-Yes,1-Yes
LAKEVIEW JR./SR. HIGH SCHOOL,Louisiana,220114000101,2201140,1-Yes,1-Yes,1-Yes,1-Yes
LASALLE HIGH SCHOOL,Louisiana,220096000734,2200960,1-Yes,1-Yes,1-Yes,1-Yes
LEE HIGH SCHOOL,Louisiana,220054002342,2200540,1-Yes,1-Yes,1-Yes,1-Yes
LEESVILLE HIGH SCHOOL,Louisiana,220183001410,2201830,1-Yes,1-Yes,1-Yes,1-Yes
LINCOLN PREPARATORY SCHOOL,LOUISIANA,220027502421,2200275,1-Yes,1-Yes,1-Yes,1-Yes
LIVE OAK HIGH SCHOOL,Louisiana,220102000767,2201020,1-Yes,1-Yes,1-Yes,1-Yes
LIVINGSTON COLLEGIATE ACADEMY,LOUISIANA,220027602433,2200276,1-Yes,1-Yes,1-Yes,1-Yes
LIVINGSTON PARISH LITERACY & TECHNOLOGY CENTER,Louisiana,220102001678,2201020,1-Yes,1-Yes,1-Yes,1-Yes
LIVONIA HIGH SCHOOL,Louisiana,220126001029,2201260,1-Yes,1-Yes,1-Yes,1-Yes
LOGANSPORT HIGH SCHOOL,Louisiana,220051000331,2200510,1-Yes,1-Yes,1-Yes,1-Yes
LORANGER HIGH SCHOOL,Louisiana,220168001312,2201680,1-Yes,1-Yes,1-Yes,1-Yes
LORD BEACONSFIELD LANDRY-OLIVER PERRY WALKER HIGH,LOUISIANA,220020700972,2200207,1-Yes,1-Yes,1-Yes,1-Yes
LOREAUVILLE HIGH SCHOOL,Louisiana,220072000523,2200720,1-Yes,1-Yes,1-Yes,1-Yes
LOUIS MILLER TERREBONNE CAREER AND TECHNICAL HS,Louisiana,220174001658,2201740,1-Yes,1-Yes,1-Yes,1-Yes
LOUISIANA SCHOOL FOR THE DEAF,Louisiana,220001801789,2200018,1-Yes,1-Yes,1-Yes,1-Yes
LOUISIANA SCHOOL FOR THE VISUALLY IMPAIRED,Louisiana,220001800193,2200018,1-Yes,1-Yes,1-Yes,1-Yes
LOUISIANA VIRTUAL CHARTER ACADEMY,LOUISIANA,220023302320,2200233,1-Yes,1-Yes,1-Yes,1-Yes
LSU LABORATORY SCHOOL,Louisiana,220002201922,2200022,1-Yes,1-Yes,1-Yes,1-Yes
LUSHER CHARTER SCHOOL,LOUISIANA,220029700926,2200297,1-Yes,1-Yes,1-Yes,1-Yes
LUTCHER HIGH SCHOOL,Louisiana,220150001163,2201500,1-Yes,1-Yes,1-Yes,1-Yes
MADISON HIGH SCHOOL,Louisiana,220105000780,2201050,1-Yes,1-Yes,1-Yes,1-Yes
MADISON PREPARATORY ACADEMY,Louisiana,220014802267,2200148,1-Yes,1-Yes,1-Yes,1-Yes
MAGNET ACADEMY FOR CULTURAL ARTS,Louisiana,220156001685,2201560,1-Yes,1-Yes,1-Yes,1-Yes
MAGNOLIA SCHOOL OF EXCELLENCE,Louisiana,220030002377,2200300,1-Yes,1-Yes,1-Yes,1-Yes
MAMOU HIGH SCHOOL,Louisiana,220063000475,2200630,1-Yes,1-Yes,1-Yes,1-Yes
MANDEVILLE HIGH SCHOOL,Louisiana,220165001285,2201650,1-Yes,1-Yes,1-Yes,1-Yes
MANGHAM HIGH SCHOOL,Louisiana,220135001100,2201350,1-Yes,1-Yes,1-Yes,1-Yes
MANSFIELD HIGH SCHOOL,Louisiana,220051000334,2200510,1-Yes,1-Yes,1-Yes,1-Yes
MANY HIGH SCHOOL,Louisiana,220138001112,2201380,1-Yes,1-Yes,1-Yes,1-Yes
MARKSVILLE HIGH SCHOOL,Louisiana,220015000073,2200150,1-Yes,1-Yes,1-Yes,1-Yes
MAUREPAS SCHOOL,Louisiana,220102000768,2201020,1-Yes,1-Yes,1-Yes,1-Yes
MCDONOGH #35 COLLEGE PREPARATORY SCHOOL,Louisiana,220117000939,2201170,1-Yes,1-Yes,1-Yes,1-Yes
MCKINLEY SENIOR HIGH SCHOOL,Louisiana,220054000397,2200540,1-Yes,1-Yes,1-Yes,1-Yes
MENTORSHIP STEAM ACADEMY,Louisiana,220054002311,2200540,1-Yes,1-Yes,1-Yes,1-Yes
MERRYVILLE HIGH SCHOOL,Louisiana,220018000086,2200180,1-Yes,1-Yes,1-Yes,1-Yes
MIDLAND HIGH SCHOOL,Louisiana,220003000016,2200030,1-Yes,1-Yes,1-Yes,1-Yes
MINDEN HIGH SCHOOL,Louisiana,220189001444,2201890,1-Yes,1-Yes,1-Yes,1-Yes
MONTEREY HIGH SCHOOL,Louisiana,220048000322,2200480,1-Yes,1-Yes,1-Yes,1-Yes
MONTGOMERY HIGH SCHOOL,Louisiana,220069000502,2200690,1-Yes,1-Yes,1-Yes,1-Yes
MORGAN CITY HIGH SCHOOL,Louisiana,220162001251,2201620,1-Yes,1-Yes,1-Yes,1-Yes
MT. HERMON SCHOOL,Louisiana,220186001425,2201860,1-Yes,1-Yes,1-Yes,1-Yes
N. P. MOSS PREPARATORY ACADEMY,Louisiana,220087001397,2200870,1-Yes,1-Yes,1-Yes,1-Yes
NATCHITOCHES CENTRAL HIGH SCHOOL,Louisiana,220114000834,2201140,1-Yes,1-Yes,1-Yes,1-Yes
NATCHITOCHES PARISH TECHNICAL AND CAREER CENTER,Louisiana,220114001404,2201140,1-Yes,1-Yes,1-Yes,1-Yes
NEGREET HIGH SCHOOL,Louisiana,220138001114,2201380,1-Yes,1-Yes,1-Yes,1-Yes
NEVILLE HIGH SCHOOL,Louisiana,220108000799,2201080,1-Yes,1-Yes,1-Yes,1-Yes
NEW HARMONY HIGH INSTITUTE,LOUISIANA,220030402457,2200304,1-Yes,1-Yes,1-Yes,1-Yes
NEW IBERIA SENIOR HIGH SCHOOL,Louisiana,220072000527,2200720,1-Yes,1-Yes,1-Yes,1-Yes
NEW ORLEANS ACCELERATED HIGH SCHOOL,LOUISIANA,220032402498,2200324,1-Yes,1-Yes,1-Yes,1-Yes
NEW ORLEANS CENTER FOR CREATIVE ARTS,Louisiana,220003601499,2200036,1-Yes,1-Yes,1-Yes,1-Yes
NEW ORLEANS CHARTER SCIENCE AND MATHEMATICS HS,LOUISIANA,220028100234,2200281,1-Yes,1-Yes,1-Yes,1-Yes
NEW ORLEANS MILITARY & MARITIME ACADEMY,Louisiana,220016002327,2200160,1-Yes,1-Yes,1-Yes,1-Yes
NORTH CADDO HIGH SCHOOL,Louisiana,220030000179,2200300,1-Yes,1-Yes,1-Yes,1-Yes
NORTH CENTRAL HIGH SCHOOL,Louisiana,220156001989,2201560,1-Yes,1-Yes,1-Yes,1-Yes
NORTH DESOTO HIGH SCHOOL,Louisiana,220051001579,2200510,1-Yes,1-Yes,1-Yes,1-Yes
NORTH VERMILION HIGH SCHOOL,Louisiana,220180001661,2201800,1-Yes,1-Yes,1-Yes,1-Yes
NORTH WEBSTER HIGH SCHOOL,Louisiana,220189001451,2201890,1-Yes,1-Yes,1-Yes,1-Yes
NORTHDALE SUPERINTENDENT'S ACADEMY,Louisiana,220054000404,2200540,1-Yes,1-Yes,1-Yes,1-Yes
NORTHEAST CLAIBORNE CHARTER,LOUISIANA,220025202397,2200252,1-Yes,1-Yes,1-Yes,1-Yes
NORTHEAST HIGH SCHOOL,Louisiana,220054000365,2200540,1-Yes,1-Yes,1-Yes,1-Yes
NORTHSHORE HIGH SCHOOL,Louisiana,220165001650,2201650,1-Yes,1-Yes,1-Yes,1-Yes
NORTHSIDE HIGH SCHOOL,Louisiana,220087000686,2200870,1-Yes,1-Yes,1-Yes,1-Yes
NORTHWEST HIGH SCHOOL,Louisiana,220156002006,2201560,1-Yes,1-Yes,1-Yes,1-Yes
NORTHWOOD HIGH SCHOOL,Louisiana,220030000182,2200300,1-Yes,1-Yes,1-Yes,1-Yes
NORTHWOOD HIGH SCHOOL,Louisiana,220129001943,2201290,1-Yes,1-Yes,1-Yes,1-Yes
O. COMEAUX HIGH SCHOOL,Louisiana,220087000669,2200870,1-Yes,1-Yes,1-Yes,1-Yes
OAK GROVE HIGH SCHOOL,Louisiana,220195001472,2201950,1-Yes,1-Yes,1-Yes,1-Yes
OAK HILL HIGH SCHOOL,Louisiana,220129001064,2201290,1-Yes,1-Yes,1-Yes,1-Yes
OAKDALE HIGH SCHOOL,Louisiana,220006000029,2200060,1-Yes,1-Yes,1-Yes,1-Yes
OBERLIN HIGH SCHOOL,Louisiana,220006000032,2200060,1-Yes,1-Yes,1-Yes,1-Yes
OPELOUSAS SENIOR HIGH SCHOOL,Louisiana,220156001204,2201560,1-Yes,1-Yes,1-Yes,1-Yes
OUACHITA PARISH HIGH SCHOOL,Louisiana,220120001001,2201200,1-Yes,1-Yes,1-Yes,1-Yes
PARKWAY HIGH SCHOOL,Louisiana,220027000130,2200270,1-Yes,1-Yes,1-Yes,1-Yes
PATHWAYS IN EDUCATION-LOUISIANA INC.,LOUISIANA,220030002382,2200300,1-Yes,1-Yes,1-Yes,1-Yes
PATRICK F. TAYLOR SCIENCE & TECHNOLOGY ACADEMY,Louisiana,220084001667,2200840,1-Yes,1-Yes,1-Yes,1-Yes
PATTERSON HIGH SCHOOL,Louisiana,220162001254,2201620,1-Yes,1-Yes,1-Yes,1-Yes
PEABODY MAGNET HIGH SCHOOL,Louisiana,220129001067,2201290,1-Yes,1-Yes,1-Yes,1-Yes
PEARL RIVER HIGH SCHOOL,Louisiana,220165001287,2201650,1-Yes,1-Yes,1-Yes,1-Yes
PHOENIX HIGH SCHOOL,Louisiana,220123001026,2201230,1-Yes,1-Yes,1-Yes,1-Yes
PICKERING HIGH SCHOOL,Louisiana,220183001664,2201830,1-Yes,1-Yes,1-Yes,1-Yes
PINE PRAIRIE HIGH SCHOOL,Louisiana,220063000478,2200630,1-Yes,1-Yes,1-Yes,1-Yes
PINE SCHOOL,Louisiana,220186001426,2201860,1-Yes,1-Yes,1-Yes,1-Yes
PINECREST SUPPORTS & SERVICES CENTER,Louisiana,228010001730,2280100,1-Yes,1-Yes,1-Yes,1-Yes
PINEHILL ALTERNATIVE HIGH SCHOOL,Louisiana,228010002355,2280100,1-Yes,1-Yes,1-Yes,1-Yes
PINEVILLE HIGH SCHOOL,Louisiana,220129001069,2201290,1-Yes,1-Yes,1-Yes,1-Yes
PITKIN HIGH SCHOOL,Louisiana,220183001413,2201830,1-Yes,1-Yes,1-Yes,1-Yes
PLAIN DEALING HIGH SCHOOL,Louisiana,220027000132,2200270,1-Yes,1-Yes,1-Yes,1-Yes
PLAINVIEW HIGH SCHOOL,Louisiana,220129001071,2201290,1-Yes,1-Yes,1-Yes,1-Yes
PLAQUEMINE SENIOR HIGH SCHOOL,Louisiana,220075000543,2200750,1-Yes,1-Yes,1-Yes,1-Yes
PLEASANT HILL HIGH SCHOOL,Louisiana,220138001116,2201380,1-Yes,1-Yes,1-Yes,1-Yes
PONCHATOULA HIGH SCHOOL,Louisiana,220168001319,2201680,1-Yes,1-Yes,1-Yes,1-Yes
PORT ALLEN HIGH SCHOOL,Louisiana,220192001464,2201920,1-Yes,1-Yes,1-Yes,1-Yes
PORT BARRE HIGH SCHOOL,Louisiana,220156001210,2201560,1-Yes,1-Yes,1-Yes,1-Yes
QUITMAN HIGH SCHOOL,Louisiana,220078000556,2200780,1-Yes,1-Yes,1-Yes,1-Yes
RAPIDES ALTERNATIVE POSITIVE PROGRAM FOR STUDENTS,Louisiana,220129002374,2201290,1-Yes,1-Yes,1-Yes,1-Yes
RAPIDES HIGH SCHOOL,Louisiana,220129001073,2201290,1-Yes,1-Yes,1-Yes,1-Yes
RAPIDES TRAINING ACADEMY,Louisiana,220129000115,2201290,1-Yes,1-Yes,1-Yes,1-Yes
RAYNE HIGH SCHOOL,Louisiana,220003000019,2200030,1-Yes,1-Yes,1-Yes,1-Yes
RAYVILLE HIGH SCHOOL,Louisiana,220135001102,2201350,1-Yes,1-Yes,1-Yes,1-Yes
RED RIVER HIGH SCHOOL,Louisiana,220132001090,2201320,1-Yes,1-Yes,1-Yes,1-Yes
REEVES HIGH SCHOOL,Louisiana,220006000033,2200060,1-Yes,1-Yes,1-Yes,1-Yes
RENAISSANCE HOME FOR YOUTH,Louisiana,228010002014,2280100,1-Yes,1-Yes,1-Yes,1-Yes
RICHWOOD HIGH SCHOOL,Louisiana,220120001525,2201200,1-Yes,1-Yes,1-Yes,1-Yes
RINGGOLD HIGH SCHOOL,Louisiana,220021000098,2200210,1-Yes,1-Yes,1-Yes,1-Yes
RIVERDALE HIGH SCHOOL,Louisiana,220084000642,2200840,1-Yes,1-Yes,1-Yes,1-Yes
RIVERSIDE ALTERNATIVE HIGH SCHOOL,Louisiana,220004701780,2200047,1-Yes,1-Yes,1-Yes,1-Yes
RIVERSIDE ALTERNATIVE HIGH SCHOOL,Louisiana,228010001614,2280100,1-Yes,1-Yes,1-Yes,1-Yes
ROOTED SCHOOL,LOUISIANA,220033102529,2200331,1-Yes,1-Yes,1-Yes,1-Yes
ROSENWALD COLLEGIATE ACADEMY,LOUISIANA,220030702461,2200307,1-Yes,1-Yes,1-Yes,1-Yes
ROSEPINE HIGH SCHOOL,Louisiana,220183001415,2201830,1-Yes,1-Yes,1-Yes,1-Yes
RUSTON HIGH SCHOOL,Louisiana,220099000752,2200990,1-Yes,1-Yes,1-Yes,1-Yes
SALINE HIGH SCHOOL,Louisiana,220021000099,2200210,1-Yes,1-Yes,1-Yes,1-Yes
SALMEN HIGH SCHOOL,Louisiana,220165001292,2201650,1-Yes,1-Yes,1-Yes,1-Yes
SAM HOUSTON HIGH SCHOOL,Louisiana,220033000237,2200330,1-Yes,1-Yes,1-Yes,1-Yes
SCHOOL FOR EXCEPTIONAL CHILDREN,Louisiana,220174001653,2201740,1-Yes,1-Yes,1-Yes,1-Yes
SCOTLANDVILLE MAGNET HIGH SCHOOL,Louisiana,220054000423,2200540,1-Yes,1-Yes,1-Yes,1-Yes
SHERROUSE SCHOOL,Louisiana,220108002019,2201080,1-Yes,1-Yes,1-Yes,1-Yes
SICILY ISLAND HIGH SCHOOL,Louisiana,220042000304,2200420,1-Yes,1-Yes,1-Yes,1-Yes
SIMPSON HIGH SCHOOL,Louisiana,220183001416,2201830,1-Yes,1-Yes,1-Yes,1-Yes
SIMSBORO HIGH SCHOOL,Louisiana,220099000753,2200990,1-Yes,1-Yes,1-Yes,1-Yes
SINGER HIGH SCHOOL,Louisiana,220018000088,2200180,1-Yes,1-Yes,1-Yes,1-Yes
SLAUGHTER COMMUNITY CHARTER SCHOOL,Louisiana,220060002321,2200600,1-Yes,1-Yes,1-Yes,1-Yes
SLIDELL HIGH SCHOOL,Louisiana,220165001294,2201650,1-Yes,1-Yes,1-Yes,1-Yes
SOPHIE B. WRIGHT INSTITUTE OF ACADEMIC EXCELLENCE,LOUISIANA,220018600981,2200186,1-Yes,1-Yes,1-Yes,1-Yes
SOUTH BEAUREGARD HIGH SCHOOL,Louisiana,220018000089,2200180,1-Yes,1-Yes,1-Yes,1-Yes
SOUTH CAMERON HIGH SCHOOL,Louisiana,220039000293,2200390,1-Yes,1-Yes,1-Yes,1-Yes
SOUTH LAFOURCHE HIGH SCHOOL,Louisiana,220090000721,2200900,1-Yes,1-Yes,1-Yes,1-Yes
SOUTH PLAQUEMINES HIGH SCHOOL,Louisiana,220123002028,2201230,1-Yes,1-Yes,1-Yes,1-Yes
SOUTH TERREBONNE HIGH SCHOOL,Louisiana,220174001367,2201740,1-Yes,1-Yes,1-Yes,1-Yes
SOUTHERN UNIVERSITY LAB SCHOOL,Louisiana,220002301921,2200023,1-Yes,1-Yes,1-Yes,1-Yes
SOUTHERN UNIVERSITY LABORATORY VIRTUAL SCHOOL,LOUISIANA,220002302402,2200023,1-Yes,1-Yes,1-Yes,1-Yes
SOUTHSIDE ALTERNATIVE HIGH SCHOOL,Louisiana,220004701781,2200047,1-Yes,1-Yes,1-Yes,1-Yes
SOUTHSIDE ALTERNATIVE HIGH SCHOOL,Louisiana,228010001619,2280100,1-Yes,1-Yes,1-Yes,1-Yes
SOUTHSIDE HIGH SCHOOL,LOUISIANA,220087002442,2200870,1-Yes,1-Yes,1-Yes,1-Yes
SOUTHWOOD HIGH SCHOOL,Louisiana,220030000197,2200300,1-Yes,1-Yes,1-Yes,1-Yes
SPRINGFIELD HIGH SCHOOL,Louisiana,220102000773,2201020,1-Yes,1-Yes,1-Yes,1-Yes
ST. AMANT HIGH SCHOOL,Louisiana,220009000046,2200090,1-Yes,1-Yes,1-Yes,1-Yes
ST. HELENA COLLEGE AND CAREER ACADEMY,Louisiana,220147001154,2201470,1-Yes,1-Yes,1-Yes,1-Yes
ST. JAMES HIGH SCHOOL,Louisiana,220150001167,2201500,1-Yes,1-Yes,1-Yes,1-Yes
ST. MARTINVILLE SENIOR HIGH SCHOOL,Louisiana,220159001229,2201590,1-Yes,1-Yes,1-Yes,1-Yes
STANLEY HIGH SCHOOL,Louisiana,220051000337,2200510,1-Yes,1-Yes,1-Yes,1-Yes
STARKS HIGH SCHOOL,Louisiana,220033000265,2200330,1-Yes,1-Yes,1-Yes,1-Yes
STERLINGTON HIGH SCHOOL,Louisiana,220120001013,2201200,1-Yes,1-Yes,1-Yes,1-Yes
SULPHUR HIGH SCHOOL,Louisiana,220033000266,2200330,1-Yes,1-Yes,1-Yes,1-Yes
SUMMERFIELD HIGH SCHOOL,Louisiana,220045000315,2200450,1-Yes,1-Yes,1-Yes,1-Yes
TARA HIGH SCHOOL,Louisiana,220054000434,2200540,1-Yes,1-Yes,1-Yes,1-Yes
TENSAS HIGH SCHOOL,Louisiana,220171001328,2201710,1-Yes,1-Yes,1-Yes,1-Yes
TERREBONNE HIGH SCHOOL,Louisiana,220174001368,2201740,1-Yes,1-Yes,1-Yes,1-Yes
THE NET 2 CHARTER HIGH SCHOOL,LOUISIANA,220029302439,2200293,1-Yes,1-Yes,1-Yes,1-Yes
THE NET CHARTER HIGH SCHOOL,LOUISIANA,220018802340,2200188,1-Yes,1-Yes,1-Yes,1-Yes
THIBODAUX HIGH SCHOOL,Louisiana,220090000725,2200900,1-Yes,1-Yes,1-Yes,1-Yes
THOMAS JEFFERSON HIGH SCHOOL FOR ADVANCED STUDIES,Louisiana,220084001964,2200840,1-Yes,1-Yes,1-Yes,1-Yes
THRIVE ACADEMY,LOUISIANA,220029002335,2200290,1-Yes,1-Yes,1-Yes,1-Yes
TIOGA HIGH SCHOOL,Louisiana,220129001084,2201290,1-Yes,1-Yes,1-Yes,1-Yes
UNION PARISH ALTERNATIVE CENTER,Louisiana,220177002358,2201770,1-Yes,1-Yes,1-Yes,1-Yes
UNION PARISH HIGH SCHOOL,Louisiana,220177001376,2201770,1-Yes,1-Yes,1-Yes,1-Yes
UNIVERSITY VIEW ACADEMY INC. (FRM LA CONNECTIONS),Louisiana,220015702322,2200157,1-Yes,1-Yes,1-Yes,1-Yes
VARNADO HIGH SCHOOL,Louisiana,220186001429,2201860,1-Yes,1-Yes,1-Yes,1-Yes
VIDALIA HIGH SCHOOL,Louisiana,220048000324,2200480,1-Yes,1-Yes,1-Yes,1-Yes
VILLE PLATTE HIGH SCHOOL,Louisiana,220063000482,2200630,1-Yes,1-Yes,1-Yes,1-Yes
VINTON HIGH SCHOOL,Louisiana,220033000270,2200330,1-Yes,1-Yes,1-Yes,1-Yes
VIRTUAL ACADEMY OF LAFOURCHE,Louisiana,220090002339,2200900,1-Yes,1-Yes,1-Yes,1-Yes
W. D. & MARY BAKER SMITH CAREER CENTER,Louisiana,220087000374,2200870,1-Yes,1-Yes,1-Yes,1-Yes
WALKER HIGH SCHOOL,Louisiana,220102000774,2201020,1-Yes,1-Yes,1-Yes,1-Yes
WALTER L. COHEN COLLEGE PREP,LOUISIANA,220023802341,2200238,1-Yes,1-Yes,1-Yes,1-Yes
WARE YOUTH CENTER,Louisiana,220132000784,2201320,1-Yes,1-Yes,1-Yes,1-Yes
WARREN EASTON CHARTER HIGH SCHOOL,LOUISIANA,220031602481,2200316,1-Yes,1-Yes,1-Yes,1-Yes
WASHINGTON CAREER & TECHNICAL EDUCATION CENTER,Louisiana,220156001642,2201560,1-Yes,1-Yes,1-Yes,1-Yes
WASHINGTON/MARION MAGNET HIGH SCHOOL,Louisiana,220033000272,2200330,1-Yes,1-Yes,1-Yes,1-Yes
WELSH HIGH SCHOOL,Louisiana,220081000574,2200810,1-Yes,1-Yes,1-Yes,1-Yes
WEST FELICIANA HIGH SCHOOL,Louisiana,220198001476,2201980,1-Yes,1-Yes,1-Yes,1-Yes
WEST JEFFERSON HIGH SCHOOL,Louisiana,220084000654,2200840,1-Yes,1-Yes,1-Yes,1-Yes
WEST MONROE HIGH SCHOOL,Louisiana,220120001017,2201200,1-Yes,1-Yes,1-Yes,1-Yes
WEST OUACHITA HIGH SCHOOL,Louisiana,220120001939,2201200,1-Yes,1-Yes,1-Yes,1-Yes
WEST ST. JOHN HIGH SCHOOL,Louisiana,220153001500,2201530,1-Yes,1-Yes,1-Yes,1-Yes
WEST ST. MARY HIGH SCHOOL,Louisiana,220162001253,2201620,1-Yes,1-Yes,1-Yes,1-Yes
WESTGATE HIGH SCHOOL,Louisiana,220072000525,2200720,1-Yes,1-Yes,1-Yes,1-Yes
WESTLAKE HIGH SCHOOL,Louisiana,220033000278,2200330,1-Yes,1-Yes,1-Yes,1-Yes
WESTON HIGH SCHOOL,Louisiana,220078000560,2200780,1-Yes,1-Yes,1-Yes,1-Yes
WHITE CASTLE HIGH SCHOOL,Louisiana,220075000550,2200750,1-Yes,1-Yes,1-Yes,1-Yes
WILLIAMS SCHOLAR ACADEMY,LOUISIANA,220032502524,2200325,1-Yes,1-Yes,1-Yes,1-Yes
WINNFIELD HIGH SCHOOL,Louisiana,220201001487,2202010,1-Yes,1-Yes,1-Yes,1-Yes
WOODLAWN HIGH SCHOOL,Louisiana,220054000447,2200540,1-Yes,1-Yes,1-Yes,1-Yes
WOODLAWN LEADERSHIP ACADEMY,Louisiana,220030000212,2200300,1-Yes,1-Yes,1-Yes,1-Yes
WOSSMAN HIGH SCHOOL,Louisiana,220108000803,2201080,1-Yes,1-Yes,1-Yes,1-Yes
YOUNG AUDIENCES CHARTER HIGH SCHOOL,LOUISIANA,220084002478,2200840,1-Yes,1-Yes,1-Yes,1-Yes
YOUTH STUDY CENTER,Louisiana,220117001522,2201170,1-Yes,1-Yes,1-Yes,1-Yes
ZACHARY HIGH SCHOOL,Louisiana,220003900450,2200039,1-Yes,1-Yes,1-Yes,1-Yes
ZWOLLE HIGH SCHOOL,Louisiana,220138001118,2201380,1-Yes,1-Yes,1-Yes,1-Yes