﻿STNAM,FIPST,LEAID,ST_LEAID,LEANM,NCESSCH,ST_SCHID,SCHNAM,ALL_COHORT_1617,ALL_RATE_1617,MAM_COHORT_1617,MAM_RATE_1617,MAS_COHORT_1617,MAS_RATE_1617,MBL_COHORT_1617,MBL_RATE_1617,MHI_COHORT_1617,MHI_RATE_1617,MTR_COHORT_1617,MTR_RATE_1617,MWH_COHORT_1617,MWH_RATE_1617,CWD_COHORT_1617,CWD_RATE_1617,ECD_COHORT_1617,ECD_RATE_1617,LEP_COHORT_1617,LEP_RATE_1617,DATE_CUR
LOUISIANA,22,2200017,LA-302,Louisiana School for Math Science & the Arts,220001701975,LA-302-302006,Louisiana School for Math Science & the Arts,91,GE95,3,PS,12,GE50,5,PS,6,GE50,,,65,GE95,,,23,GE80,,,17AUG18
LOUISIANA,22,2200018,LA-304,LA Schools for the Deaf and Visually Impaired,220001800193,LA-304-304002,Louisiana School for the Visually Impaired,2,PS,,,,,1,PS,,,,,1,PS,2,PS,2,PS,,,17AUG18
LOUISIANA,22,2200018,LA-304,LA Schools for the Deaf and Visually Impaired,220001801789,LA-304-304001,Louisiana School for the Deaf,10,GE50,,,,,6,LT50,1,PS,1,PS,2,PS,10,GE50,9,GE50,,,17AUG18
LOUISIANA,22,2200020,LA-306,Louisiana Special Education Center,220002000267,LA-306-306001,Louisiana Special Education Center,1,PS,,,,,,,,,,,1,PS,,,,,,,17AUG18
LOUISIANA,22,2200022,LA-318,LSU Laboratory School,220002201922,LA-318-318001,LSU Laboratory School,113,GE95,,,4,PS,14,GE50,2,PS,,,93,GE95,,,7,GE50,,,17AUG18
LOUISIANA,22,2200023,LA-319,Southern University Lab School,220002301921,LA-319-319001,Southern University Lab School,48,70-79,,,,,48,70-79,,,,,,,,,41,80-89,,,17AUG18
LOUISIANA,22,2200023,LA-319,Southern University Lab School,220002302402,LA-319-319002,Southern University Laboratory Virtual School,45,19-Nov,,,,,12,LT50,,,,,33,19-Nov,,,29,LE20,,,17AUG18
LOUISIANA,22,2200030,LA-001,Acadia Parish,220003000004,LA-001-001005,Church Point High School,114,90-94,,,,,37,60-69,2,PS,3,PS,72,GE95,8,GE50,80,85-89,,,17AUG18
LOUISIANA,22,2200030,LA-001,Acadia Parish,220003000006,LA-001-001007,Crowley High School,126,85-89,,,,,52,80-89,2,PS,1,PS,71,90-94,7,LT50,94,85-89,,,17AUG18
LOUISIANA,22,2200030,LA-001,Acadia Parish,220003000014,LA-001-001034,Iota High School,113,GE95,,,,,4,PS,,,1,PS,108,GE95,4,PS,55,GE90,,,17AUG18
LOUISIANA,22,2200030,LA-001,Acadia Parish,220003000016,LA-001-001017,Midland High School,43,GE90,,,,,1,PS,,,,,42,GE90,1,PS,28,GE80,,,17AUG18
LOUISIANA,22,2200030,LA-001,Acadia Parish,220003000019,LA-001-001021,Rayne High School,142,90-94,,,,,41,80-89,,,2,PS,99,90-94,8,LT50,97,85-89,,,17AUG18
LOUISIANA,22,2200035,LA-333,Avoyelles Public Charter School,220003501494,LA-333-333001,Avoyelles Public Charter School,53,GE90,1,PS,,,13,GE50,2,PS,,,37,GE90,1,PS,12,GE50,,,17AUG18
LOUISIANA,22,2200036,LA-334,New Orleans Center for Creative Arts,220003601499,LA-334-334001,New Orleans Center for Creative Arts,51,GE90,,,3,PS,14,GE50,3,PS,4,PS,27,GE80,,,17,GE80,,,17AUG18
LOUISIANA,22,2200038,LA-336,Delhi Charter School,220003801539,LA-336-336001,Delhi Charter School,48,80-89,,,,,16,GE80,2,PS,,,30,GE80,2,PS,31,70-79,,,17AUG18
LOUISIANA,22,2200039,LA-067,Zachary Community School District,220003900450,LA-067-067004,Zachary High School,360,91,,,3,PS,164,90-94,2,PS,2,PS,189,90-94,22,40-59,164,85-89,1,PS,17AUG18
LOUISIANA,22,2200040,LA-068,City of Baker School District,220004000344,LA-068-068002,Baker High School,107,60-64,,,1,PS,100,60-64,1,PS,,,5,PS,9,LT50,87,60-64,,,17AUG18
LOUISIANA,22,2200042,LA-339,Innovations in Milestones Inc.,220004201634,LA-339-339001,Milestone Academy,1,PS,,,,,1,PS,,,,,,,,,1,PS,,,17AUG18
LOUISIANA,22,2200047,LA-A02,Office of Juvenile Justice,220004701780,LA-A02-A02002,Riverside Alternative High School,41,LE10,,,,,32,LE10,1,PS,,,8,LT50,13,LT50,38,LE10,,,17AUG18
LOUISIANA,22,2200047,LA-A02,Office of Juvenile Justice,220004701781,LA-A02-A02003,Southside Alternative High School,79,LE5,,,,,68,LE5,2,PS,1,PS,8,LT50,23,LE20,69,LE5,,,17AUG18
LOUISIANA,22,2200055,LA-323,Grambling State Lab Schools,220005500741,LA-323-323002,Grambling State University Lab High School,6,LT50,,,1,PS,,,1,PS,,,4,PS,,,4,PS,1,PS,17AUG18
LOUISIANA,22,2200060,LA-002,Allen Parish,220006000024,LA-002-002001,Elizabeth High School,24,GE80,1,PS,,,,,,,,,23,GE80,1,PS,12,GE50,,,17AUG18
LOUISIANA,22,2200060,LA-002,Allen Parish,220006000025,LA-002-002002,Fairview High School,25,GE80,1,PS,,,,,,,,,24,GE80,1,PS,13,GE50,,,17AUG18
LOUISIANA,22,2200060,LA-002,Allen Parish,220006000027,LA-002-002004,Kinder High School,91,GE95,5,PS,2,PS,8,GE50,4,PS,2,PS,70,90-94,5,PS,43,80-89,,,17AUG18
LOUISIANA,22,2200060,LA-002,Allen Parish,220006000029,LA-002-002006,Oakdale High School,60,GE90,,,,,18,GE80,,,,,42,GE90,3,PS,42,GE90,,,17AUG18
LOUISIANA,22,2200060,LA-002,Allen Parish,220006000032,LA-002-002009,Oberlin High School,41,80-89,1,PS,,,13,GE50,2,PS,,,25,GE80,6,GE50,28,60-79,,,17AUG18
LOUISIANA,22,2200060,LA-002,Allen Parish,220006000033,LA-002-002010,Reeves High School,17,GE80,1,PS,,,,,1,PS,1,PS,14,GE50,,,13,GE50,,,17AUG18
LOUISIANA,22,2200090,LA-003,Ascension Parish,220009000036,LA-003-003003,Donaldsonville High School,127,85-89,,,,,122,85-89,,,,,5,PS,15,GE50,111,85-89,,,17AUG18
LOUISIANA,22,2200090,LA-003,Ascension Parish,220009000038,LA-003-003005,East Ascension High School,474,84,3,PS,5,PS,194,85-89,73,80-84,2,PS,197,85-89,39,50-59,299,75-79,16,40-59,17AUG18
LOUISIANA,22,2200090,LA-003,Ascension Parish,220009000046,LA-003-003014,St. Amant High School,483,93,,,1,PS,67,GE95,19,GE80,3,PS,393,92,36,GE90,263,90-94,2,PS,17AUG18
LOUISIANA,22,2200090,LA-003,Ascension Parish,220009001541,LA-003-003016,Dutchtown High School,493,89,2,PS,13,GE50,103,80-84,16,GE80,5,PS,354,91,24,60-79,156,75-79,2,PS,17AUG18
LOUISIANA,22,2200120,LA-004,Assumption Parish,220012000048,LA-004-004001,Assumption High School,242,90,,,2,PS,84,85-89,6,GE50,2,PS,148,90-94,21,60-79,142,85-89,3,PS,17AUG18
LOUISIANA,22,2200125,LA-069,Central Community School District,220012500363,LA-069-069004,Central High School,342,88,1,PS,3,PS,65,90-94,10,GE50,1,PS,262,85-89,20,60-79,207,85-89,3,PS,17AUG18
LOUISIANA,22,2200146,LA-341,D'Arbonne Woods Charter School,220014602282,LA-341-341001,D'Arbonne Woods Charter School,45,GE90,,,1,PS,2,PS,1,PS,,,41,GE90,1,PS,18,GE80,,,17AUG18
LOUISIANA,22,2200148,LA-343,"Community School for Apprenticeship Learning, Inc.",220014802267,LA-343-343001,Madison Preparatory Academy,90,90-94,,,,,90,90-94,,,,,,,4,PS,86,GE95,,,17AUG18
LOUISIANA,22,2200150,LA-005,Avoyelles Parish,220015000063,LA-005-005004,Bunkie Magnet High School,76,65-69,,,1,PS,39,50-59,2,PS,2,PS,32,70-79,8,LT50,55,60-69,,,17AUG18
LOUISIANA,22,2200150,LA-005,Avoyelles Parish,220015000073,LA-005-005016,Marksville High School,126,75-79,6,GE50,6,GE50,63,75-79,,,1,PS,50,70-79,5,PS,98,75-79,2,PS,17AUG18
LOUISIANA,22,2200150,LA-005,Avoyelles Parish,220015000075,LA-005-005018,Avoyelles High School,99,80-84,3,PS,,,42,70-79,1,PS,1,PS,52,80-89,8,LT50,68,75-79,1,PS,17AUG18
LOUISIANA,22,2200150,LA-005,Avoyelles Parish,220015001378,LA-005-005025,LA School for Ag Science,55,GE90,,,,,17,GE80,,,,,38,GE90,2,PS,37,GE90,,,17AUG18
LOUISIANA,22,2200151,LA-307,Howard School,220015101195,LA-307-307001,Howard School,28,LE20,,,,,19,LE20,1,PS,,,8,LT50,10,LT50,25,LE20,,,17AUG18
LOUISIANA,22,2200156,LA-344,Voices for International Business & Education,220015602270,LA-344-344001,International High School of New Orleans,124,70-74,,,11,GE50,76,80-84,25,60-79,2,PS,10,GE50,2,PS,94,75-79,8,LT50,17AUG18
LOUISIANA,22,2200157,LA-345,"University View Academy, Inc. (FRM LA Connections)",220015702322,LA-345-345001,"University View Academy, Inc. (FRM LA Connections)",283,43,3,PS,1,PS,33,40-49,10,LT50,15,LT50,221,40-44,21,40-59,140,35-39,,,17AUG18
LOUISIANA,22,2200160,LA-348,New Orleans Military & Maritime Academy,220016002327,LA-348-348001,New Orleans Military & Maritime Academy,142,85-89,,,3,PS,81,85-89,12,GE50,8,GE50,38,GE90,6,GE50,90,85-89,,,17AUG18
LOUISIANA,22,2200180,LA-006,Beauregard Parish,220018000081,LA-006-006002,DeRidder High School,172,GE95,1,PS,5,PS,43,GE90,10,GE50,10,GE50,103,90-94,19,GE80,70,90-94,1,PS,17AUG18
LOUISIANA,22,2200180,LA-006,Beauregard Parish,220018000083,LA-006-006004,East Beauregard High School,52,GE90,,,,,,,,,4,PS,48,GE90,10,GE50,23,GE80,,,17AUG18
LOUISIANA,22,2200180,LA-006,Beauregard Parish,220018000086,LA-006-006008,Merryville High School,30,GE80,,,2,PS,6,GE50,2,PS,,,20,GE80,4,PS,16,GE80,,,17AUG18
LOUISIANA,22,2200180,LA-006,Beauregard Parish,220018000088,LA-006-006010,Singer High School,19,GE80,,,,,,,1,PS,,,18,GE80,4,PS,16,GE80,,,17AUG18
LOUISIANA,22,2200180,LA-006,Beauregard Parish,220018000089,LA-006-006011,South Beauregard High School,114,GE95,,,,,2,PS,3,PS,2,PS,107,GE95,17,GE80,44,GE90,,,17AUG18
LOUISIANA,22,2200186,LA-W71,RSD-Institute for Academic Excellence,220018600981,LA-W71-W71001,Sophie B. Wright Institute of Academic Excellence,71,75-79,,,,,65,80-84,4,PS,1,PS,1,PS,6,GE50,51,GE90,,,17AUG18
LOUISIANA,22,2200188,LA-WAH,RSD-Educators for Quality Alternatives,220018802340,LA-WAH-WAH001,The NET Charter High School,82,25-29,,,,,68,25-29,10,LT50,,,4,PS,11,LT50,81,25-29,8,LT50,17AUG18
LOUISIANA,22,2200197,LA-W84,KIPP Renaissance High School,220019700953,LA-W84-W84001,KIPP Renaissance High School,98,90-94,,,1,PS,94,85-89,3,PS,,,,,21,GE80,94,90-94,3,PS,17AUG18
LOUISIANA,22,2200198,LA-W4B,Lake Charles College Prep,220019802388,LA-W4B-W4B001,Lake Charles College Prep,3,PS,,,,,3,PS,,,,,,,,,3,PS,,,17AUG18
LOUISIANA,22,2200205,LA-W6A,"Northshore Charter School, Inc.",220020502371,LA-W6A-W6A001,Northshore Charter School,37,50-59,,,,,19,40-59,,,,,18,40-59,14,LT50,32,50-59,,,17AUG18
LOUISIANA,22,2200207,LA-W62,Lord Beaconsfield Landry-Oliver Perry Walker High,220020700972,LA-W62-W62001,Lord Beaconsfield Landry-Oliver Perry Walker High,312,59,,,2,PS,307,59,2,PS,1,PS,,,24,40-59,278,60-64,6,GE50,17AUG18
LOUISIANA,22,2200210,LA-007,Bienville Parish,220021000090,LA-007-007001,Arcadia High School,36,GE90,,,,,32,GE90,,,,,4,PS,1,PS,31,GE90,,,17AUG18
LOUISIANA,22,2200210,LA-007,Bienville Parish,220021000092,LA-007-007003,Castor High School,35,80-89,,,1,PS,3,PS,,,1,PS,30,GE80,1,PS,21,60-79,,,17AUG18
LOUISIANA,22,2200210,LA-007,Bienville Parish,220021000095,LA-007-007006,Gibsland-Coleman High School,14,GE50,,,,,13,GE50,1,PS,,,,,,,12,GE50,,,17AUG18
LOUISIANA,22,2200210,LA-007,Bienville Parish,220021000098,LA-007-007008,Ringgold High School,31,GE90,,,,,18,GE80,,,2,PS,11,GE50,4,PS,25,GE80,,,17AUG18
LOUISIANA,22,2200210,LA-007,Bienville Parish,220021000099,LA-007-007009,Saline High School,18,GE80,,,,,6,GE50,,,,,12,GE50,3,PS,11,GE50,,,17AUG18
LOUISIANA,22,2200214,LA-WAI,RSD-Crescent Leadership Academy,220021402020,LA-WAI-WAI001,Crescent Leadership Academy,29,21-39,,,2,PS,26,21-39,,,,,1,PS,3,PS,12,GE50,,,17AUG18
LOUISIANA,22,2200217,LA-W31,Dr. Martin Luther King Charter School for Sci/Tech,220021700414,LA-W31-W31001,Dr. Martin Luther King Charter School for Sci/Tech,51,GE90,,,,,50,GE90,1,PS,,,,,6,GE50,44,GE90,,,17AUG18
LOUISIANA,22,2200218,LA-WJ3,RSD-Collegiate Academies,220021802337,LA-WJ3-WJ3001,G. W. Carver Preparatory Academy,34,LE10,,,,,24,LE20,10,LT50,,,,,4,PS,28,LE20,11,LT50,17AUG18
LOUISIANA,22,2200221,LA-WZ5,ReNew Accelerated High School,220022102323,LA-WZ5-WZ5001,ReNew Accelerated High School,121,15-19,1,PS,,,115,15-19,3,PS,1,PS,1,PS,13,LT50,101,15-19,6,LT50,17AUG18
LOUISIANA,22,2200229,LA-W93,Joseph S. Clark Preparatory High School,220022900865,LA-W93-W93001,Joseph S. Clark Preparatory High School,89,55-59,,,,,81,60-64,8,LT50,,,,,18,40-59,87,55-59,7,LT50,17AUG18
LOUISIANA,22,2200232,LA-W9A,Vision Academy,220023202389,LA-W9A-W9A001,Vision Academy,49,20-29,,,,,47,30-39,1,PS,,,1,PS,5,PS,31,30-39,,,17AUG18
LOUISIANA,22,2200233,LA-WAG,Louisiana Virtual Charter Academy,220023302320,LA-WAG-WAG001,Louisiana Virtual Charter Academy,113,50-54,2,PS,,,21,40-59,2,PS,4,PS,84,50-54,7,LT50,64,40-44,,,17AUG18
LOUISIANA,22,2200237,LA-WJ1,RSD-Collegiate Academies,220023702068,LA-WJ1-WJ1001,Sci Academy,110,80-84,,,9,GE50,99,80-84,2,PS,,,,,10,LT50,102,80-84,10,GE50,17AUG18
LOUISIANA,22,2200238,LA-WE2,RSD-New Orleans College Preparatory Academies,220023802341,LA-WE2-WE2001,Walter L. Cohen College Prep,84,60-64,,,,,76,60-64,6,LT50,,,2,PS,11,LT50,69,65-69,3,PS,17AUG18
LOUISIANA,22,2200240,LA-066,City of Bogalusa School District,220024000103,LA-066-066002,Bogalusa High School,97,80-84,,,,,74,85-89,,,,,23,60-79,14,GE50,87,85-89,,,17AUG18
LOUISIANA,22,2200241,LA-W1A,JCFA-East,220024102370,LA-W1A-W1A001,JCFA-East,34,19-Nov,,,2,PS,6,LT50,7,LT50,4,PS,15,LT50,5,PS,25,LE20,2,PS,17AUG18
LOUISIANA,22,2200247,LA-W4A,Delta Charter Group,220024702354,LA-W4A-W4A001,Delta Charter School MST,34,GE90,,,,,11,GE50,1,PS,1,PS,21,GE80,1,PS,20,GE80,1,PS,17AUG18
LOUISIANA,22,2200252,LA-W5B,Northeast Claiborne Charter,220025202397,LA-W5B-W5B001,Northeast Claiborne Charter,10,GE50,,,,,5,PS,,,,,5,PS,1,PS,6,GE50,,,17AUG18
LOUISIANA,22,2200257,LA-W9B,"RSD-Friendship Louisiana, Inc.",220025702400,LA-W9B-W9B001,Capitol High School,75,55-59,,,,,74,55-59,1,PS,,,,,12,GE50,66,60-64,,,17AUG18
LOUISIANA,22,2200261,LA-W13,RSD-New Beginnings Schools Foundation,220026102277,LA-W13-W13001,Lake Area New Tech Early College High School,178,75-79,,,,,177,75-79,,,,,1,PS,25,60-79,155,80-84,,,17AUG18
LOUISIANA,22,2200264,LA-W67,Algiers Technology Academy,220026402057,LA-W67-W67001,Algiers Technology Academy,61,35-39,,,,,59,30-39,1,PS,,,1,PS,5,PS,52,40-49,1,PS,17AUG18
LOUISIANA,22,2200265,LA-WJ2,RSD-Collegiate Academies,220026502334,LA-WJ2-WJ2001,G. W. Carver Collegiate Academy,143,70-74,,,5,PS,122,70-74,16,40-59,,,,,22,60-79,127,70-74,18,40-59,17AUG18
LOUISIANA,22,2200270,LA-008,Bossier Parish,220027000112,LA-008-008001,Airline High School,418,87,2,PS,16,GE80,130,75-79,21,GE80,12,GE50,237,90-94,23,40-59,169,75-79,4,PS,17AUG18
LOUISIANA,22,2200270,LA-008,Bossier Parish,220027000117,LA-008-008006,Benton High School,224,90,1,PS,5,PS,29,GE80,5,PS,4,PS,180,85-89,12,GE50,60,70-79,,,17AUG18
LOUISIANA,22,2200270,LA-008,Bossier Parish,220027000120,LA-008-008009,Bossier High School,167,65-69,,,,,102,65-69,25,GE80,5,PS,35,40-49,15,LT50,132,65-69,9,GE50,17AUG18
LOUISIANA,22,2200270,LA-008,Bossier Parish,220027000127,LA-008-008017,Haughton High School,282,84,2,PS,2,PS,39,70-79,18,GE80,10,GE50,211,85-89,28,60-79,119,75-79,6,GE50,17AUG18
LOUISIANA,22,2200270,LA-008,Bossier Parish,220027000130,LA-008-008020,Parkway High School,284,88,6,GE50,12,GE50,57,80-89,19,GE80,2,PS,188,90-94,24,GE80,86,70-74,3,PS,17AUG18
LOUISIANA,22,2200270,LA-008,Bossier Parish,220027000132,LA-008-008022,Plain Dealing High School,30,60-79,,,1,PS,16,GE80,,,,,13,GE50,4,PS,22,40-59,1,PS,17AUG18
LOUISIANA,22,2200270,LA-008,Bossier Parish,220027000218,LA-008-008036,Johnny Gray Jones Youth Shelter & Detention Center,4,PS,,,,,1,PS,1,PS,,,2,PS,1,PS,3,PS,,,17AUG18
LOUISIANA,22,2200300,LA-009,Caddo Parish,220030000147,LA-009-009008,C.E. Byrd High School,531,91,1,PS,5,PS,220,85-89,26,GE80,13,GE50,266,90-94,16,40-59,217,80-84,7,LT50,17AUG18
LOUISIANA,22,2200300,LA-009,Caddo Parish,220030000151,LA-009-009013,Captain Shreve High School,289,92,,,6,GE50,136,90-94,8,GE50,8,GE50,131,90-94,10,GE50,131,90-94,2,PS,17AUG18
LOUISIANA,22,2200300,LA-009,Caddo Parish,220030000161,LA-009-009022,Fair Park High School,162,65-69,,,,,158,65-69,,,,,4,PS,17,21-39,152,65-69,,,17AUG18
LOUISIANA,22,2200300,LA-009,Caddo Parish,220030000163,LA-009-009025,Green Oaks Performing Arts Academy,76,85-89,,,,,75,85-89,,,1,PS,,,7,GE50,72,85-89,,,17AUG18
LOUISIANA,22,2200300,LA-009,Caddo Parish,220030000169,LA-009-009031,Huntington High School,165,75-79,,,,,135,80-84,5,PS,1,PS,24,40-59,16,40-59,139,70-74,2,PS,17AUG18
LOUISIANA,22,2200300,LA-009,Caddo Parish,220030000179,LA-009-009042,North Caddo High School,91,85-89,,,1,PS,40,GE90,4,PS,1,PS,45,80-89,15,GE50,65,80-84,,,17AUG18
LOUISIANA,22,2200300,LA-009,Caddo Parish,220030000182,LA-009-009045,Northwood High School,201,86,,,,,63,80-84,6,GE50,3,PS,129,85-89,13,GE50,116,80-84,,,17AUG18
LOUISIANA,22,2200300,LA-009,Caddo Parish,220030000197,LA-009-009059,Southwood High School,330,82,1,PS,1,PS,235,85-89,2,PS,6,GE50,85,65-69,26,60-79,236,75-79,1,PS,17AUG18
LOUISIANA,22,2200300,LA-009,Caddo Parish,220030000208,LA-009-009069,Booker T. Washington New Technology High School,139,80-84,,,,,138,80-84,,,1,PS,,,17,60-79,125,80-84,,,17AUG18
LOUISIANA,22,2200300,LA-009,Caddo Parish,220030000212,LA-009-009073,Woodlawn Leadership Academy,158,65-69,,,,,152,65-69,5,PS,,,1,PS,13,GE50,146,65-69,3,PS,17AUG18
LOUISIANA,22,2200300,LA-009,Caddo Parish,220030001513,LA-009-009093,Shreveport Job Corps Opportunity Center,137,LE5,,,,,122,LE5,,,,,15,LT50,11,LT50,102,LE5,,,17AUG18
LOUISIANA,22,2200300,LA-009,Caddo Parish,220030001551,LA-009-009012,Caddo Parish Magnet High School,256,GE99,2,PS,19,GE80,55,GE90,15,GE50,12,GE50,153,GE95,3,PS,58,GE90,,,17AUG18
LOUISIANA,22,2200300,LA-009,Caddo Parish,220030001698,LA-009-009096,Alexander Learning Center,22,LE20,,,,,17,LE20,,,,,5,PS,8,LT50,16,LE20,,,17AUG18
LOUISIANA,22,2200300,LA-009,Caddo Parish,220030002333,LA-009-009105,Community Ombudsman,20,LE20,,,1,PS,13,LT50,,,2,PS,4,PS,1,PS,17,LE20,,,17AUG18
LOUISIANA,22,2200300,LA-009,Caddo Parish,220030002343,LA-009-009104,Academic Recovery Ombudsman,7,LT50,,,,,7,LT50,,,,,,,1,PS,6,LT50,,,17AUG18
LOUISIANA,22,2200300,LA-009,Caddo Parish,220030002382,LA-009-009108,Pathways in Education-Louisiana Inc.,114,14-Oct,1,PS,,,68,LE5,4,PS,1,PS,40,19-Nov,9,LT50,86,9-Jun,1,PS,17AUG18
LOUISIANA,22,2200300,LA-009,Caddo Parish,220030002413,LA-009-009109,Pathways in Education - North market,44,LE10,1,PS,,,25,LE20,1,PS,,,17,LE20,1,PS,36,LE10,,,17AUG18
LOUISIANA,22,2200300,LA-009,Caddo Parish,220030002426,LA-009-009110,Caddo Virtual Academy,6,GE50,,,,,1,PS,,,,,5,PS,,,3,PS,,,17AUG18
LOUISIANA,22,2200330,LA-010,Calcasieu Parish,220033000216,LA-010-010003,Alfred M. Barbe High School,467,84,,,22,GE80,155,75-79,11,GE50,3,PS,276,85-89,42,50-59,205,70-74,6,GE50,17AUG18
LOUISIANA,22,2200330,LA-010,Calcasieu Parish,220033000217,LA-010-010004,Bell City High School,41,GE90,,,,,3,PS,4,PS,,,34,GE90,4,PS,19,GE80,1,PS,17AUG18
LOUISIANA,22,2200330,LA-010,Calcasieu Parish,220033000227,LA-010-010014,DeQuincy High School,73,90-94,,,,,16,GE80,,,,,57,GE90,11,GE50,35,80-89,,,17AUG18
LOUISIANA,22,2200330,LA-010,Calcasieu Parish,220033000237,LA-010-010025,Sam Houston High School,261,89,1,PS,3,PS,29,GE80,8,GE50,,,220,85-89,21,60-79,86,80-84,1,PS,17AUG18
LOUISIANA,22,2200330,LA-010,Calcasieu Parish,220033000238,LA-010-010026,Iowa High School,111,90-94,,,2,PS,41,GE90,5,PS,,,63,90-94,13,GE50,69,85-89,2,PS,17AUG18
LOUISIANA,22,2200330,LA-010,Calcasieu Parish,220033000244,LA-010-010033,LaGrange High School,255,74,,,1,PS,225,75-79,2,PS,,,27,60-79,47,40-49,208,70-74,1,PS,17AUG18
LOUISIANA,22,2200330,LA-010,Calcasieu Parish,220033000265,LA-010-010051,Starks High School,19,GE80,,,,,,,,,,,19,GE80,2,PS,12,GE50,,,17AUG18
LOUISIANA,22,2200330,LA-010,Calcasieu Parish,220033000266,LA-010-010052,Sulphur High School,503,89,1,PS,4,PS,47,80-89,13,GE50,9,GE50,429,90,58,60-69,220,80-84,1,PS,17AUG18
LOUISIANA,22,2200330,LA-010,Calcasieu Parish,220033000270,LA-010-010056,Vinton High School,58,GE90,,,1,PS,10,GE50,1,PS,,,46,GE90,7,GE50,34,80-89,,,17AUG18
LOUISIANA,22,2200330,LA-010,Calcasieu Parish,220033000272,LA-010-010058,Washington/Marion Magnet High School,151,60-64,,,,,147,60-64,,,,,4,PS,29,40-59,126,55-59,,,17AUG18
LOUISIANA,22,2200330,LA-010,Calcasieu Parish,220033000278,LA-010-010064,Westlake High School,119,90-94,,,,,20,GE80,2,PS,1,PS,96,90-94,9,GE50,56,80-89,,,17AUG18
LOUISIANA,22,2200360,LA-011,Caldwell Parish,220036000281,LA-011-011001,Caldwell Parish High School,71,90-94,,,1,PS,9,GE50,3,PS,,,58,GE90,10,GE50,46,80-89,,,17AUG18
LOUISIANA,22,2200390,LA-012,Cameron Parish,220039000289,LA-012-012003,Grand Lake High School,43,80-89,,,,,,,2,PS,,,41,80-89,2,PS,15,GE50,,,17AUG18
LOUISIANA,22,2200390,LA-012,Cameron Parish,220039000290,LA-012-012004,Hackberry High School,19,GE80,,,,,1,PS,,,,,18,GE80,2,PS,10,GE50,,,17AUG18
LOUISIANA,22,2200390,LA-012,Cameron Parish,220039000291,LA-012-012005,Johnson Bayou High School,2,PS,,,,,,,,,,,2,PS,,,,,,,17AUG18
LOUISIANA,22,2200390,LA-012,Cameron Parish,220039000293,LA-012-012007,South Cameron High School,25,GE80,,,,,1,PS,2,PS,3,PS,19,GE80,,,9,GE50,,,17AUG18
LOUISIANA,22,2200420,LA-013,Catahoula Parish,220042000294,LA-013-013001,Block High School,49,80-89,,,1,PS,26,GE80,1,PS,,,21,GE80,1,PS,40,80-89,,,17AUG18
LOUISIANA,22,2200420,LA-013,Catahoula Parish,220042000295,LA-013-013002,Central High School,2,PS,,,,,,,,,,,2,PS,,,1,PS,,,17AUG18
LOUISIANA,22,2200420,LA-013,Catahoula Parish,220042000298,LA-013-013005,Harrisonburg High School,13,GE50,,,,,1,PS,,,,,12,GE50,,,7,GE50,,,17AUG18
LOUISIANA,22,2200420,LA-013,Catahoula Parish,220042000304,LA-013-013011,Sicily Island High School,18,GE80,,,,,8,GE50,,,,,10,GE50,,,14,GE50,,,17AUG18
LOUISIANA,22,2200450,LA-014,Claiborne Parish,220045000308,LA-014-014004,Haynesville Jr./Sr. High School,51,GE90,,,,,38,GE90,1,PS,,,12,GE50,9,GE50,40,GE90,,,17AUG18
LOUISIANA,22,2200450,LA-014,Claiborne Parish,220045000311,LA-014-014007,Homer High School,40,70-79,,,,,33,70-79,1,PS,,,6,GE50,5,PS,36,70-79,,,17AUG18
LOUISIANA,22,2200450,LA-014,Claiborne Parish,220045000315,LA-014-014011,Summerfield High School,21,GE80,,,,,12,GE50,1,PS,,,8,GE50,2,PS,12,GE50,,,17AUG18
LOUISIANA,22,2200480,LA-015,Concordia Parish,220048000317,LA-015-015002,Ferriday High School,71,90-94,,,,,68,90-94,,,,,3,PS,4,PS,64,90-94,,,17AUG18
LOUISIANA,22,2200480,LA-015,Concordia Parish,220048000322,LA-015-015006,Monterey High School,37,GE90,1,PS,,,,,,,,,36,GE90,1,PS,15,GE50,,,17AUG18
LOUISIANA,22,2200480,LA-015,Concordia Parish,220048000324,LA-015-015008,Vidalia High School,107,75-79,,,2,PS,44,80-89,1,PS,1,PS,59,70-79,9,GE50,71,75-79,1,PS,17AUG18
LOUISIANA,22,2200480,LA-015,Concordia Parish,220048001515,LA-015-015014,Concordia Education Center,8,LT50,,,,,5,PS,,,,,3,PS,,,7,LT50,,,17AUG18
LOUISIANA,22,2200510,LA-016,DeSoto Parish,220051000331,LA-016-016004,Logansport High School,41,GE90,1,PS,,,16,GE80,4,PS,,,20,GE80,4,PS,26,GE80,1,PS,17AUG18
LOUISIANA,22,2200510,LA-016,DeSoto Parish,220051000334,LA-016-016007,Mansfield High School,113,GE95,1,PS,1,PS,100,GE95,4,PS,1,PS,6,GE50,10,GE50,100,90-94,1,PS,17AUG18
LOUISIANA,22,2200510,LA-016,DeSoto Parish,220051000337,LA-016-016010,Stanley High School,22,GE80,,,,,5,PS,,,,,17,GE80,1,PS,11,GE50,,,17AUG18
LOUISIANA,22,2200510,LA-016,DeSoto Parish,220051001579,LA-016-016012,North DeSoto High School,160,90-94,2,PS,2,PS,39,GE90,2,PS,1,PS,114,90-94,11,GE50,63,90-94,,,17AUG18
LOUISIANA,22,2200540,LA-017,East Baton Rouge Parish,220054000339,LA-017-017092,EBR Readiness Superintendent Academy,33,LE10,,,,,31,LE10,,,,,2,PS,2,PS,30,LE20,,,17AUG18
LOUISIANA,22,2200540,LA-017,East Baton Rouge Parish,220054000340,LA-017-017001,Arlington Preparatory Academy,13,LT50,,,,,13,LT50,,,,,,,8,LT50,13,LT50,,,17AUG18
LOUISIANA,22,2200540,LA-017,East Baton Rouge Parish,220054000347,LA-017-017008,Baton Rouge Magnet High School,352,GE99,1,PS,42,GE90,181,GE95,21,GE80,1,PS,106,GE95,3,PS,172,GE95,,,17AUG18
LOUISIANA,22,2200540,LA-017,East Baton Rouge Parish,220054000349,LA-017-017010,Belaire High School,262,58,,,3,PS,229,60-64,28,21-39,,,2,PS,29,21-39,244,55-59,22,LE20,17AUG18
LOUISIANA,22,2200540,LA-017,East Baton Rouge Parish,220054000355,LA-017-017016,Broadmoor Senior High School,282,52,,,30,60-79,204,45-49,27,40-59,,,20,40-59,19,21-39,254,50-54,31,40-49,17AUG18
LOUISIANA,22,2200540,LA-017,East Baton Rouge Parish,220054000365,LA-017-017065,Northeast High School,70,75-79,,,,,60,80-89,1,PS,,,9,LT50,15,GE50,65,75-79,,,17AUG18
LOUISIANA,22,2200540,LA-017,East Baton Rouge Parish,220054000378,LA-017-017038,Glen Oaks Senior High School,138,60-64,,,,,134,65-69,,,1,PS,3,PS,16,21-39,126,65-69,,,17AUG18
LOUISIANA,22,2200540,LA-017,East Baton Rouge Parish,220054000397,LA-017-017056,McKinley Senior High School,361,66,,,7,GE50,292,70-74,21,21-39,1,PS,40,40-49,23,40-59,309,65,24,LE20,17AUG18
LOUISIANA,22,2200540,LA-017,East Baton Rouge Parish,220054000404,LA-017-017063,Northdale Superintendent's Academy,47,19-Nov,1,PS,1,PS,40,LE10,2,PS,,,2,PS,3,PS,42,19-Nov,1,PS,17AUG18
LOUISIANA,22,2200540,LA-017,East Baton Rouge Parish,220054000423,LA-017-017079,Scotlandville Magnet High School,301,80,,,,,298,80-84,1,PS,1,PS,1,PS,24,40-59,277,80-84,,,17AUG18
LOUISIANA,22,2200540,LA-017,East Baton Rouge Parish,220054000434,LA-017-017088,Tara High School,309,52,,,6,GE50,250,50-54,29,21-39,1,PS,23,40-59,32,30-39,272,50-54,28,LE20,17AUG18
LOUISIANA,22,2200540,LA-017,East Baton Rouge Parish,220054000447,LA-017-017102,Woodlawn High School,290,66,,,11,GE50,157,70-74,37,30-39,3,PS,82,65-69,29,40-59,211,60-64,25,LE20,17AUG18
LOUISIANA,22,2200540,LA-017,East Baton Rouge Parish,220054002311,LA-017-017133,Mentorship STEAM Academy,119,85-89,,,1,PS,112,85-89,2,PS,,,4,PS,8,GE50,113,85-89,2,PS,17AUG18
LOUISIANA,22,2200540,LA-017,East Baton Rouge Parish,220054002342,LA-017-017138,Lee High School,65,GE95,,,3,PS,36,GE90,2,PS,2,PS,22,GE80,4,PS,38,GE90,,,17AUG18
LOUISIANA,22,2200570,LA-018,East Carroll Parish,220057000454,LA-018-018002,General Trass High School,46,GE90,,,,,46,GE90,,,,,,,3,PS,45,GE90,,,17AUG18
LOUISIANA,22,2200600,LA-019,East Feliciana Parish,220060000465,LA-019-019014,East Feliciana High School,89,85-89,,,,,81,90-94,,,,,8,GE50,10,GE50,74,85-89,,,17AUG18
LOUISIANA,22,2200600,LA-019,East Feliciana Parish,220060002321,LA-019-019015,Slaughter Community Charter School,49,80-89,,,,,17,GE80,,,,,32,70-79,1,PS,34,70-79,,,17AUG18
LOUISIANA,22,2200630,LA-020,Evangeline Parish,220063000470,LA-020-020001,Basile High School,46,GE90,,,2,PS,9,GE50,,,,,35,GE90,7,GE50,28,GE80,,,17AUG18
LOUISIANA,22,2200630,LA-020,Evangeline Parish,220063000475,LA-020-020008,Mamou High School,91,80-84,,,,,36,80-89,4,PS,,,51,80-89,11,GE50,67,80-84,,,17AUG18
LOUISIANA,22,2200630,LA-020,Evangeline Parish,220063000478,LA-020-020010,Pine Prairie High School,118,85-89,1,PS,,,14,GE50,,,1,PS,102,85-89,15,LT50,72,75-79,,,17AUG18
LOUISIANA,22,2200630,LA-020,Evangeline Parish,220063000482,LA-020-020014,Ville Platte High School,115,80-84,1,PS,1,PS,67,80-84,,,,,46,80-89,16,40-59,83,80-84,,,17AUG18
LOUISIANA,22,2200630,LA-020,Evangeline Parish,220063001717,LA-020-020018,Evangeline Central School,21,LE20,,,,,7,LT50,2,PS,,,12,LT50,2,PS,18,LE20,1,PS,17AUG18
LOUISIANA,22,2200660,LA-021,Franklin Parish,220066000490,LA-021-021007,Franklin Parish High School,208,76,1,PS,1,PS,99,75-79,2,PS,1,PS,104,75-79,37,60-69,160,70-74,1,PS,17AUG18
LOUISIANA,22,2200690,LA-022,Grant Parish,220069000500,LA-022-022004,Georgetown High School,14,GE50,1,PS,,,,,,,,,13,GE50,2,PS,5,PS,,,17AUG18
LOUISIANA,22,2200690,LA-022,Grant Parish,220069000501,LA-022-022005,Grant High School,172,80-84,2,PS,2,PS,14,GE50,3,PS,3,PS,148,75-79,20,40-59,111,75-79,,,17AUG18
LOUISIANA,22,2200690,LA-022,Grant Parish,220069000502,LA-022-022006,Montgomery High School,39,GE90,,,1,PS,6,GE50,,,,,32,GE90,5,PS,27,GE80,,,17AUG18
LOUISIANA,22,2200720,LA-023,Iberia Parish,220072000511,LA-023-023007,Delcambre High School,73,GE95,2,PS,1,PS,7,GE50,5,PS,,,58,GE90,2,PS,44,GE90,,,17AUG18
LOUISIANA,22,2200720,LA-023,Iberia Parish,220072000519,LA-023-023015,Jeanerette Senior High School,57,70-79,,,,,50,80-89,,,,,7,GE50,6,LT50,53,80-89,,,17AUG18
LOUISIANA,22,2200720,LA-023,Iberia Parish,220072000523,LA-023-023020,Loreauville High School,66,85-89,,,,,18,GE80,3,PS,,,45,80-89,2,PS,41,80-89,,,17AUG18
LOUISIANA,22,2200720,LA-023,Iberia Parish,220072000525,LA-023-023022,Westgate High School,250,74,,,20,GE80,135,65-69,1,PS,1,PS,93,75-79,14,GE50,208,70-74,1,PS,17AUG18
LOUISIANA,22,2200720,LA-023,Iberia Parish,220072000527,LA-023-023024,New Iberia Senior High School,456,84,2,PS,10,GE50,162,80-84,24,60-79,,,258,85-89,22,40-59,309,82,5,PS,17AUG18
LOUISIANA,22,2200750,LA-024,Iberville Parish,220075000231,LA-024-024025,East Iberville Elementary/High School,48,70-79,,,1,PS,32,70-79,1,PS,,,14,GE50,7,LT50,33,70-79,,,17AUG18
LOUISIANA,22,2200750,LA-024,Iberville Parish,220075000543,LA-024-024010,Plaquemine Senior High School,193,85-89,,,2,PS,96,90-94,3,PS,2,PS,90,80-84,5,PS,121,85-89,,,17AUG18
LOUISIANA,22,2200750,LA-024,Iberville Parish,220075000550,LA-024-024017,White Castle High School,44,GE90,,,,,39,GE90,,,,,5,PS,1,PS,37,GE90,,,17AUG18
LOUISIANA,22,2200780,LA-025,Jackson Parish,220078000555,LA-025-025005,Jonesboro-Hodge High School,69,75-79,,,,,45,80-89,1,PS,,,23,60-79,2,PS,55,70-79,,,17AUG18
LOUISIANA,22,2200780,LA-025,Jackson Parish,220078000556,LA-025-025007,Quitman High School,33,80-89,,,,,7,GE50,2,PS,,,24,GE80,1,PS,18,60-79,,,17AUG18
LOUISIANA,22,2200780,LA-025,Jackson Parish,220078000560,LA-025-025010,Weston High School,32,80-89,,,,,3,PS,2,PS,,,27,GE80,5,PS,14,GE50,,,17AUG18
LOUISIANA,22,2200810,LA-027,Jefferson Davis Parish,220081000561,LA-027-027001,Elton High School,27,GE80,4,PS,,,7,GE50,1,PS,1,PS,14,GE50,1,PS,14,GE50,,,17AUG18
LOUISIANA,22,2200810,LA-027,Jefferson Davis Parish,220081000564,LA-027-027004,Hathaway High School,42,GE90,,,,,1,PS,1,PS,,,40,GE90,6,GE50,20,GE80,,,17AUG18
LOUISIANA,22,2200810,LA-027,Jefferson Davis Parish,220081000566,LA-027-027006,Jennings High School,113,GE95,,,1,PS,31,GE90,,,7,GE50,74,GE95,8,GE50,62,90-94,,,17AUG18
LOUISIANA,22,2200810,LA-027,Jefferson Davis Parish,220081000570,LA-027-027010,Lacassine High School,41,80-89,,,,,5,PS,,,,,36,GE90,6,LT50,23,GE80,,,17AUG18
LOUISIANA,22,2200810,LA-027,Jefferson Davis Parish,220081000572,LA-027-027012,Lake Arthur High School,57,GE90,,,,,4,PS,,,5,PS,48,GE90,2,PS,37,80-89,,,17AUG18
LOUISIANA,22,2200810,LA-027,Jefferson Davis Parish,220081000574,LA-027-027014,Welsh High School,81,85-89,,,,,9,GE50,,,6,GE50,66,85-89,8,LT50,46,70-79,,,17AUG18
LOUISIANA,22,2200840,LA-026,Jefferson Parish,220084000585,LA-026-026010,Bonnabel Magnet Academy High School,351,55,1,PS,5,PS,119,60-64,161,40-44,8,GE50,57,70-79,23,21-39,280,50-54,74,14-Oct,17AUG18
LOUISIANA,22,2200840,LA-026,Jefferson Parish,220084000592,LA-026-026017,Helen Cox High School,241,84,2,PS,15,GE50,147,80-84,37,80-89,6,GE50,34,80-89,19,40-59,187,80-84,17,60-79,17AUG18
LOUISIANA,22,2200840,LA-026,Jefferson Parish,220084000597,LA-026-026022,East Jefferson High School,308,69,,,9,GE50,89,70-74,97,55-59,5,PS,108,75-79,30,40-59,226,60-64,40,40-49,17AUG18
LOUISIANA,22,2200840,LA-026,Jefferson Parish,220084000598,LA-026-026023,John Ehret High School,505,77,2,PS,28,GE80,289,75-79,69,70-74,14,GE50,103,75-79,47,30-39,388,76,18,40-59,17AUG18
LOUISIANA,22,2200840,LA-026,Jefferson Parish,220084000604,LA-026-026029,Fisher Middle/High School,83,90-94,4,PS,,,,,7,GE50,5,PS,67,90-94,1,PS,39,GE90,1,PS,17AUG18
LOUISIANA,22,2200840,LA-026,Jefferson Parish,220084000606,LA-026-026031,Grand Isle High School,12,GE50,2,PS,,,,,,,1,PS,9,GE50,,,4,PS,,,17AUG18
LOUISIANA,22,2200840,LA-026,Jefferson Parish,220084000617,LA-026-026042,Haynes Academy School for Advanced Studies,116,GE95,,,17,GE80,4,PS,20,GE80,3,PS,72,GE95,1,PS,33,GE90,,,17AUG18
LOUISIANA,22,2200840,LA-026,Jefferson Parish,220084000620,LA-026-026045,L.W. Higgins High School,346,64,3,PS,15,GE50,191,65-69,52,50-59,6,GE50,78,55-59,45,20-29,287,60-64,34,40-49,17AUG18
LOUISIANA,22,2200840,LA-026,Jefferson Parish,220084000625,LA-026-026051,Grace King High School,375,68,,,24,GE80,73,80-84,193,55-59,4,PS,81,75-79,14,LT50,279,60-64,119,30-34,17AUG18
LOUISIANA,22,2200840,LA-026,Jefferson Parish,220084000642,LA-026-026068,Riverdale High School,215,89,1,PS,8,GE50,80,GE95,31,60-69,6,GE50,89,90-94,14,GE50,155,85-89,9,LT50,17AUG18
LOUISIANA,22,2200840,LA-026,Jefferson Parish,220084000654,LA-026-026080,West Jefferson High School,336,67,1,PS,11,GE50,157,75-79,126,45-49,4,PS,37,70-79,21,60-79,286,60-64,89,25-29,17AUG18
LOUISIANA,22,2200840,LA-026,Jefferson Parish,220084001667,LA-026-026105,Patrick F. Taylor Science & Technology Academy,30,GE80,,,5,PS,2,PS,5,PS,1,PS,17,GE80,,,8,GE50,,,17AUG18
LOUISIANA,22,2200840,LA-026,Jefferson Parish,220084001964,LA-026-026107,Thomas Jefferson High School for Advanced Studies,94,GE95,1,PS,13,GE50,32,GE90,6,GE50,10,GE50,32,GE90,,,37,GE90,,,17AUG18
LOUISIANA,22,2200840,LA-026,Jefferson Parish,220084002044,LA-026-026112,Martyn Alternative School,6,LT50,,,,,6,LT50,,,,,,,4,PS,5,PS,,,17AUG18
LOUISIANA,22,2200840,LA-026,Jefferson Parish,220084002305,LA-026-026123,JCFA,57,LE10,,,,,33,LE10,3,PS,2,PS,19,LE20,1,PS,43,LE10,1,PS,17AUG18
LOUISIANA,22,2200870,LA-028,Lafayette Parish,220087000660,LA-028-028002,Acadiana High School,438,75,1,PS,9,GE50,183,70-74,24,60-79,,,220,75-79,37,30-39,319,71,6,GE50,17AUG18
LOUISIANA,22,2200870,LA-028,Lafayette Parish,220087000668,LA-028-028010,Carencro High School,260,72,,,3,PS,146,70-74,4,PS,1,PS,106,70-74,15,LT50,187,70-74,2,PS,17AUG18
LOUISIANA,22,2200870,LA-028,Lafayette Parish,220087000669,LA-028-028011,O. Comeaux High School,487,82,1,PS,12,GE50,133,75-79,12,GE50,5,PS,324,84,22,21-39,267,75-79,1,PS,17AUG18
LOUISIANA,22,2200870,LA-028,Lafayette Parish,220087000678,LA-028-028019,Lafayette High School,568,85,2,PS,25,GE80,181,80-84,39,40-49,1,PS,320,91,26,40-59,278,75-79,24,21-39,17AUG18
LOUISIANA,22,2200870,LA-028,Lafayette Parish,220087000686,LA-028-028027,Northside High School,172,60-64,,,,,160,55-59,1,PS,1,PS,10,GE50,13,LT50,140,60-64,,,17AUG18
LOUISIANA,22,2200870,LA-028,Lafayette Parish,220087001397,LA-028-028050,N. P. Moss Preparatory Academy,42,LE10,,,,,27,LE20,1,PS,1,PS,13,LT50,3,PS,35,LE10,,,17AUG18
LOUISIANA,22,2200870,LA-028,Lafayette Parish,220087002072,LA-028-028053,Early College Academy,57,GE90,,,2,PS,12,GE50,1,PS,1,PS,41,GE90,,,24,GE80,,,17AUG18
LOUISIANA,22,2200870,LA-028,Lafayette Parish,220087002301,LA-028-028054,David Thibodaux STEM Magnet Academy,56,GE90,,,1,PS,28,GE80,,,1,PS,26,GE80,1,PS,38,GE90,,,17AUG18
LOUISIANA,22,2200900,LA-029,Lafourche Parish,220090000699,LA-029-029003,Central Lafourche High School,304,96,7,GE50,2,PS,43,GE90,8,GE50,6,GE50,238,GE95,8,GE50,155,90-94,,,17AUG18
LOUISIANA,22,2200900,LA-029,Lafourche Parish,220090000721,LA-029-029026,South Lafourche High School,206,97,9,GE50,5,PS,4,PS,15,GE50,10,GE50,163,GE95,16,GE80,99,GE95,1,PS,17AUG18
LOUISIANA,22,2200900,LA-029,Lafourche Parish,220090000725,LA-029-029029,Thibodaux High School,291,92,1,PS,2,PS,98,85-89,4,PS,9,GE50,177,90-94,14,GE50,179,85-89,,,17AUG18
LOUISIANA,22,2200900,LA-029,Lafourche Parish,220090001547,LA-029-029037,Lafourche Parish Juvenile Justice Facility,1,PS,,,,,1,PS,,,,,,,,,1,PS,,,17AUG18
LOUISIANA,22,2200900,LA-029,Lafourche Parish,220090002339,LA-029-029040,Virtual Academy of Lafourche,28,60-79,,,,,5,PS,,,,,23,60-79,3,PS,13,GE50,,,17AUG18
LOUISIANA,22,2200960,LA-030,LaSalle Parish,220096000732,LA-030-030004,Jena High School,89,GE95,,,,,8,GE50,2,PS,,,79,GE95,4,PS,45,GE90,,,17AUG18
LOUISIANA,22,2200960,LA-030,LaSalle Parish,220096000734,LA-030-030006,LaSalle High School,38,GE90,,,,,3,PS,,,,,35,GE90,3,PS,19,GE80,,,17AUG18
LOUISIANA,22,2200990,LA-031,Lincoln Parish,220099000742,LA-031-031003,Choudrant High School,48,GE90,,,,,1,PS,4,PS,,,43,GE90,3,PS,24,GE80,1,PS,17AUG18
LOUISIANA,22,2200990,LA-031,Lincoln Parish,220099000752,LA-031-031013,Ruston High School,275,96,1,PS,2,PS,130,90-94,4,PS,1,PS,137,GE95,20,GE80,147,90-94,,,17AUG18
LOUISIANA,22,2200990,LA-031,Lincoln Parish,220099000753,LA-031-031014,Simsboro High School,50,GE90,,,,,29,GE80,2,PS,1,PS,18,GE80,5,PS,35,GE90,1,PS,17AUG18
LOUISIANA,22,2201020,LA-032,Livingston Parish,220102000755,LA-032-032002,Albany High School,131,GE95,,,1,PS,17,GE80,8,GE50,,,105,GE95,13,GE50,107,GE95,,,17AUG18
LOUISIANA,22,2201020,LA-032,Livingston Parish,220102000758,LA-032-032005,Denham Springs High School,497,87,2,PS,5,PS,51,80-89,20,GE80,2,PS,417,88,39,60-69,327,88,,,17AUG18
LOUISIANA,22,2201020,LA-032,Livingston Parish,220102000761,LA-032-032008,Doyle High School,107,85-89,,,,,1,PS,4,PS,,,102,80-84,7,GE50,64,75-79,,,17AUG18
LOUISIANA,22,2201020,LA-032,Livingston Parish,220102000762,LA-032-032009,French Settlement High School,58,GE90,,,1,PS,2,PS,,,,,55,GE90,1,PS,30,GE80,,,17AUG18
LOUISIANA,22,2201020,LA-032,Livingston Parish,220102000765,LA-032-032012,Holden High School,44,80-89,,,,,,,4,PS,,,40,80-89,4,PS,34,80-89,,,17AUG18
LOUISIANA,22,2201020,LA-032,Livingston Parish,220102000767,LA-032-032014,Live Oak High School,312,95,,,2,PS,11,GE50,7,GE50,,,292,GE95,22,GE80,139,90-94,,,17AUG18
LOUISIANA,22,2201020,LA-032,Livingston Parish,220102000768,LA-032-032017,Maurepas School,19,GE80,,,,,,,,,,,19,GE80,3,PS,15,GE50,,,17AUG18
LOUISIANA,22,2201020,LA-032,Livingston Parish,220102000773,LA-032-032023,Springfield High School,99,85-89,,,1,PS,19,60-79,3,PS,,,76,90-94,6,GE50,66,85-89,,,17AUG18
LOUISIANA,22,2201020,LA-032,Livingston Parish,220102000774,LA-032-032024,Walker High School,384,79,,,1,PS,38,80-89,10,GE50,,,335,79,34,50-59,235,75-79,2,PS,17AUG18
LOUISIANA,22,2201020,LA-032,Livingston Parish,220102000775,LA-032-032025,Walker Freshman High School,6,LT50,,,,,,,,,,,6,LT50,2,PS,3,PS,,,17AUG18
LOUISIANA,22,2201020,LA-032,Livingston Parish,220102000904,LA-032-032042,Denham Springs Freshman High School,13,LT50,,,,,2,PS,2,PS,,,9,LT50,5,PS,5,PS,,,17AUG18
LOUISIANA,22,2201050,LA-033,Madison Parish,220105000780,LA-033-033002,Madison High School,97,40-44,,,,,91,40-44,1,PS,2,PS,3,PS,10,LT50,86,40-44,,,17AUG18
LOUISIANA,22,2201050,LA-033,Madison Parish,220105010412,LA-033-033010,Christian Acres Alternative School,17,LE20,,,,,16,LE20,,,,,1,PS,2,PS,13,LT50,,,17AUG18
LOUISIANA,22,2201080,LA-065,City of Monroe School District,220108000787,LA-065-065002,Carroll High School,99,80-84,,,,,99,80-84,,,,,,,10,GE50,92,80-84,,,17AUG18
LOUISIANA,22,2201080,LA-065,City of Monroe School District,220108000799,LA-065-065014,Neville High School,214,92,1,PS,7,GE50,143,90-94,3,PS,1,PS,59,GE90,20,60-79,124,90-94,,,17AUG18
LOUISIANA,22,2201080,LA-065,City of Monroe School District,220108000803,LA-065-065018,Wossman High School,135,75-79,,,,,133,75-79,,,1,PS,1,PS,12,GE50,118,75-79,,,17AUG18
LOUISIANA,22,2201080,LA-065,City of Monroe School District,220108002019,LA-065-065023,Sherrouse School,22,LE20,,,,,19,LE20,,,,,3,PS,,,18,LE20,,,17AUG18
LOUISIANA,22,2201110,LA-034,Morehouse Parish,220111000805,LA-034-034002,Bastrop High School,204,64,,,2,PS,171,65-69,1,PS,,,30,21-39,30,21-39,171,60-64,1,PS,17AUG18
LOUISIANA,22,2201110,LA-034,Morehouse Parish,220111002359,LA-034-034003,Beekman Charter School,64,85-89,,,,,8,GE50,,,,,56,80-89,5,PS,46,80-89,,,17AUG18
LOUISIANA,22,2201140,LA-035,Natchitoches Parish,220114000101,LA-035-035026,Lakeview Jr./Sr. High School,72,85-89,,,,,33,GE90,1,PS,2,PS,36,80-89,6,GE50,49,GE90,,,17AUG18
LOUISIANA,22,2201140,LA-035,Natchitoches Parish,220114000834,LA-035-035009,Natchitoches Central High School,323,82,4,PS,1,PS,173,75-79,8,GE50,7,GE50,130,85-89,32,40-49,207,75-79,4,PS,17AUG18
LOUISIANA,22,2201140,LA-035,Natchitoches Parish,220114001404,LA-035-035030,Frankie Ray Jackson Sr. Technical Center,22,40-59,,,,,20,40-59,,,,,2,PS,8,LT50,21,40-59,,,17AUG18
LOUISIANA,22,2201140,LA-035,Natchitoches Parish,220114002022,LA-035-035032,Lakeview Annex,5,PS,,,,,3,PS,,,,,2,PS,2,PS,5,PS,,,17AUG18
LOUISIANA,22,2201170,LA-036,Orleans Parish,220117000234,LA-036-036163,New Orleans Charter Science and Mathematics HS,106,85-89,,,,,86,85-89,5,PS,3,PS,12,GE50,2,PS,79,90-94,1,PS,17AUG18
LOUISIANA,22,2201170,LA-036,Orleans Parish,220117000880,LA-036-036035,Warren Easton Senior High School,251,97,,,,,245,GE95,4,PS,1,PS,1,PS,16,GE80,214,GE95,4,PS,17AUG18
LOUISIANA,22,2201170,LA-036,Orleans Parish,220117000888,LA-036-036043,Benjamin Franklin High School,236,GE99,,,32,GE90,75,GE95,16,GE80,7,GE50,106,GE95,1,PS,81,GE95,,,17AUG18
LOUISIANA,22,2201170,LA-036,Orleans Parish,220117000911,LA-036-036064,Edna Karr High School,251,96,1,PS,6,GE50,236,GE95,2,PS,3,PS,3,PS,12,GE50,207,GE95,,,17AUG18
LOUISIANA,22,2201170,LA-036,Orleans Parish,220117000926,LA-036-036079,Lusher Charter School,118,GE95,,,3,PS,42,GE90,12,GE50,5,PS,56,GE90,2,PS,30,GE80,,,17AUG18
LOUISIANA,22,2201170,LA-036,Orleans Parish,220117000939,LA-036-036088,McDonogh #35 College Preparatory School,208,73,,,,,203,75-79,4,PS,,,1,PS,18,40-59,190,75-79,1,PS,17AUG18
LOUISIANA,22,2201170,LA-036,Orleans Parish,220117000945,LA-036-036096,Eleanor McMain Secondary School,180,85-89,,,16,GE80,159,85-89,4,PS,,,1,PS,9,LT50,155,85-89,5,PS,17AUG18
LOUISIANA,22,2201170,LA-036,Orleans Parish,220117001522,LA-036-036132,Youth Study Center,23,LE20,,,,,23,LE20,,,,,,,7,LT50,14,LT50,,,17AUG18
LOUISIANA,22,2201200,LA-037,Ouachita Parish,220120001001,LA-037-037019,Ouachita Parish High School,320,85,1,PS,1,PS,185,85-89,3,PS,2,PS,128,80-84,37,60-69,205,80-84,1,PS,17AUG18
LOUISIANA,22,2201200,LA-037,Ouachita Parish,220120001013,LA-037-037032,Sterlington High School,114,90-94,,,1,PS,15,GE50,1,PS,1,PS,96,90-94,19,GE80,50,GE90,,,17AUG18
LOUISIANA,22,2201200,LA-037,Ouachita Parish,220120001017,LA-037-037036,West Monroe High School,541,81,1,PS,4,PS,129,70-74,20,60-79,,,387,84,50,40-49,273,70-74,3,PS,17AUG18
LOUISIANA,22,2201200,LA-037,Ouachita Parish,220120001525,LA-037-037049,Richwood High School,136,80-84,,,,,132,80-84,1,PS,,,3,PS,28,GE80,113,80-84,,,17AUG18
LOUISIANA,22,2201200,LA-037,Ouachita Parish,220120001939,LA-037-037046,West Ouachita High School,284,88,,,2,PS,7,GE50,4,PS,2,PS,269,85-89,30,40-59,136,85-89,,,17AUG18
LOUISIANA,22,2201230,LA-038,Plaquemines Parish,220123001022,LA-038-038001,Belle Chasse High School,209,91,1,PS,7,GE50,36,80-89,14,GE50,7,GE50,144,90-94,14,GE50,92,80-84,,,17AUG18
LOUISIANA,22,2201230,LA-038,Plaquemines Parish,220123001026,LA-038-038006,Phoenix High School,10,GE50,,,,,10,GE50,,,,,,,2,PS,10,GE50,,,17AUG18
LOUISIANA,22,2201230,LA-038,Plaquemines Parish,220123002028,LA-038-038013,South Plaquemines High School,76,90-94,2,PS,18,GE80,27,GE80,,,1,PS,28,GE80,6,GE50,57,80-89,2,PS,17AUG18
LOUISIANA,22,2201260,LA-039,Pointe Coupee Parish,220126001029,LA-039-039003,Livonia High School,215,70,,,,,134,65-69,4,PS,2,PS,75,65-69,22,21-39,169,65-69,1,PS,17AUG18
LOUISIANA,22,2201290,LA-040,Rapides Parish,220129001040,LA-040-040003,Alexandria Senior High School,311,86,1,PS,6,GE50,147,80-84,8,GE50,,,149,85-89,18,60-79,178,80-84,4,PS,17AUG18
LOUISIANA,22,2201290,LA-040,Rapides Parish,220129001042,LA-040-040006,Bolton High School,130,55-59,1,PS,2,PS,82,40-44,3,PS,,,42,80-89,16,LE20,86,40-44,2,PS,17AUG18
LOUISIANA,22,2201290,LA-040,Rapides Parish,220129001047,LA-040-040011,Buckeye High School,155,80-84,,,1,PS,,,1,PS,,,153,80-84,9,GE50,64,70-74,,,17AUG18
LOUISIANA,22,2201290,LA-040,Rapides Parish,220129001051,LA-040-040014,Glenmora High School,44,80-89,,,1,PS,11,GE50,9,GE50,,,23,GE80,2,PS,34,80-89,3,PS,17AUG18
LOUISIANA,22,2201290,LA-040,Rapides Parish,220129001064,LA-040-040028,Oak Hill High School,60,80-89,2,PS,3,PS,,,1,PS,,,54,80-89,7,LT50,31,70-79,,,17AUG18
LOUISIANA,22,2201290,LA-040,Rapides Parish,220129001067,LA-040-040030,Peabody Magnet High School,144,60-64,1,PS,,,141,60-64,,,,,2,PS,11,LT50,128,60-64,,,17AUG18
LOUISIANA,22,2201290,LA-040,Rapides Parish,220129001069,LA-040-040033,Pineville High School,323,84,2,PS,4,PS,119,75-79,2,PS,,,196,85-89,19,40-59,157,70-74,,,17AUG18
LOUISIANA,22,2201290,LA-040,Rapides Parish,220129001071,LA-040-040035,Plainview High School,17,GE80,5,PS,,,1,PS,,,1,PS,10,GE50,,,10,GE50,,,17AUG18
LOUISIANA,22,2201290,LA-040,Rapides Parish,220129001073,LA-040-040037,Rapides High School,64,70-74,,,,,18,40-59,8,GE50,,,38,70-79,4,PS,41,60-69,2,PS,17AUG18
LOUISIANA,22,2201290,LA-040,Rapides Parish,220129001084,LA-040-040048,Tioga High School,227,78,3,PS,1,PS,96,70-74,5,PS,,,122,80-84,21,21-39,150,65-69,1,PS,17AUG18
LOUISIANA,22,2201290,LA-040,Rapides Parish,220129001943,LA-040-040055,Northwood High School,46,80-89,,,,,18,60-79,1,PS,,,27,GE80,2,PS,33,80-89,,,17AUG18
LOUISIANA,22,2201320,LA-041,Red River Parish,220132000784,LA-041-041008,Ware Youth Center,23,LE20,,,,,16,LE20,,,,,7,LT50,3,PS,20,LE20,,,17AUG18
LOUISIANA,22,2201320,LA-041,Red River Parish,220132001090,LA-041-041002,Red River High School,67,85-89,1,PS,1,PS,40,80-89,,,1,PS,24,60-79,4,PS,54,80-89,,,17AUG18
LOUISIANA,22,2201350,LA-042,Richland Parish,220135001095,LA-042-042001,Delhi High School,50,70-79,,,,,49,70-79,,,,,1,PS,4,PS,43,70-79,,,17AUG18
LOUISIANA,22,2201350,LA-042,Richland Parish,220135001100,LA-042-042006,Mangham High School,77,85-89,,,,,23,GE80,1,PS,1,PS,52,80-89,7,LT50,61,85-89,,,17AUG18
LOUISIANA,22,2201350,LA-042,Richland Parish,220135001102,LA-042-042008,Rayville High School,108,70-74,,,2,PS,55,70-79,2,PS,,,49,70-79,14,LT50,91,70-74,2,PS,17AUG18
LOUISIANA,22,2201380,LA-043,Sabine Parish,220138001107,LA-043-043001,Converse High School,35,GE90,12,GE50,,,,,,,1,PS,22,GE80,2,PS,18,GE80,,,17AUG18
LOUISIANA,22,2201380,LA-043,Sabine Parish,220138001108,LA-043-043002,Ebarb School,23,GE80,18,GE80,,,,,,,1,PS,4,PS,4,PS,16,GE80,,,17AUG18
LOUISIANA,22,2201380,LA-043,Sabine Parish,220138001110,LA-043-043004,Florien High School,33,GE90,1,PS,,,5,PS,,,,,27,GE80,1,PS,18,GE80,,,17AUG18
LOUISIANA,22,2201380,LA-043,Sabine Parish,220138001112,LA-043-043006,Many High School,92,90-94,6,GE50,,,32,GE90,3,PS,1,PS,50,GE90,5,PS,60,GE90,,,17AUG18
LOUISIANA,22,2201380,LA-043,Sabine Parish,220138001114,LA-043-043008,Negreet High School,36,GE90,3,PS,,,6,GE50,,,,,27,GE80,2,PS,24,GE80,,,17AUG18
LOUISIANA,22,2201380,LA-043,Sabine Parish,220138001116,LA-043-043010,Pleasant Hill High School,13,GE50,1,PS,,,2,PS,,,,,10,GE50,1,PS,9,GE50,,,17AUG18
LOUISIANA,22,2201380,LA-043,Sabine Parish,220138001118,LA-043-043012,Zwolle High School,51,GE90,23,GE80,,,17,GE80,1,PS,6,GE50,4,PS,11,GE50,37,80-89,,,17AUG18
LOUISIANA,22,2201410,LA-044,St. Bernard Parish,220141000816,LA-044-044019,C.F. Rowley Alternative School,29,40-59,,,,,16,60-79,2,PS,1,PS,10,LT50,6,GE50,24,40-59,1,PS,17AUG18
LOUISIANA,22,2201410,LA-044,St. Bernard Parish,220141001125,LA-044-044006,Chalmette High School,374,94,2,PS,11,GE50,100,GE95,46,GE90,11,GE50,204,90-94,33,80-89,255,90-94,11,GE50,17AUG18
LOUISIANA,22,2201440,LA-045,St. Charles Parish,220144001139,LA-045-045003,Destrehan High School,354,82,1,PS,6,GE50,124,80-84,29,60-79,7,GE50,187,85-89,22,40-59,171,70-74,5,PS,17AUG18
LOUISIANA,22,2201440,LA-045,St. Charles Parish,220144001141,LA-045-045005,Hahnville High School,363,82,1,PS,4,PS,116,70-74,15,GE50,7,GE50,220,85-89,26,40-59,169,65-69,2,PS,17AUG18
LOUISIANA,22,2201470,LA-046,St. Helena Parish,220147001154,LA-046-046002,St. Helena College and Career Academy,92,70-74,,,,,84,75-79,,,,,8,LT50,16,60-79,89,70-74,,,17AUG18
LOUISIANA,22,2201500,LA-047,St. James Parish,220150001163,LA-047-047004,Lutcher High School,154,85-89,,,,,74,80-84,,,2,PS,78,85-89,9,GE50,97,80-84,,,17AUG18
LOUISIANA,22,2201500,LA-047,St. James Parish,220150001167,LA-047-047008,St. James High School,122,85-89,,,,,91,80-84,,,2,PS,29,GE80,5,PS,76,80-84,,,17AUG18
LOUISIANA,22,2201530,LA-048,St. John the Baptist Parish,220153001488,LA-048-048001,East St. John High School,301,79,,,1,PS,239,80-84,21,60-79,1,PS,39,60-69,32,50-59,219,75-79,5,PS,17AUG18
LOUISIANA,22,2201530,LA-048,St. John the Baptist Parish,220153001500,LA-048-048013,West St. John High School,45,GE90,,,,,44,GE90,,,,,,,6,GE50,35,GE90,,,17AUG18
LOUISIANA,22,2201560,LA-049,St. Landry Parish,220156001181,LA-049-049010,Eunice High School,132,85-89,,,3,PS,50,80-89,2,PS,,,77,90-94,15,GE50,100,85-89,1,PS,17AUG18
LOUISIANA,22,2201560,LA-049,St. Landry Parish,220156001204,LA-049-049032,Opelousas Senior High School,239,57,1,PS,4,PS,197,50-54,1,PS,,,36,60-69,33,LE10,192,55-59,,,17AUG18
LOUISIANA,22,2201560,LA-049,St. Landry Parish,220156001210,LA-049-049056,Port Barre High School,98,75-79,,,,,45,60-69,,,,,53,80-89,9,LT50,69,70-74,,,17AUG18
LOUISIANA,22,2201560,LA-049,St. Landry Parish,220156001685,LA-049-049058,Magnet Academy for Cultural Arts,42,GE90,,,,,21,GE80,,,,,21,GE80,2,PS,27,GE80,,,17AUG18
LOUISIANA,22,2201560,LA-049,St. Landry Parish,220156001989,LA-049-049051,North Central High School,50,60-69,,,1,PS,37,60-69,,,,,12,GE50,6,LT50,38,70-79,,,17AUG18
LOUISIANA,22,2201560,LA-049,St. Landry Parish,220156002005,LA-049-049052,Beau Chene High School,240,69,,,2,PS,103,60-64,6,GE50,,,129,70-74,25,LE20,149,60-64,2,PS,17AUG18
LOUISIANA,22,2201560,LA-049,St. Landry Parish,220156002006,LA-049-049053,Northwest High School,137,60-64,,,,,104,60-64,,,,,33,60-69,23,21-39,114,60-64,,,17AUG18
LOUISIANA,22,2201590,LA-050,St. Martin Parish,220159001219,LA-050-050004,Breaux Bridge High School,206,80,1,PS,2,PS,72,70-74,2,PS,1,PS,128,85-89,12,GE50,133,75-79,1,PS,17AUG18
LOUISIANA,22,2201590,LA-050,St. Martin Parish,220159001223,LA-050-050008,Cecilia High School,166,85-89,1,PS,4,PS,48,GE90,4,PS,2,PS,107,85-89,10,LT50,109,85-89,4,PS,17AUG18
LOUISIANA,22,2201590,LA-050,St. Martin Parish,220159001229,LA-050-050017,St. Martinville Senior High School,161,80-84,,,1,PS,100,85-89,3,PS,2,PS,55,80-89,12,GE50,138,80-84,1,PS,17AUG18
LOUISIANA,22,2201620,LA-051,St. Mary Parish,220162001236,LA-051-051006,Berwick High School,144,90-94,2,PS,,,13,GE50,11,GE50,4,PS,114,GE95,14,GE50,65,90-94,4,PS,17AUG18
LOUISIANA,22,2201620,LA-051,St. Mary Parish,220162001238,LA-051-051007,Centerville High School,46,80-89,3,PS,,,17,GE80,,,4,PS,22,GE80,5,PS,34,80-89,,,17AUG18
LOUISIANA,22,2201620,LA-051,St. Mary Parish,220162001242,LA-051-051012,Franklin Senior High School,98,80-84,,,,,69,80-84,4,PS,2,PS,23,60-79,8,LT50,78,80-84,3,PS,17AUG18
LOUISIANA,22,2201620,LA-051,St. Mary Parish,220162001251,LA-051-051021,Morgan City High School,161,85-89,1,PS,9,GE50,32,80-89,26,60-79,,,93,85-89,16,60-79,101,80-84,14,GE50,17AUG18
LOUISIANA,22,2201620,LA-051,St. Mary Parish,220162001253,LA-051-051039,West St. Mary High School,65,85-89,,,,,52,80-89,1,PS,5,PS,7,GE50,6,GE50,54,GE90,,,17AUG18
LOUISIANA,22,2201620,LA-051,St. Mary Parish,220162001254,LA-051-051024,Patterson High School,91,90-94,1,PS,,,40,GE90,5,PS,2,PS,43,80-89,10,GE50,61,85-89,2,PS,17AUG18
LOUISIANA,22,2201650,LA-052,St. Tammany Parish,220165000412,LA-052-052052,Fontainebleau High School,403,86,,,7,GE50,40,70-79,19,60-79,3,PS,334,88,36,60-69,146,70-74,1,PS,17AUG18
LOUISIANA,22,2201650,LA-052,St. Tammany Parish,220165001274,LA-052-052013,Covington High School,380,80,1,PS,,,67,65-69,14,GE50,2,PS,296,80-84,53,50-59,206,65-69,2,PS,17AUG18
LOUISIANA,22,2201650,LA-052,St. Tammany Parish,220165001285,LA-052-052026,Mandeville High School,470,87,1,PS,7,GE50,36,80-89,21,60-79,4,PS,401,88,49,60-69,125,70-74,3,PS,17AUG18
LOUISIANA,22,2201650,LA-052,St. Tammany Parish,220165001287,LA-052-052029,Pearl River High School,156,90-94,1,PS,1,PS,7,GE50,3,PS,,,144,90-94,20,GE80,87,90-94,1,PS,17AUG18
LOUISIANA,22,2201650,LA-052,St. Tammany Parish,220165001292,LA-052-052035,Salmen High School,227,74,,,5,PS,130,80-84,9,GE50,2,PS,81,60-64,29,40-59,156,70-74,4,PS,17AUG18
LOUISIANA,22,2201650,LA-052,St. Tammany Parish,220165001294,LA-052-052037,Slidell High School,377,75,1,PS,4,PS,117,70-74,20,60-79,3,PS,232,75-79,41,40-49,197,65-69,2,PS,17AUG18
LOUISIANA,22,2201650,LA-052,St. Tammany Parish,220165001650,LA-052-052039,Northshore High School,385,87,1,PS,6,GE50,54,80-89,16,GE80,3,PS,305,88,27,60-79,123,70-74,3,PS,17AUG18
LOUISIANA,22,2201650,LA-052,St. Tammany Parish,220165002255,LA-052-052061,Lakeshore High School,260,86,1,PS,3,PS,37,70-79,9,GE50,4,PS,206,85-89,26,40-59,94,70-74,2,PS,17AUG18
LOUISIANA,22,2201680,LA-053,Tangipahoa Parish,220168001298,LA-053-053002,Amite High Magnet,121,65-69,,,,,105,65-69,,,4,PS,12,GE50,14,LT50,114,65-69,,,17AUG18
LOUISIANA,22,2201680,LA-053,Tangipahoa Parish,220168001304,LA-053-053009,Hammond High Magnet School,356,68,,,4,PS,208,55-59,19,GE80,12,GE50,113,80-84,32,40-49,281,60-64,10,GE50,17AUG18
LOUISIANA,22,2201680,LA-053,Tangipahoa Parish,220168001307,LA-053-053012,Independence High Magnet,92,60-64,,,,,51,70-79,9,GE50,3,PS,29,40-59,9,LT50,85,65-69,3,PS,17AUG18
LOUISIANA,22,2201680,LA-053,Tangipahoa Parish,220168001310,LA-053-053015,Kentwood High Magnet School,49,80-89,,,,,43,80-89,,,,,6,GE50,4,PS,47,80-89,,,17AUG18
LOUISIANA,22,2201680,LA-053,Tangipahoa Parish,220168001312,LA-053-053017,Loranger High School,162,75-79,1,PS,,,44,70-79,1,PS,11,GE50,105,80-84,16,40-59,107,70-74,,,17AUG18
LOUISIANA,22,2201680,LA-053,Tangipahoa Parish,220168001319,LA-053-053024,Ponchatoula High School,419,79,,,3,PS,107,65-69,14,GE50,20,GE80,275,80-84,25,21-39,249,70-74,3,PS,17AUG18
LOUISIANA,22,2201680,LA-053,Tangipahoa Parish,220168001840,LA-053-053029,Jewel M. Sumner High School,126,80-84,1,PS,,,36,80-89,2,PS,4,PS,83,80-84,12,GE50,92,75-79,,,17AUG18
LOUISIANA,22,2201680,LA-053,Tangipahoa Parish,220168002399,LA-053-053052,Tangipahoa Alternative Solutions Program,52,LE10,,,,,26,LE20,,,2,PS,24,LE20,9,LT50,49,LE10,,,17AUG18
LOUISIANA,22,2201680,LA-053,Tangipahoa Parish,220168010414,LA-053-053045,Florida Parishes Juvenile Detention Cntr.,35,LE10,,,1,PS,14,LT50,2,PS,,,18,LE20,4,PS,21,LE20,,,17AUG18
LOUISIANA,22,2201710,LA-054,Tensas Parish,220171001328,LA-054-054001,Tensas High School,50,80-89,,,,,43,80-89,,,,,7,GE50,8,GE50,47,80-89,,,17AUG18
LOUISIANA,22,2201740,LA-055,Terrebonne Parish,220174001338,LA-055-055005,H. L. Bourgeois High School,344,86,19,60-79,1,PS,123,80-84,16,GE80,1,PS,184,85-89,28,40-59,203,85-89,,,17AUG18
LOUISIANA,22,2201740,LA-055,Terrebonne Parish,220174001346,LA-055-055013,Ellender Memorial High School,234,76,43,80-89,7,GE50,89,70-74,17,GE80,10,GE50,68,65-69,17,40-59,173,75-79,8,GE50,17AUG18
LOUISIANA,22,2201740,LA-055,Terrebonne Parish,220174001353,LA-055-055020,Houma Junior High School,3,PS,,,,,,,,,,,3,PS,1,PS,1,PS,,,17AUG18
LOUISIANA,22,2201740,LA-055,Terrebonne Parish,220174001367,LA-055-055034,South Terrebonne High School,239,78,43,70-79,,,22,40-59,3,PS,9,GE50,162,80-84,23,21-39,133,70-74,,,17AUG18
LOUISIANA,22,2201740,LA-055,Terrebonne Parish,220174001368,LA-055-055036,Terrebonne High School,314,88,18,60-79,4,PS,92,85-89,14,GE50,2,PS,184,90-94,28,60-79,157,80-84,2,PS,17AUG18
LOUISIANA,22,2201770,LA-056,Union Parish,220177001374,LA-056-056002,Downsville Community Charter School,15,GE50,,,,,1,PS,,,,,14,GE50,1,PS,9,GE50,,,17AUG18
LOUISIANA,22,2201770,LA-056,Union Parish,220177001376,LA-056-056004,Union Parish High School,147,60-64,,,1,PS,75,65-69,19,60-79,,,52,50-59,13,LT50,125,60-64,10,GE50,17AUG18
LOUISIANA,22,2201800,LA-057,Vermilion Parish,220180001385,LA-057-057001,Abbeville High School,139,85-89,,,10,GE50,61,80-84,13,GE50,7,GE50,48,GE90,12,GE50,116,85-89,5,PS,17AUG18
LOUISIANA,22,2201800,LA-057,Vermilion Parish,220180001390,LA-057-057006,Erath High School,126,GE95,,,2,PS,5,PS,4,PS,,,115,GE95,6,GE50,72,GE95,1,PS,17AUG18
LOUISIANA,22,2201800,LA-057,Vermilion Parish,220180001398,LA-057-057013,Kaplan High School,117,85-89,,,1,PS,14,GE50,5,PS,,,97,85-89,12,GE50,79,85-89,,,17AUG18
LOUISIANA,22,2201800,LA-057,Vermilion Parish,220180001661,LA-057-057016,North Vermilion High School,149,GE95,,,,,17,GE80,4,PS,1,PS,127,GE95,4,PS,69,90-94,1,PS,17AUG18
LOUISIANA,22,2201800,LA-057,Vermilion Parish,220180001695,LA-057-057008,Gueydan High School,38,GE90,,,,,5,PS,,,,,33,GE90,1,PS,27,GE80,,,17AUG18
LOUISIANA,22,2201830,LA-058,Vernon Parish,220183001405,LA-058-058001,Anacoco High School,34,GE90,1,PS,,,,,1,PS,,,32,GE90,4,PS,11,GE50,,,17AUG18
LOUISIANA,22,2201830,LA-058,Vernon Parish,220183001407,LA-058-058003,Evans High School,21,GE80,,,,,,,,,,,21,GE80,4,PS,9,GE50,,,17AUG18
LOUISIANA,22,2201830,LA-058,Vernon Parish,220183001408,LA-058-058004,Hicks High School,18,GE80,,,,,,,,,,,18,GE80,1,PS,9,GE50,,,17AUG18
LOUISIANA,22,2201830,LA-058,Vernon Parish,220183001409,LA-058-058005,Hornbeck High School,26,GE80,,,,,,,1,PS,,,25,GE80,4,PS,10,GE50,,,17AUG18
LOUISIANA,22,2201830,LA-058,Vernon Parish,220183001410,LA-058-058006,Leesville High School,177,85-89,,,1,PS,66,85-89,12,GE50,7,GE50,91,80-84,22,60-79,80,70-74,1,PS,17AUG18
LOUISIANA,22,2201830,LA-058,Vernon Parish,220183001413,LA-058-058010,Pitkin High School,31,GE90,2,PS,,,,,,,1,PS,28,GE80,1,PS,20,GE80,,,17AUG18
LOUISIANA,22,2201830,LA-058,Vernon Parish,220183001415,LA-058-058012,Rosepine High School,76,GE95,2,PS,,,2,PS,2,PS,,,70,GE95,11,GE50,24,GE80,,,17AUG18
LOUISIANA,22,2201830,LA-058,Vernon Parish,220183001416,LA-058-058013,Simpson High School,16,GE80,,,,,,,,,,,16,GE80,1,PS,9,GE50,,,17AUG18
LOUISIANA,22,2201830,LA-058,Vernon Parish,220183001664,LA-058-058009,Pickering High School,83,80-84,,,2,PS,16,GE80,5,PS,4,PS,56,70-79,13,GE50,42,80-89,,,17AUG18
LOUISIANA,22,2201860,LA-059,Washington Parish,220186001424,LA-059-059006,Franklinton High School,199,85-89,,,,,66,85-89,3,PS,2,PS,128,80-84,22,40-59,153,80-84,1,PS,17AUG18
LOUISIANA,22,2201860,LA-059,Washington Parish,220186001425,LA-059-059007,Mt. Hermon School,29,60-79,,,,,4,PS,1,PS,,,24,60-79,4,PS,21,40-59,,,17AUG18
LOUISIANA,22,2201860,LA-059,Washington Parish,220186001426,LA-059-059008,Pine School,93,80-84,,,,,12,GE50,1,PS,,,80,80-84,9,LT50,58,70-79,,,17AUG18
LOUISIANA,22,2201860,LA-059,Washington Parish,220186001429,LA-059-059011,Varnado High School,47,70-79,,,,,26,GE80,,,,,21,60-79,8,GE50,43,70-79,,,17AUG18
LOUISIANA,22,2201890,LA-060,Webster Parish,220189001436,LA-060-060005,Doyline High School,33,60-69,,,,,5,PS,2,PS,,,26,60-79,5,PS,17,60-79,,,17AUG18
LOUISIANA,22,2201890,LA-060,Webster Parish,220189001444,LA-060-060012,Minden High School,203,80,,,1,PS,126,80-84,3,PS,2,PS,71,80-84,21,60-79,140,75-79,2,PS,17AUG18
LOUISIANA,22,2201890,LA-060,Webster Parish,220189001450,LA-060-060018,Lakeside Junior-Senior High School,70,80-84,,,,,20,GE80,2,PS,1,PS,47,80-89,7,GE50,36,70-79,,,17AUG18
LOUISIANA,22,2201890,LA-060,Webster Parish,220189001451,LA-060-060019,North Webster High School,137,70-74,,,,,62,60-64,1,PS,,,74,80-84,18,40-59,93,65-69,,,17AUG18
LOUISIANA,22,2201920,LA-061,West Baton Rouge Parish,220192001457,LA-061-061001,Brusly High School,163,75-79,,,1,PS,63,80-84,6,GE50,1,PS,92,75-79,14,LT50,83,65-69,3,PS,17AUG18
LOUISIANA,22,2201920,LA-061,West Baton Rouge Parish,220192001464,LA-061-061008,Port Allen High School,106,65-69,,,,,71,65-69,1,PS,,,34,70-79,14,LT50,78,60-64,,,17AUG18
LOUISIANA,22,2201950,LA-062,West Carroll Parish,220195001467,LA-062-062001,Epps High School,17,GE80,,,,,8,GE50,,,,,9,GE50,1,PS,13,GE50,,,17AUG18
LOUISIANA,22,2201950,LA-062,West Carroll Parish,220195001469,LA-062-062003,Forest School,27,GE80,,,,,,,,,,,27,GE80,,,14,GE50,,,17AUG18
LOUISIANA,22,2201950,LA-062,West Carroll Parish,220195001471,LA-062-062005,Kilbourne High School,21,GE80,,,,,1,PS,1,PS,,,19,GE80,,,16,GE80,,,17AUG18
LOUISIANA,22,2201950,LA-062,West Carroll Parish,220195001472,LA-062-062006,Oak Grove High School,53,GE90,,,1,PS,6,GE50,,,,,46,GE90,3,PS,26,GE80,,,17AUG18
LOUISIANA,22,2201980,LA-063,West Feliciana Parish,220198001476,LA-063-063003,West Feliciana High School,143,90-94,,,,,64,85-89,1,PS,,,78,90-94,12,GE50,80,85-89,,,17AUG18
LOUISIANA,22,2202010,LA-064,Winn Parish,220201001478,LA-064-064001,Atlanta High School,20,GE80,,,,,13,GE50,,,,,7,GE50,3,PS,15,GE50,,,17AUG18
LOUISIANA,22,2202010,LA-064,Winn Parish,220201001479,LA-064-064002,Calvin High School,18,GE80,,,,,2,PS,2,PS,,,14,GE50,,,7,GE50,,,17AUG18
LOUISIANA,22,2202010,LA-064,Winn Parish,220201001480,LA-064-064003,Dodson High School,28,60-79,,,,,1,PS,,,,,27,60-79,1,PS,18,60-79,,,17AUG18
LOUISIANA,22,2202010,LA-064,Winn Parish,220201001487,LA-064-064009,Winnfield High School,108,80-84,,,,,48,70-79,2,PS,,,58,80-89,9,GE50,66,75-79,,,17AUG18
LOUISIANA,22,2280100,LA-101,Special School District,228010001614,LA-101-101021,Riverside Alternative High School,1,PS,,,,,1,PS,,,,,,,,,1,PS,,,17AUG18
LOUISIANA,22,2280100,LA-101,Special School District,228010001619,LA-101-101022,Southside Alternative High School,2,PS,,,,,1,PS,,,,,1,PS,1,PS,,,,,17AUG18
LOUISIANA,22,2280100,LA-101,Special School District,228010001624,LA-101-101025,Dixon Correctional Institute,1,PS,,,,,1,PS,,,,,,,1,PS,1,PS,,,17AUG18
LOUISIANA,22,2280100,LA-101,Special School District,228010001730,LA-101-101010,Pinecrest Supports & Services Center,6,LT50,,,,,2,PS,,,,,4,PS,6,LT50,6,LT50,,,17AUG18
LOUISIANA,22,2280100,LA-101,Special School District,228010002014,LA-101-101031,Renaissance Home for Youth,11,LT50,,,,,7,LT50,,,,,4,PS,,,10,LT50,,,17AUG18
LOUISIANA,22,2280100,LA-101,Special School District,228010002015,LA-101-101032,Allen Correctional Center,1,PS,,,,,1,PS,,,,,,,1,PS,1,PS,,,17AUG18
LOUISIANA,22,2280100,LA-101,Special School District,228010002345,LA-101-101034,Brentwood Hospital,62,LE5,,,,,25,LE20,1,PS,1,PS,35,LE10,1,PS,57,LE10,,,17AUG18
LOUISIANA,22,2280100,LA-101,Special School District,228010002355,LA-101-101039,Pinehill Alternative High School,1,PS,,,,,1,PS,,,,,,,1,PS,1,PS,,,17AUG18
LOUISIANA,22,2280100,LA-101,Special School District,228010002356,LA-101-101038,Northlake Behavioral Health System,8,LT50,,,,,3,PS,,,,,5,PS,2,PS,7,LT50,,,17AUG18
LOUISIANA,22,2280100,LA-101,Special School District,228010002372,LA-101-101037,River Oaks Hospital,12,LT50,,,,,1,PS,,,,,11,LT50,,,6,LT50,1,PS,17AUG18
LOUISIANA,22,2280100,LA-101,Special School District,228010002393,LA-101-101035,Gateway Adolescent Treatment Center,27,LE20,,,,,11,LT50,,,1,PS,15,LT50,3,PS,25,LE20,,,17AUG18
