﻿STNAM,FIPST,LEAID,LEANM,NCESSCH,SCHNAM,ALL_COHORT_1516,ALL_RATE_1516,MAM_COHORT_1516,MAM_RATE_1516,MAS_COHORT_1516,MAS_RATE_1516,MBL_COHORT_1516,MBL_RATE_1516,MHI_COHORT_1516,MHI_RATE_1516,MTR_COHORT_1516,MTR_RATE_1516,MWH_COHORT_1516,MWH_RATE_1516,CWD_COHORT_1516,CWD_RATE_1516,ECD_COHORT_1516,ECD_RATE_1516,LEP_COHORT_1516,LEP_RATE_1516,DATE_CUR,ST_LEAID,ST_SCHID
LOUISIANA,22,2200017,Louisiana School for Math Science & the Arts,220001701975,Louisiana School for Math Science & the Arts,97,GE95,1,PS,13,GE50,15,GE50,1,PS,,,67,GE95,,,26,GE80,,,01JUL17,LA-302,LA-302-302006
LOUISIANA,22,2200018,LA Schools for the Deaf and Visually Impaired,220001800193,Louisiana School for the Visually Impaired,6,LT50,,,,,3,PS,1,PS,,,2,PS,6,LT50,6,LT50,,,01JUL17,LA-304,LA-304-304002
LOUISIANA,22,2200018,LA Schools for the Deaf and Visually Impaired,220001801789,Louisiana School for the Deaf,11,LT50,,,,,7,LT50,,,,,4,PS,11,LT50,11,LT50,,,01JUL17,LA-304,LA-304-304001
LOUISIANA,22,2200020,Louisiana Special Education Center,220002000267,Louisiana Special Education Center,1,PS,,,,,,,,,,,1,PS,1,PS,1,PS,,,01JUL17,LA-306,LA-306-306001
LOUISIANA,22,2200022,LSU Laboratory School,220002201922,LSU Laboratory School,109,GE95,,,2,PS,22,GE80,4,PS,,,81,GE95,,,24,GE80,,,01JUL17,LA-318,LA-318-318001
LOUISIANA,22,2200023,Southern University Lab School,220002301921,Southern University Lab School,65,GE95,,,,,65,GE95,,,,,,,,,38,GE90,,,01JUL17,LA-319,LA-319-319001
LOUISIANA,22,2200023,Southern University Lab School,220002302402,Southern University Laboratory Virtual School,35,LE10,,,1,PS,8,LT50,1,PS,,,25,LE20,,,28,LE20,,,01JUL17,LA-319,LA-319-319002
LOUISIANA,22,2200030,Acadia Parish,220003000004,Church Point High School,107,90-94,,,,,31,70-79,2,PS,1,PS,73,GE95,6,GE50,70,85-89,,,01JUL17,LA-001,LA-001-001005
LOUISIANA,22,2200030,Acadia Parish,220003000006,Crowley High School,156,75-79,,,1,PS,58,70-79,3,PS,3,PS,91,80-84,23,21-39,115,70-74,2,PS,01JUL17,LA-001,LA-001-001007
LOUISIANA,22,2200030,Acadia Parish,220003000014,Iota High School,114,90-94,1,PS,1,PS,4,PS,2,PS,4,PS,102,90-94,8,GE50,49,GE90,,,01JUL17,LA-001,LA-001-001034
LOUISIANA,22,2200030,Acadia Parish,220003000016,Midland High School,48,GE90,,,,,4,PS,,,1,PS,43,GE90,1,PS,28,GE80,,,01JUL17,LA-001,LA-001-001017
LOUISIANA,22,2200030,Acadia Parish,220003000019,Rayne High School,166,80-84,1,PS,,,55,70-79,2,PS,2,PS,106,85-89,15,GE50,109,80-84,,,01JUL17,LA-001,LA-001-001021
LOUISIANA,22,2200035,Avoyelles Public Charter School,220003501494,Avoyelles Public Charter School,53,GE90,,,1,PS,14,GE50,,,,,38,GE90,,,23,GE80,,,01JUL17,LA-333,LA-333-333001
LOUISIANA,22,2200036,New Orleans Center for Creative Arts,220003601499,New Orleans Center for Creative Arts,59,GE90,,,1,PS,19,GE80,5,PS,,,34,GE90,,,20,GE80,,,01JUL17,LA-334,LA-334-334001
LOUISIANA,22,2200038,Delhi Charter School,220003801539,Delhi Charter School,51,GE90,,,1,PS,9,GE50,2,PS,,,39,GE90,3,PS,26,GE80,,,01JUL17,LA-336,LA-336-336001
LOUISIANA,22,2200039,Zachary Community School District,220003900450,Zachary High School,361,90,,,6,GE50,176,85-89,4,PS,6,GE50,169,90-94,24,40-59,142,80-84,3,PS,01JUL17,LA-067,LA-067-067004
LOUISIANA,22,2200040,City of Baker School District,220004000344,Baker High School,123,60-64,,,,,121,60-64,,,,,2,PS,19,21-39,97,60-64,,,01JUL17,LA-068,LA-068-068002
LOUISIANA,22,2200042,Milestone Academy,220004201634,Milestone Academy,1,PS,,,,,1,PS,,,,,,,,,1,PS,,,01JUL17,LA-339,LA-339-339001
LOUISIANA,22,2200047,Office of Juvenile Justice,220004701780,Riverside Alternative High School,45,LE10,,,,,34,LE10,,,,,11,LT50,8,LT50,38,LE10,,,01JUL17,LA-A02,LA-A02-A02002
LOUISIANA,22,2200047,Office of Juvenile Justice,220004701781,Southside Alternative High School,45,LE10,,,,,36,LE10,,,2,PS,7,LT50,11,LT50,41,LE10,,,01JUL17,LA-A02,LA-A02-A02003
LOUISIANA,22,2200055,Grambling State Lab Schools,220005500741,Grambling State University Lab High School,33,GE90,,,,,32,GE90,,,,,1,PS,,,24,GE80,,,01JUL17,LA-323,LA-323-323002
LOUISIANA,22,2200060,Allen Parish,220006000024,Elizabeth High School,21,GE80,3,PS,,,,,,,,,18,GE80,2,PS,5,PS,,,01JUL17,LA-002,LA-002-002001
LOUISIANA,22,2200060,Allen Parish,220006000025,Fairview High School,25,GE80,,,,,,,,,2,PS,23,GE80,,,14,GE50,,,01JUL17,LA-002,LA-002-002002
LOUISIANA,22,2200060,Allen Parish,220006000027,Kinder High School,72,90-94,2,PS,1,PS,16,GE80,1,PS,1,PS,51,GE90,4,PS,38,GE90,,,01JUL17,LA-002,LA-002-002004
LOUISIANA,22,2200060,Allen Parish,220006000029,Oakdale High School,60,GE90,,,,,24,GE80,,,,,36,GE90,3,PS,41,GE90,,,01JUL17,LA-002,LA-002-002006
LOUISIANA,22,2200060,Allen Parish,220006000032,Oberlin High School,43,80-89,2,PS,1,PS,23,GE80,,,,,17,GE80,2,PS,30,GE80,,,01JUL17,LA-002,LA-002-002009
LOUISIANA,22,2200060,Allen Parish,220006000033,Reeves High School,20,60-79,1,PS,,,1,PS,,,1,PS,17,60-79,8,LT50,9,LT50,,,01JUL17,LA-002,LA-002-002010
LOUISIANA,22,2200090,Ascension Parish,220009000036,Donaldsonville High School,115,85-89,1,PS,,,107,85-89,,,,,7,GE50,22,60-79,106,85-89,,,01JUL17,LA-003,LA-003-003003
LOUISIANA,22,2200090,Ascension Parish,220009000038,East Ascension High School,454,85,4,PS,5,PS,194,85-89,54,70-79,2,PS,195,85-89,39,60-69,243,75-79,11,LT50,01JUL17,LA-003,LA-003-003005
LOUISIANA,22,2200090,Ascension Parish,220009000046,St. Amant High School,483,89,4,PS,1,PS,75,85-89,13,GE50,3,PS,387,88,41,70-79,195,75-79,2,PS,01JUL17,LA-003,LA-003-003014
LOUISIANA,22,2200090,Ascension Parish,220009001541,Dutchtown High School,480,92,2,PS,10,GE50,100,90-94,14,GE50,4,PS,350,93,29,60-79,121,85-89,2,PS,01JUL17,LA-003,LA-003-003016
LOUISIANA,22,2200120,Assumption Parish,220012000048,Assumption High School,244,85,,,,,90,75-79,6,GE50,,,148,85-89,28,40-59,154,80-84,2,PS,01JUL17,LA-004,LA-004-004001
LOUISIANA,22,2200125,Central Community School District,220012500363,Central High School,306,86,1,PS,3,PS,53,GE90,7,GE50,1,PS,241,80-84,13,LT50,120,75-79,,,01JUL17,LA-069,LA-069-069004
LOUISIANA,22,2200146,D'Arbonne Woods Charter School,220014602282,D'Arbonne Woods Charter School,36,GE90,,,1,PS,7,GE50,3,PS,,,25,GE80,3,PS,17,GE80,1,PS,01JUL17,LA-341,LA-341-341001
LOUISIANA,22,2200148,"Community School for Apprenticeship Learning, Inc.",220014802267,Madison Preparatory Academy,72,85-89,,,,,72,85-89,,,,,,,6,GE50,56,80-89,,,01JUL17,LA-343,LA-343-343001
LOUISIANA,22,2200150,Avoyelles Parish,220015000063,Bunkie New Tech High School,76,75-79,1,PS,1,PS,37,70-79,,,1,PS,36,70-79,4,PS,45,70-79,,,01JUL17,LA-005,LA-005-005004
LOUISIANA,22,2200150,Avoyelles Parish,220015000073,Marksville High School,137,70-74,1,PS,6,GE50,55,60-69,1,PS,,,74,75-79,5,PS,105,70-74,3,PS,01JUL17,LA-005,LA-005-005016
LOUISIANA,22,2200150,Avoyelles Parish,220015000075,Avoyelles High School,115,75-79,1,PS,,,36,60-69,,,,,78,80-84,4,PS,75,75-79,,,01JUL17,LA-005,LA-005-005018
LOUISIANA,22,2200150,Avoyelles Parish,220015001378,LA School for Ag Science,43,GE90,1,PS,,,4,PS,2,PS,1,PS,35,GE90,3,PS,24,GE80,,,01JUL17,LA-005,LA-005-005025
LOUISIANA,22,2200151,Howard School,220015101195,Howard School,29,LE20,,,,,20,LE20,2,PS,,,7,LT50,11,LT50,20,LE20,,,01JUL17,LA-307,LA-307-307001
LOUISIANA,22,2200156,Voices for International Business & Education,220015602270,International High School of New Orleans,117,65-69,,,5,PS,72,75-79,26,40-59,1,PS,13,GE50,7,GE50,76,70-74,17,LE20,01JUL17,LA-344,LA-344-344001
LOUISIANA,22,2200157,Louisiana Connections Academy,220015702322,Louisiana Connections Academy,213,54,3,PS,1,PS,25,40-59,14,LT50,8,GE50,162,55-59,11,GE50,107,45-49,,,01JUL17,LA-345,LA-345-345001
LOUISIANA,22,2200160,New Orleans Military/Maritime Academy,220016002327,New Orleans Military/Maritime Academy,106,90-94,,,,,60,80-89,9,GE50,3,PS,34,GE90,7,GE50,62,90-94,,,01JUL17,LA-348,LA-348-348001
LOUISIANA,22,2200180,Beauregard Parish,220018000081,DeRidder High School,167,90-94,1,PS,4,PS,44,80-89,11,GE50,1,PS,106,90-94,18,60-79,77,80-84,,,01JUL17,LA-006,LA-006-006002
LOUISIANA,22,2200180,Beauregard Parish,220018000083,East Beauregard High School,49,GE90,1,PS,,,,,2,PS,2,PS,44,GE90,4,PS,22,GE80,1,PS,01JUL17,LA-006,LA-006-006004
LOUISIANA,22,2200180,Beauregard Parish,220018000086,Merryville High School,40,GE90,,,,,3,PS,1,PS,,,36,GE90,3,PS,20,GE80,,,01JUL17,LA-006,LA-006-006008
LOUISIANA,22,2200180,Beauregard Parish,220018000088,Singer High School,17,GE80,,,,,,,,,,,17,GE80,3,PS,11,GE50,,,01JUL17,LA-006,LA-006-006010
LOUISIANA,22,2200180,Beauregard Parish,220018000089,South Beauregard High School,102,90-94,,,,,1,PS,1,PS,,,100,90-94,7,GE50,44,80-89,,,01JUL17,LA-006,LA-006-006011
LOUISIANA,22,2200186,Sophie B. Wright Institute of Academic Excellence,220018600981,Sophie B. Wright Institute of Academic Excellence,58,80-89,,,,,55,GE90,3,PS,,,,,4,PS,49,GE90,1,PS,01JUL17,LA-W71,LA-W71-W71001
LOUISIANA,22,2200188,The NET Charter High School,220018802340,The NET Charter High School,56,20-29,,,,,53,20-29,2,PS,,,1,PS,8,LT50,55,20-29,1,PS,01JUL17,LA-WAH,LA-WAH-WAH001
LOUISIANA,22,2200197,KIPP Renaissance High School,220019700953,KIPP Renaissance High School,104,75-79,,,1,PS,101,75-79,1,PS,,,1,PS,18,60-79,91,85-89,3,PS,01JUL17,LA-W84,LA-W84-W84001
LOUISIANA,22,2200205,"Northshore Charter School, Inc.",220020502371,Northshore Charter School,1,PS,,,,,,,,,,,1,PS,,,1,PS,,,01JUL17,LA-W4B,LA-W4B-W4B001
LOUISIANA,22,2200207,Lord Beaconsfield Landry-Oliver Perry Walker High,220020700972,Lord Beaconsfield Landry-Oliver Perry Walker High,320,63,,,1,PS,318,63,1,PS,,,,,31,40-49,285,65-69,7,GE50,01JUL17,LA-W6A,LA-W6A-W6A001
LOUISIANA,22,2200210,Bienville Parish,220021000090,Arcadia High School,39,GE90,,,,,38,GE90,1,PS,,,,,,,37,GE90,,,01JUL17,LA-W62,LA-W62-W62001
LOUISIANA,22,2200210,Bienville Parish,220021000092,Castor High School,44,80-89,,,,,3,PS,,,2,PS,39,80-89,3,PS,29,GE80,,,01JUL17,LA-007,LA-007-007001
LOUISIANA,22,2200210,Bienville Parish,220021000095,Gibsland-Coleman High School,18,GE80,,,,,16,GE80,,,,,2,PS,2,PS,15,GE50,,,01JUL17,LA-007,LA-007-007003
LOUISIANA,22,2200210,Bienville Parish,220021000098,Ringgold High School,35,GE90,,,,,21,GE80,,,,,14,GE50,,,26,GE80,,,01JUL17,LA-007,LA-007-007006
LOUISIANA,22,2200210,Bienville Parish,220021000099,Saline High School,19,GE80,,,,,4,PS,,,,,15,GE50,2,PS,6,GE50,,,01JUL17,LA-007,LA-007-007008
LOUISIANA,22,2200214,Crescent Leadership Academy,220021402020,Crescent Leadership Academy,26,21-39,,,,,26,21-39,,,,,,,2,PS,16,40-59,,,01JUL17,LA-007,LA-007-007009
LOUISIANA,22,2200217,Dr. Martin Luther King Charter School for Sci/Tech,220021700414,Dr. Martin Luther King Charter School for Sci/Tech,37,80-89,,,,,36,80-89,,,,,1,PS,3,PS,30,GE80,,,01JUL17,LA-WAI,LA-WAI-WAI001
LOUISIANA,22,2200218,G. W. Carver Preparatory Academy,220021802337,G. W. Carver Preparatory Academy,91,55-59,,,,,85,60-64,5,PS,,,1,PS,15,LT50,82,60-64,4,PS,01JUL17,LA-W31,LA-W31-W31001
LOUISIANA,22,2200221,"ReNEW-Reinventing Education, Inc",220022102323,ReNew Accelerated High School,135,14-Oct,1,PS,,,130,14-Oct,1,PS,,,3,PS,24,21-39,116,14-Oct,1,PS,01JUL17,LA-WJ3,LA-WJ3-WJ3001
LOUISIANA,22,2200229,Joseph S. Clark Preparatory High School,220022900865,Joseph S. Clark Preparatory High School,104,65-69,1,PS,,,100,65-69,1,PS,,,2,PS,25,40-59,101,65-69,,,01JUL17,LA-WZ5,LA-WZ5-WZ5001
LOUISIANA,22,2200232,Vision Academy,220023202389,Vision Academy,37,20-29,,,,,37,20-29,,,,,,,7,LT50,32,30-39,,,01JUL17,LA-W93,LA-W93-W93001
LOUISIANA,22,2200233,Louisiana Virtual Charter Academy,220023302320,Louisiana Virtual Charter Academy,110,40-44,,,3,PS,21,21-39,1,PS,,,85,45-49,12,GE50,68,30-34,,,01JUL17,LA-W9A,LA-W9A-W9A001
LOUISIANA,22,2200237,Sci Academy,220023702068,Sci Academy,96,65-69,,,10,GE50,72,65-69,10,GE50,1,PS,3,PS,16,21-39,85,65-69,17,60-79,01JUL17,LA-WAG,LA-WAG-WAG001
LOUISIANA,22,2200238,Cohen College Prep,220023802341,Cohen College Prep,77,65-69,,,,,74,65-69,2,PS,,,1,PS,14,LT50,71,70-74,2,PS,01JUL17,LA-WJ1,LA-WJ1-WJ1001
LOUISIANA,22,2200240,City of Bogalusa School District,220024000103,Bogalusa High School,134,65-69,,,1,PS,98,65-69,3,PS,,,32,70-79,20,60-79,121,65-69,1,PS,01JUL17,LA-WE2,LA-WE2-WE2001
LOUISIANA,22,2200241,JCFA-East,220024102370,JCFA-East,37,19-Nov,,,,,11,LT50,10,LT50,1,PS,15,LT50,5,PS,22,LE20,6,LT50,01JUL17,LA-066,LA-066-066002
LOUISIANA,22,2200252,Northeast Claiborne Charter,220025202397,Northeast Claiborne Charter,12,GE50,,,,,3,PS,1,PS,,,8,GE50,,,6,GE50,,,01JUL17,LA-W1A,LA-W1A-W1A001
LOUISIANA,22,2200257,Capitol High School,220025702400,Capitol High School,70,70-74,,,,,70,70-74,,,,,,,9,GE50,55,80-89,,,01JUL17,LA-W4A,LA-W4A-W4A001
LOUISIANA,22,2200261,Lake Area New Tech Early College High School,220026102277,Lake Area New Tech Early College High School,171,65-69,,,,,170,65-69,1,PS,,,,,22,21-39,152,70-74,,,01JUL17,LA-W5B,LA-W5B-W5B001
LOUISIANA,22,2200264,Algiers Technology Academy,220026402057,Algiers Technology Academy,48,50-59,,,,,47,50-59,,,,,1,PS,7,GE50,43,50-59,,,01JUL17,LA-W9B,LA-W9B-W9B001
LOUISIANA,22,2200265,G. W. Carver Collegiate Academy,220026502334,G. W. Carver Collegiate Academy,90,60-64,,,4,PS,84,60-64,,,,,2,PS,14,GE50,71,70-74,4,PS,01JUL17,LA-W13,LA-W13-W13001
LOUISIANA,22,2200270,Bossier Parish,220027000112,Airline High School,401,84,1,PS,12,GE50,133,70-74,21,GE80,12,GE50,222,85-89,38,50-59,184,70-74,1,PS,01JUL17,LA-W67,LA-W67-W67001
LOUISIANA,22,2200270,Bossier Parish,220027000117,Benton High School,195,90-94,1,PS,,,26,GE80,6,GE50,2,PS,160,85-89,22,60-79,56,80-89,1,PS,01JUL17,LA-WJ2,LA-WJ2-WJ2001
LOUISIANA,22,2200270,Bossier Parish,220027000120,Bossier High School,154,70-74,,,2,PS,102,75-79,15,GE50,1,PS,34,60-69,20,60-79,134,75-79,5,PS,01JUL17,LA-008,LA-008-008001
LOUISIANA,22,2200270,Bossier Parish,220027000127,Haughton High School,243,82,4,PS,3,PS,42,80-89,14,GE50,5,PS,175,80-84,21,40-59,124,75-79,3,PS,01JUL17,LA-008,LA-008-008006
LOUISIANA,22,2200270,Bossier Parish,220027000130,Parkway High School,277,87,2,PS,11,GE50,68,90-94,14,GE50,8,GE50,174,85-89,20,60-79,111,80-84,1,PS,01JUL17,LA-008,LA-008-008009
LOUISIANA,22,2200270,Bossier Parish,220027000132,Plain Dealing High School,35,70-79,,,,,20,60-79,,,,,15,GE50,11,LT50,26,60-79,,,01JUL17,LA-008,LA-008-008017
LOUISIANA,22,2200270,Bossier Parish,220027000218,Johnny Gray Jones Youth Shelter & Detention Center,7,LT50,,,,,6,LT50,,,,,1,PS,,,3,PS,,,01JUL17,LA-008,LA-008-008020
LOUISIANA,22,2200300,Caddo Parish,220030000147,C.E. Byrd High School,516,91,,,6,GE50,221,85-89,13,GE50,11,GE50,265,90-94,17,40-59,227,80-84,4,PS,01JUL17,LA-008,LA-008-008022
LOUISIANA,22,2200300,Caddo Parish,220030000151,Captain Shreve High School,249,88,2,PS,3,PS,108,90-94,10,GE50,5,PS,121,85-89,22,40-59,115,80-84,4,PS,01JUL17,LA-008,LA-008-008036
LOUISIANA,22,2200300,Caddo Parish,220030000161,Fair Park High School,168,60-64,,,,,166,60-64,1,PS,,,1,PS,22,21-39,156,60-64,,,01JUL17,LA-009,LA-009-009008
LOUISIANA,22,2200300,Caddo Parish,220030000163,Green Oaks Performing Arts Academy,84,90-94,,,,,84,90-94,,,,,,,6,LT50,78,90-94,,,01JUL17,LA-009,LA-009-009013
LOUISIANA,22,2200300,Caddo Parish,220030000169,Huntington High School,168,70-74,,,,,136,75-79,7,GE50,1,PS,24,21-39,20,21-39,124,65-69,,,01JUL17,LA-009,LA-009-009022
LOUISIANA,22,2200300,Caddo Parish,220030000179,North Caddo High School,73,80-84,,,,,28,60-79,1,PS,,,44,80-89,7,GE50,50,80-89,,,01JUL17,LA-009,LA-009-009025
LOUISIANA,22,2200300,Caddo Parish,220030000182,Northwood High School,210,83,1,PS,1,PS,67,90-94,4,PS,1,PS,136,75-79,10,GE50,116,75-79,,,01JUL17,LA-009,LA-009-009031
LOUISIANA,22,2200300,Caddo Parish,220030000197,Southwood High School,297,85,1,PS,1,PS,203,85-89,7,GE50,2,PS,83,75-79,15,GE50,208,80-84,2,PS,01JUL17,LA-009,LA-009-009042
LOUISIANA,22,2200300,Caddo Parish,220030000208,Booker T. Washington New Technology High School,135,70-74,,,,,134,70-74,,,,,1,PS,20,60-79,129,70-74,,,01JUL17,LA-009,LA-009-009045
LOUISIANA,22,2200300,Caddo Parish,220030000212,Woodlawn Leadership Academy,166,65-69,,,,,162,65-69,,,1,PS,3,PS,22,40-59,153,65-69,,,01JUL17,LA-009,LA-009-009059
LOUISIANA,22,2200300,Caddo Parish,220030001513,Shreveport Job Corps Opportunity Center,124,LE5,,,,,107,LE5,1,PS,,,16,LE20,6,LT50,84,LE5,,,01JUL17,LA-009,LA-009-009069
LOUISIANA,22,2200300,Caddo Parish,220030001551,Caddo Parish Magnet High School,273,GE99,1,PS,20,GE80,81,GE95,10,GE50,9,GE50,152,GE95,2,PS,80,GE95,,,01JUL17,LA-009,LA-009-009073
LOUISIANA,22,2200300,Caddo Parish,220030001698,Alexander Learning Center,13,LT50,,,1,PS,9,LT50,,,,,3,PS,1,PS,6,LT50,,,01JUL17,LA-009,LA-009-009093
LOUISIANA,22,2200300,Caddo Parish,220030002333,Community Ombudsman,41,LE10,,,,,34,LE10,,,,,7,LT50,1,PS,29,LE20,,,01JUL17,LA-009,LA-009-009012
LOUISIANA,22,2200300,Caddo Parish,220030002382,Pathways in Education-Louisiana Inc.,68,9-Jun,,,1,PS,39,LE10,,,,,28,LE20,8,LT50,51,LE10,,,01JUL17,LA-009,LA-009-009096
LOUISIANA,22,2200300,Caddo Parish,220030002413,Pathways in Education - North market,25,LE20,,,,,10,LT50,1,PS,,,14,LT50,5,PS,21,LE20,,,01JUL17,LA-009,LA-009-009105
LOUISIANA,22,2200330,Calcasieu Parish,220033000216,Alfred M. Barbe High School,436,83,,,17,60-79,143,80-84,16,60-79,2,PS,258,85-89,39,50-59,175,70-74,5,PS,01JUL17,LA-009,LA-009-009104
LOUISIANA,22,2200330,Calcasieu Parish,220033000217,Bell City High School,33,GE90,,,,,3,PS,,,,,30,GE80,3,PS,8,GE50,,,01JUL17,LA-009,LA-009-009108
LOUISIANA,22,2200330,Calcasieu Parish,220033000227,DeQuincy High School,95,85-89,,,1,PS,19,60-79,,,,,75,85-89,11,GE50,50,70-79,1,PS,01JUL17,LA-009,LA-009-009109
LOUISIANA,22,2200330,Calcasieu Parish,220033000237,Sam Houston High School,268,85,1,PS,,,33,80-89,5,PS,,,229,85-89,19,21-39,103,70-74,1,PS,01JUL17,LA-009,LA-009-009110
LOUISIANA,22,2200330,Calcasieu Parish,220033000238,Iowa High School,106,80-84,,,,,35,80-89,3,PS,,,68,80-84,13,LT50,63,70-74,1,PS,01JUL17,LA-010,LA-010-010003
LOUISIANA,22,2200330,Calcasieu Parish,220033000244,LaGrange High School,276,67,,,,,242,65-69,6,GE50,,,28,40-59,47,30-39,223,60-64,2,PS,01JUL17,LA-010,LA-010-010004
LOUISIANA,22,2200330,Calcasieu Parish,220033000265,Starks High School,30,GE80,,,,,,,,,,,30,GE80,5,PS,18,GE80,,,01JUL17,LA-010,LA-010-010014
LOUISIANA,22,2200330,Calcasieu Parish,220033000266,Sulphur High School,415,90,1,PS,2,PS,45,80-89,16,GE80,2,PS,349,91,42,50-59,174,80-84,2,PS,01JUL17,LA-010,LA-010-010025
LOUISIANA,22,2200330,Calcasieu Parish,220033000270,Vinton High School,62,80-84,,,1,PS,10,GE50,5,PS,4,PS,42,80-89,6,LT50,35,80-89,1,PS,01JUL17,LA-010,LA-010-010026
LOUISIANA,22,2200330,Calcasieu Parish,220033000272,Washington/Marion Magnet High School,183,60-64,,,,,180,60-64,,,,,3,PS,24,21-39,156,55-59,,,01JUL17,LA-010,LA-010-010033
LOUISIANA,22,2200330,Calcasieu Parish,220033000278,Westlake High School,122,80-84,,,,,32,70-79,1,PS,1,PS,88,85-89,17,40-59,67,75-79,,,01JUL17,LA-010,LA-010-010051
LOUISIANA,22,2200360,Caldwell Parish,220036000281,Caldwell Parish High School,76,GE95,,,1,PS,12,GE50,1,PS,1,PS,61,GE95,8,GE50,38,GE90,,,01JUL17,LA-010,LA-010-010052
LOUISIANA,22,2200390,Cameron Parish,220039000289,Grand Lake High School,43,80-89,1,PS,,,1,PS,1,PS,,,40,GE90,2,PS,14,GE50,,,01JUL17,LA-010,LA-010-010056
LOUISIANA,22,2200390,Cameron Parish,220039000290,Hackberry High School,21,GE80,1,PS,,,,,,,,,20,GE80,2,PS,7,GE50,,,01JUL17,LA-010,LA-010-010058
LOUISIANA,22,2200390,Cameron Parish,220039000291,Johnson Bayou High School,6,GE50,,,,,,,1,PS,,,5,PS,1,PS,2,PS,,,01JUL17,LA-010,LA-010-010064
LOUISIANA,22,2200390,Cameron Parish,220039000293,South Cameron High School,32,GE90,,,,,,,1,PS,1,PS,30,GE80,2,PS,16,GE80,,,01JUL17,LA-011,LA-011-011001
LOUISIANA,22,2200420,Catahoula Parish,220042000294,Block High School,59,80-89,,,2,PS,24,60-79,1,PS,,,32,80-89,3,PS,42,80-89,,,01JUL17,LA-012,LA-012-012003
LOUISIANA,22,2200420,Catahoula Parish,220042000295,Central High School,7,GE50,,,,,,,,,,,7,GE50,,,5,PS,,,01JUL17,LA-012,LA-012-012004
LOUISIANA,22,2200420,Catahoula Parish,220042000298,Harrisonburg High School,27,GE80,,,,,2,PS,,,,,25,GE80,2,PS,14,GE50,,,01JUL17,LA-012,LA-012-012005
LOUISIANA,22,2200420,Catahoula Parish,220042000304,Sicily Island High School,16,GE80,,,,,8,GE50,,,,,8,GE50,1,PS,12,GE50,,,01JUL17,LA-012,LA-012-012007
LOUISIANA,22,2200450,Claiborne Parish,220045000308,Haynesville Jr./Sr. High School,36,80-89,,,,,25,GE80,,,,,11,GE50,5,PS,26,GE80,,,01JUL17,LA-013,LA-013-013001
LOUISIANA,22,2200450,Claiborne Parish,220045000311,Homer High School,43,80-89,,,,,39,80-89,,,,,4,PS,7,LT50,36,80-89,,,01JUL17,LA-013,LA-013-013002
LOUISIANA,22,2200450,Claiborne Parish,220045000315,Summerfield High School,24,GE80,1,PS,,,11,GE50,,,,,12,GE50,3,PS,14,GE50,,,01JUL17,LA-013,LA-013-013005
LOUISIANA,22,2200480,Concordia Parish,220048000317,Ferriday High School,46,80-89,,,,,43,80-89,1,PS,,,2,PS,2,PS,43,80-89,1,PS,01JUL17,LA-013,LA-013-013011
LOUISIANA,22,2200480,Concordia Parish,220048000322,Monterey High School,27,GE80,,,,,,,,,,,27,GE80,2,PS,13,GE50,,,01JUL17,LA-014,LA-014-014004
LOUISIANA,22,2200480,Concordia Parish,220048000324,Vidalia High School,115,80-84,1,PS,,,39,GE90,,,2,PS,73,70-74,10,GE50,66,70-74,,,01JUL17,LA-014,LA-014-014007
LOUISIANA,22,2200480,Concordia Parish,220048001515,Concordia Education Center,27,LE20,,,,,22,LE20,,,,,5,PS,1,PS,27,LE20,,,01JUL17,LA-014,LA-014-014011
LOUISIANA,22,2200510,DeSoto Parish,220051000331,Logansport High School,48,GE90,,,,,26,GE80,1,PS,,,21,GE80,4,PS,30,GE80,,,01JUL17,LA-015,LA-015-015002
LOUISIANA,22,2200510,DeSoto Parish,220051000334,Mansfield High School,106,90-94,,,,,98,90-94,,,,,8,GE50,10,GE50,91,90-94,,,01JUL17,LA-015,LA-015-015006
LOUISIANA,22,2200510,DeSoto Parish,220051000337,Stanley High School,28,GE80,,,,,5,PS,,,1,PS,22,GE80,1,PS,9,GE50,,,01JUL17,LA-015,LA-015-015008
LOUISIANA,22,2200510,DeSoto Parish,220051001579,North DeSoto High School,140,GE95,,,,,29,GE80,4,PS,1,PS,106,GE95,7,GE50,61,GE95,,,01JUL17,LA-015,LA-015-015014
LOUISIANA,22,2200540,East Baton Rouge Parish,220054000339,EBR Readiness Superintendent Academy,31,LE10,,,,,29,LE20,,,,,2,PS,3,PS,21,LE20,,,01JUL17,LA-016,LA-016-016004
LOUISIANA,22,2200540,East Baton Rouge Parish,220054000340,Arlington Preparatory Academy,12,LT50,,,,,10,LT50,,,,,2,PS,11,LT50,11,LT50,,,01JUL17,LA-016,LA-016-016007
LOUISIANA,22,2200540,East Baton Rouge Parish,220054000347,Baton Rouge Magnet High School,339,GE99,,,60,GE90,139,GE95,6,GE50,2,PS,132,GE95,5,PS,118,GE95,,,01JUL17,LA-016,LA-016-016010
LOUISIANA,22,2200540,East Baton Rouge Parish,220054000349,Belaire High School,298,56,1,PS,5,PS,272,55-59,12,LT50,,,8,LT50,42,30-39,254,55-59,15,LT50,01JUL17,LA-016,LA-016-016012
LOUISIANA,22,2200540,East Baton Rouge Parish,220054000355,Broadmoor Senior High School,295,62,,,20,60-79,231,60-64,20,60-79,,,24,60-79,32,19-Nov,236,60-64,24,40-59,01JUL17,LA-017,LA-017-017092
LOUISIANA,22,2200540,East Baton Rouge Parish,220054000365,Northeast High School,78,80-84,,,,,61,80-84,2,PS,,,15,GE50,13,LT50,65,85-89,,,01JUL17,LA-017,LA-017-017001
LOUISIANA,22,2200540,East Baton Rouge Parish,220054000378,Glen Oaks Senior High School,118,60-64,,,,,115,60-64,2,PS,1,PS,,,17,21-39,106,65-69,1,PS,01JUL17,LA-017,LA-017-017008
LOUISIANA,22,2200540,East Baton Rouge Parish,220054000397,McKinley Senior High School,323,70,,,3,PS,286,70-74,13,LT50,,,21,40-59,16,21-39,238,65-69,4,PS,01JUL17,LA-017,LA-017-017010
LOUISIANA,22,2200540,East Baton Rouge Parish,220054000404,Northdale Superintendent's Academy,69,14-Oct,,,,,66,14-Oct,2,PS,,,1,PS,8,LT50,60,19-Nov,,,01JUL17,LA-017,LA-017-017016
LOUISIANA,22,2200540,East Baton Rouge Parish,220054000423,Scotlandville Magnet High School,357,78,,,,,353,78,,,1,PS,3,PS,18,21-39,276,75-79,1,PS,01JUL17,LA-017,LA-017-017065
LOUISIANA,22,2200540,East Baton Rouge Parish,220054000434,Tara High School,273,48,,,7,GE50,230,45-49,16,21-39,,,20,60-79,26,LE20,209,45-49,13,LT50,01JUL17,LA-017,LA-017-017038
LOUISIANA,22,2200540,East Baton Rouge Parish,220054000447,Woodlawn High School,259,74,1,PS,9,GE50,174,75-79,18,60-79,2,PS,55,60-69,26,40-59,172,65-69,11,LT50,01JUL17,LA-017,LA-017-017056
LOUISIANA,22,2200540,East Baton Rouge Parish,220054002311,Mentorship STEAM Academy,127,85-89,,,1,PS,120,85-89,1,PS,,,5,PS,9,GE50,108,85-89,1,PS,01JUL17,LA-017,LA-017-017063
LOUISIANA,22,2200540,East Baton Rouge Parish,220054002342,Robert E. Lee High School,52,70-79,,,1,PS,35,80-89,5,PS,,,11,GE50,4,PS,36,80-89,5,PS,01JUL17,LA-017,LA-017-017079
LOUISIANA,22,2200570,East Carroll Parish,220057000454,General Trass High School,59,GE90,,,,,58,GE90,,,,,1,PS,4,PS,53,GE90,,,01JUL17,LA-017,LA-017-017088
LOUISIANA,22,2200600,East Feliciana Parish,220060000465,East Feliciana High School,92,75-79,,,,,83,80-84,,,,,9,GE50,23,40-59,71,75-79,,,01JUL17,LA-017,LA-017-017102
LOUISIANA,22,2200600,East Feliciana Parish,220060000715,East Feliciana Parish Enrichment Academy,3,PS,,,,,3,PS,,,,,,,,,3,PS,,,01JUL17,LA-017,LA-017-017133
LOUISIANA,22,2200600,East Feliciana Parish,220060002321,Slaughter Community Charter School,39,80-89,,,,,16,GE80,,,,,23,60-79,2,PS,25,GE80,,,01JUL17,LA-017,LA-017-017138
LOUISIANA,22,2200630,Evangeline Parish,220063000470,Basile High School,44,80-89,,,,,6,GE50,1,PS,,,37,80-89,10,GE50,22,60-79,,,01JUL17,LA-018,LA-018-018002
LOUISIANA,22,2200630,Evangeline Parish,220063000475,Mamou High School,92,85-89,,,,,30,GE80,1,PS,1,PS,60,80-89,7,LT50,54,70-79,,,01JUL17,LA-019,LA-019-019014
LOUISIANA,22,2200630,Evangeline Parish,220063000478,Pine Prairie High School,133,80-84,1,PS,,,25,GE80,4,PS,,,103,80-84,16,21-39,88,80-84,,,01JUL17,LA-019,LA-019-019015
LOUISIANA,22,2200630,Evangeline Parish,220063000482,Ville Platte High School,108,70-74,1,PS,,,72,70-74,,,,,35,80-89,17,LE20,99,70-74,,,01JUL17,LA-020,LA-020-020001
LOUISIANA,22,2200630,Evangeline Parish,220063001717,Evangeline Central School,65,LE5,,,,,37,LE10,,,,,28,LE20,17,LE20,57,LE10,,,01JUL17,LA-020,LA-020-020008
LOUISIANA,22,2200660,Franklin Parish,220066000490,Franklin Parish High School,182,70-74,,,,,88,75-79,,,1,PS,93,60-64,21,40-59,144,65-69,,,01JUL17,LA-020,LA-020-020010
LOUISIANA,22,2200690,Grant Parish,220069000500,Georgetown High School,13,GE50,,,,,,,,,,,13,GE50,,,10,GE50,,,01JUL17,LA-020,LA-020-020014
LOUISIANA,22,2200690,Grant Parish,220069000501,Grant High School,167,80-84,,,,,14,GE50,4,PS,2,PS,147,80-84,20,40-59,94,75-79,,,01JUL17,LA-020,LA-020-020018
LOUISIANA,22,2200690,Grant Parish,220069000502,Montgomery High School,30,GE80,1,PS,,,3,PS,,,,,26,GE80,4,PS,20,60-79,,,01JUL17,LA-021,LA-021-021007
LOUISIANA,22,2200720,Iberia Parish,220072000511,Delcambre High School,65,90-94,1,PS,1,PS,6,GE50,1,PS,,,56,GE90,3,PS,27,GE80,1,PS,01JUL17,LA-022,LA-022-022004
LOUISIANA,22,2200720,Iberia Parish,220072000519,Jeanerette Senior High School,67,75-79,,,,,51,70-79,,,,,16,GE80,10,GE50,58,70-79,,,01JUL17,LA-022,LA-022-022005
LOUISIANA,22,2200720,Iberia Parish,220072000523,Loreauville High School,71,90-94,,,,,15,GE50,,,,,56,GE90,4,PS,36,GE90,,,01JUL17,LA-022,LA-022-022006
LOUISIANA,22,2200720,Iberia Parish,220072000525,Westgate High School,258,72,,,19,GE80,137,65-69,3,PS,,,99,75-79,24,21-39,198,65-69,3,PS,01JUL17,LA-023,LA-023-023007
LOUISIANA,22,2200720,Iberia Parish,220072000527,New Iberia Senior High School,407,72,,,7,GE50,178,65-69,19,60-79,1,PS,202,75-79,40,30-39,264,65-69,5,PS,01JUL17,LA-023,LA-023-023015
LOUISIANA,22,2200750,Iberville Parish,220075000231,East Iberville Elementary/High School,33,60-69,1,PS,,,23,60-79,2,PS,,,7,GE50,3,PS,21,40-59,,,01JUL17,LA-023,LA-023-023020
LOUISIANA,22,2200750,Iberville Parish,220075000543,Plaquemine Senior High School,219,79,,,,,127,80-84,1,PS,,,91,75-79,21,21-39,152,75-79,,,01JUL17,LA-023,LA-023-023022
LOUISIANA,22,2200750,Iberville Parish,220075000550,White Castle High School,56,80-89,,,,,49,80-89,,,,,7,GE50,4,PS,49,80-89,,,01JUL17,LA-023,LA-023-023024
LOUISIANA,22,2200780,Jackson Parish,220078000555,Jonesboro-Hodge High School,72,90-94,,,,,53,GE90,,,,,19,60-79,7,GE50,50,80-89,,,01JUL17,LA-024,LA-024-024025
LOUISIANA,22,2200780,Jackson Parish,220078000556,Quitman High School,43,80-89,,,,,5,PS,,,1,PS,37,80-89,4,PS,25,60-79,,,01JUL17,LA-024,LA-024-024010
LOUISIANA,22,2200780,Jackson Parish,220078000560,Weston High School,32,GE90,,,1,PS,4,PS,,,,,27,GE80,2,PS,14,GE50,,,01JUL17,LA-024,LA-024-024017
LOUISIANA,22,2200810,Jefferson Davis Parish,220081000561,Elton High School,33,80-89,2,PS,,,8,GE50,,,3,PS,20,GE80,3,PS,15,GE50,,,01JUL17,LA-025,LA-025-025005
LOUISIANA,22,2200810,Jefferson Davis Parish,220081000564,Hathaway High School,34,GE90,,,,,2,PS,,,1,PS,31,GE90,4,PS,17,GE80,,,01JUL17,LA-025,LA-025-025007
LOUISIANA,22,2200810,Jefferson Davis Parish,220081000566,Jennings High School,122,90-94,,,1,PS,36,GE90,1,PS,6,GE50,78,90-94,13,GE50,71,85-89,,,01JUL17,LA-025,LA-025-025010
LOUISIANA,22,2200810,Jefferson Davis Parish,220081000570,Lacassine High School,54,GE90,1,PS,,,6,GE50,,,1,PS,46,GE90,3,PS,23,GE80,,,01JUL17,LA-027,LA-027-027001
LOUISIANA,22,2200810,Jefferson Davis Parish,220081000572,Lake Arthur High School,67,90-94,,,,,4,PS,,,4,PS,59,GE90,3,PS,40,GE90,,,01JUL17,LA-027,LA-027-027004
LOUISIANA,22,2200810,Jefferson Davis Parish,220081000574,Welsh High School,78,GE95,,,,,15,GE50,1,PS,3,PS,59,GE90,2,PS,41,GE90,,,01JUL17,LA-027,LA-027-027006
LOUISIANA,22,2200840,Jefferson Parish,220084000585,Bonnabel Magnet Academy High School,394,63,1,PS,13,GE50,165,60-64,133,55-59,8,GE50,74,65-69,41,20-29,289,65-69,51,20-29,01JUL17,LA-027,LA-027-027010
LOUISIANA,22,2200840,Jefferson Parish,220084000592,Helen Cox High School,206,85,1,PS,14,GE50,142,85-89,22,60-79,4,PS,23,GE80,16,60-79,162,85-89,22,40-59,01JUL17,LA-027,LA-027-027012
LOUISIANA,22,2200840,Jefferson Parish,220084000597,East Jefferson High School,251,68,,,9,GE50,92,65-69,52,60-69,2,PS,96,70-74,20,21-39,178,70-74,16,21-39,01JUL17,LA-027,LA-027-027014
LOUISIANA,22,2200840,Jefferson Parish,220084000598,John Ehret High School,483,83,4,PS,28,GE80,274,80-84,53,80-89,8,GE50,116,80-84,39,40-49,392,82,13,LT50,01JUL17,LA-026,LA-026-026010
LOUISIANA,22,2200840,Jefferson Parish,220084000604,Fisher Middle/High School,67,85-89,1,PS,,,2,PS,8,GE50,4,PS,52,80-89,6,GE50,39,80-89,1,PS,01JUL17,LA-026,LA-026-026017
LOUISIANA,22,2200840,Jefferson Parish,220084000606,Grand Isle High School,7,GE50,3,PS,,,1,PS,,,1,PS,2,PS,1,PS,5,PS,,,01JUL17,LA-026,LA-026-026022
LOUISIANA,22,2200840,Jefferson Parish,220084000617,Haynes Academy School for Advanced Studies,95,GE95,,,20,GE80,11,GE50,9,GE50,1,PS,54,GE90,,,30,GE80,,,01JUL17,LA-026,LA-026-026023
LOUISIANA,22,2200840,Jefferson Parish,220084000620,L.W. Higgins High School,320,71,2,PS,15,GE50,195,70-74,36,70-79,5,PS,67,60-64,38,20-29,251,75-79,20,40-59,01JUL17,LA-026,LA-026-026029
LOUISIANA,22,2200840,Jefferson Parish,220084000625,Grace King High School,315,74,1,PS,28,GE80,64,75-79,111,65-69,2,PS,109,70-74,26,40-59,206,75-79,40,30-39,01JUL17,LA-026,LA-026-026031
LOUISIANA,22,2200840,Jefferson Parish,220084000642,Riverdale High School,206,90,3,PS,9,GE50,63,90-94,33,GE90,6,GE50,92,85-89,13,GE50,134,90-94,4,PS,01JUL17,LA-026,LA-026-026042
LOUISIANA,22,2200840,Jefferson Parish,220084000654,West Jefferson High School,327,69,,,11,GE50,173,75-79,89,60-64,6,LT50,48,50-59,32,30-39,238,70-74,40,30-39,01JUL17,LA-026,LA-026-026045
LOUISIANA,22,2200840,Jefferson Parish,220084001667,Patrick F. Taylor Science & Technology Academy,39,GE90,1,PS,3,PS,9,GE50,5,PS,,,21,GE80,1,PS,12,GE50,,,01JUL17,LA-026,LA-026-026051
LOUISIANA,22,2200840,Jefferson Parish,220084001964,Thomas Jefferson High School for Advanced Studies,112,GE95,,,17,GE80,38,GE90,4,PS,2,PS,51,GE90,,,47,GE90,,,01JUL17,LA-026,LA-026-026068
LOUISIANA,22,2200840,Jefferson Parish,220084002044,Martyn Alternative School,6,LT50,,,,,4,PS,1,PS,,,1,PS,3,PS,5,PS,1,PS,01JUL17,LA-026,LA-026-026080
LOUISIANA,22,2200840,Jefferson Parish,220084002305,JCFA,48,19-Nov,2,PS,,,20,LE20,8,LT50,,,18,LE20,3,PS,35,19-Nov,3,PS,01JUL17,LA-026,LA-026-026105
LOUISIANA,22,2200870,Lafayette Parish,220087000660,Acadiana High School,427,71,1,PS,8,GE50,166,65-69,20,60-79,5,PS,227,70-74,29,21-39,261,65-69,6,LT50,01JUL17,LA-026,LA-026-026107
LOUISIANA,22,2200870,Lafayette Parish,220087000668,Carencro High School,316,70,1,PS,,,188,65-69,5,PS,,,122,75-79,29,21-39,210,65-69,1,PS,01JUL17,LA-026,LA-026-026112
LOUISIANA,22,2200870,Lafayette Parish,220087000669,O. Comeaux High School,473,75,2,PS,7,LT50,129,70-74,18,60-79,,,317,78,32,20-29,217,65-69,2,PS,01JUL17,LA-026,LA-026-026123
LOUISIANA,22,2200870,Lafayette Parish,220087000678,Lafayette High School,607,87,2,PS,33,GE90,189,75-79,27,GE80,2,PS,354,92,33,60-69,266,75-79,13,GE50,01JUL17,LA-028,LA-028-028002
LOUISIANA,22,2200870,Lafayette Parish,220087000686,Northside High School,200,65-69,,,,,191,65-69,1,PS,,,8,GE50,12,LT50,155,70-74,,,01JUL17,LA-028,LA-028-028010
LOUISIANA,22,2200870,Lafayette Parish,220087001397,N. P. Moss Preparatory Academy,49,LE10,,,,,32,LE10,2,PS,,,15,LT50,4,PS,33,LE10,,,01JUL17,LA-028,LA-028-028011
LOUISIANA,22,2200870,Lafayette Parish,220087002072,Early College Academy,41,GE90,1,PS,2,PS,13,GE50,1,PS,,,24,GE80,,,17,GE80,,,01JUL17,LA-028,LA-028-028019
LOUISIANA,22,2200870,Lafayette Parish,220087002301,David Thibodaux STEM Magnet Academy,62,90-94,,,,,28,GE80,2,PS,1,PS,31,GE90,2,PS,35,GE90,,,01JUL17,LA-028,LA-028-028027
LOUISIANA,22,2200900,Lafourche Parish,220090000699,Central Lafourche High School,285,94,9,GE50,2,PS,49,80-89,7,GE50,8,GE50,210,GE95,14,GE50,147,90-94,,,01JUL17,LA-028,LA-028-028050
LOUISIANA,22,2200900,Lafourche Parish,220090000721,South Lafourche High School,251,88,18,GE80,5,PS,16,60-79,17,60-79,5,PS,190,90-94,16,40-59,138,80-84,2,PS,01JUL17,LA-028,LA-028-028053
LOUISIANA,22,2200900,Lafourche Parish,220090000725,Thibodaux High School,320,82,2,PS,2,PS,112,70-74,8,GE50,1,PS,195,85-89,28,21-39,184,75-79,,,01JUL17,LA-028,LA-028-028054
LOUISIANA,22,2200900,Lafourche Parish,220090002339,Virtual Academy of Lafourche,55,30-39,3,PS,,,15,LT50,1,PS,,,36,30-39,3,PS,45,30-39,,,01JUL17,LA-029,LA-029-029003
LOUISIANA,22,2200960,LaSalle Parish,220096000732,Jena High School,134,GE95,2,PS,,,18,GE80,2,PS,,,112,GE95,5,PS,75,90-94,,,01JUL17,LA-029,LA-029-029026
LOUISIANA,22,2200960,LaSalle Parish,220096000734,LaSalle High School,47,GE90,,,,,1,PS,,,,,46,GE90,2,PS,24,GE80,,,01JUL17,LA-029,LA-029-029029
LOUISIANA,22,2200990,Lincoln Parish,220099000742,Choudrant High School,39,GE90,,,,,2,PS,1,PS,,,36,GE90,5,PS,14,GE50,,,01JUL17,LA-029,LA-029-029037
LOUISIANA,22,2200990,Lincoln Parish,220099000752,Ruston High School,291,89,,,1,PS,150,85-89,7,GE50,,,133,90-94,25,40-59,158,80-84,3,PS,01JUL17,LA-029,LA-029-029040
LOUISIANA,22,2200990,Lincoln Parish,220099000753,Simsboro High School,43,GE90,,,,,19,GE80,3,PS,,,21,GE80,5,PS,27,GE80,,,01JUL17,LA-030,LA-030-030004
LOUISIANA,22,2201020,Livingston Parish,220102000755,Albany High School,121,85-89,,,,,8,GE50,2,PS,1,PS,110,90-94,13,GE50,60,80-89,1,PS,01JUL17,LA-030,LA-030-030006
LOUISIANA,22,2201020,Livingston Parish,220102000758,Denham Springs High School,493,83,2,PS,7,GE50,52,70-79,18,60-79,2,PS,412,84,41,50-59,205,75-79,2,PS,01JUL17,LA-031,LA-031-031003
LOUISIANA,22,2201020,Livingston Parish,220102000761,Doyle High School,94,75-79,,,1,PS,3,PS,1,PS,,,89,75-79,5,PS,45,60-69,,,01JUL17,LA-031,LA-031-031013
LOUISIANA,22,2201020,Livingston Parish,220102000762,French Settlement High School,48,80-89,,,,,,,2,PS,,,46,80-89,4,PS,19,60-79,,,01JUL17,LA-031,LA-031-031014
LOUISIANA,22,2201020,Livingston Parish,220102000765,Holden High School,45,80-89,,,,,1,PS,,,,,44,80-89,2,PS,20,GE80,,,01JUL17,LA-032,LA-032-032002
LOUISIANA,22,2201020,Livingston Parish,220102000767,Live Oak High School,291,91,1,PS,1,PS,14,GE50,2,PS,,,273,90-94,16,40-59,94,80-84,,,01JUL17,LA-032,LA-032-032005
LOUISIANA,22,2201020,Livingston Parish,220102000768,Maurepas School,31,GE90,,,,,,,1,PS,,,30,GE80,3,PS,12,GE50,1,PS,01JUL17,LA-032,LA-032-032008
LOUISIANA,22,2201020,Livingston Parish,220102000773,Springfield High School,68,75-79,,,1,PS,8,GE50,1,PS,,,58,70-79,7,LT50,42,70-79,,,01JUL17,LA-032,LA-032-032009
LOUISIANA,22,2201020,Livingston Parish,220102000774,Walker High School,333,84,,,2,PS,26,60-79,12,GE50,,,293,85-89,23,21-39,144,75-79,,,01JUL17,LA-032,LA-032-032012
LOUISIANA,22,2201020,Livingston Parish,220102000775,Walker Freshman High School,9,LT50,,,,,,,,,,,9,LT50,2,PS,3,PS,,,01JUL17,LA-032,LA-032-032014
LOUISIANA,22,2201020,Livingston Parish,220102000904,Denham Springs Freshman High School,19,LE20,,,,,3,PS,1,PS,,,15,LT50,,,10,LT50,1,PS,01JUL17,LA-032,LA-032-032017
LOUISIANA,22,2201050,Madison Parish,220105000780,Madison High School,126,65-69,,,,,114,70-74,2,PS,1,PS,9,LT50,16,40-59,119,65-69,,,01JUL17,LA-032,LA-032-032023
LOUISIANA,22,2201050,Madison Parish,220105010412,Christian Acres Alternative School,15,LT50,,,,,15,LT50,,,,,,,3,PS,6,LT50,,,01JUL17,LA-032,LA-032-032024
LOUISIANA,22,2201080,City of Monroe School District,220108000787,Carroll High School,113,75-79,,,,,113,75-79,,,,,,,18,40-59,106,75-79,,,01JUL17,LA-032,LA-032-032025
LOUISIANA,22,2201080,City of Monroe School District,220108000799,Neville High School,194,85-89,,,5,PS,112,85-89,4,PS,3,PS,70,90-94,21,40-59,108,80-84,1,PS,01JUL17,LA-032,LA-032-032042
LOUISIANA,22,2201080,City of Monroe School District,220108000803,Wossman High School,133,75-79,,,,,132,75-79,1,PS,,,,,28,60-79,123,75-79,,,01JUL17,LA-033,LA-033-033002
LOUISIANA,22,2201080,City of Monroe School District,220108002019,Sherrouse School,19,LE20,,,,,13,LT50,1,PS,,,5,PS,5,PS,18,LE20,,,01JUL17,LA-033,LA-033-033010
LOUISIANA,22,2201110,Morehouse Parish,220111000805,Bastrop High School,258,68,1,PS,1,PS,203,70-74,3,PS,1,PS,49,40-49,37,30-39,205,65-69,3,PS,01JUL17,LA-065,LA-065-065002
LOUISIANA,22,2201110,Morehouse Parish,220111002359,Beekman Charter School,34,80-89,,,,,7,GE50,,,,,27,60-79,,,19,60-79,,,01JUL17,LA-065,LA-065-065014
LOUISIANA,22,2201140,Natchitoches Parish,220114000101,Lakeview Junior & Senior High School,65,85-89,1,PS,,,36,80-89,,,1,PS,27,GE80,6,GE50,43,80-89,,,01JUL17,LA-065,LA-065-065018
LOUISIANA,22,2201140,Natchitoches Parish,220114000834,Natchitoches Central High School,331,84,6,GE50,,,176,80-84,6,GE50,6,GE50,137,85-89,32,50-59,210,75-79,,,01JUL17,LA-065,LA-065-065023
LOUISIANA,22,2201140,Natchitoches Parish,220114001404,Frankie Ray Jackson Sr. Technical Center,29,40-59,,,,,25,40-59,,,,,4,PS,7,LT50,24,21-39,,,01JUL17,LA-034,LA-034-034002
LOUISIANA,22,2201170,Orleans Parish,220117000234,New Orleans Charter Science and Mathematics HS,94,85-89,,,,,71,90-94,7,GE50,2,PS,14,GE50,7,GE50,74,85-89,,,01JUL17,LA-034,LA-034-034003
LOUISIANA,22,2201170,Orleans Parish,220117000880,Warren Easton Senior High School,236,98,1,PS,1,PS,231,GE95,3,PS,,,,,4,PS,188,GE95,2,PS,01JUL17,LA-035,LA-035-035026
LOUISIANA,22,2201170,Orleans Parish,220117000888,Benjamin Franklin High School,209,GE99,,,36,GE90,64,GE95,12,GE50,7,GE50,90,GE95,2,PS,64,GE95,,,01JUL17,LA-035,LA-035-035009
LOUISIANA,22,2201170,Orleans Parish,220117000911,Edna Karr High School,256,96,,,3,PS,250,GE95,1,PS,1,PS,1,PS,18,GE80,199,GE95,,,01JUL17,LA-035,LA-035-035030
LOUISIANA,22,2201170,Orleans Parish,220117000926,Lusher Charter School,126,GE95,,,2,PS,61,GE95,8,GE50,9,GE50,46,GE90,3,PS,46,GE90,,,01JUL17,LA-035,LA-035-035032
LOUISIANA,22,2201170,Orleans Parish,220117000939,McDonogh #35 College Preparatory School,194,75-79,,,,,189,80-84,5,PS,,,,,22,60-79,178,80-84,4,PS,01JUL17,LA-036,LA-036-036163
LOUISIANA,22,2201170,Orleans Parish,220117000945,Eleanor McMain Secondary School,151,90-94,,,14,GE50,132,90-94,4,PS,,,1,PS,10,GE50,129,90-94,3,PS,01JUL17,LA-036,LA-036-036035
LOUISIANA,22,2201170,Orleans Parish,220117001522,Youth Study Center,20,LE20,,,,,18,LE20,,,,,2,PS,4,PS,15,LT50,,,01JUL17,LA-036,LA-036-036043
LOUISIANA,22,2201200,Ouachita Parish,220120001001,Ouachita Parish High School,304,86,,,4,PS,172,85-89,8,GE50,,,120,85-89,34,60-69,192,80-84,4,PS,01JUL17,LA-036,LA-036-036064
LOUISIANA,22,2201200,Ouachita Parish,220120001013,Sterlington High School,89,GE95,,,,,15,GE50,1,PS,,,73,GE95,8,GE50,35,GE90,,,01JUL17,LA-036,LA-036-036079
LOUISIANA,22,2201200,Ouachita Parish,220120001017,West Monroe High School,552,79,,,8,GE50,117,70-74,12,GE50,,,415,81,49,40-49,284,65-69,,,01JUL17,LA-036,LA-036-036088
LOUISIANA,22,2201200,Ouachita Parish,220120001525,Richwood High School,151,75-79,,,,,147,80-84,1,PS,,,3,PS,28,60-79,132,80-84,,,01JUL17,LA-036,LA-036-036096
LOUISIANA,22,2201200,Ouachita Parish,220120001939,West Ouachita High School,291,85,,,,,8,GE50,5,PS,1,PS,277,85-89,21,40-59,141,75-79,,,01JUL17,LA-036,LA-036-036132
LOUISIANA,22,2201230,Plaquemines Parish,220123001022,Belle Chasse High School,197,90-94,1,PS,4,PS,40,GE90,5,PS,3,PS,144,85-89,16,40-59,84,85-89,,,01JUL17,LA-037,LA-037-037019
LOUISIANA,22,2201230,Plaquemines Parish,220123001026,Phoenix High School,16,GE80,,,,,16,GE80,,,,,,,2,PS,16,GE80,,,01JUL17,LA-037,LA-037-037032
LOUISIANA,22,2201230,Plaquemines Parish,220123002028,South Plaquemines High School,73,75-79,4,PS,5,PS,33,70-79,,,,,31,70-79,13,GE50,52,80-89,1,PS,01JUL17,LA-037,LA-037-037036
LOUISIANA,22,2201260,Pointe Coupee Parish,220126001029,Livonia High School,157,70-74,1,PS,,,102,75-79,4,PS,2,PS,48,50-59,18,40-59,113,70-74,,,01JUL17,LA-037,LA-037-037049
LOUISIANA,22,2201290,Rapides Parish,220129000115,Rapides Training Academy,9,LT50,,,,,4,PS,,,,,5,PS,9,LT50,9,LT50,,,01JUL17,LA-037,LA-037-037046
LOUISIANA,22,2201290,Rapides Parish,220129001040,Alexandria Senior High School,315,78,3,PS,5,PS,138,75-79,3,PS,1,PS,165,80-84,25,21-39,154,65-69,1,PS,01JUL17,LA-038,LA-038-038001
LOUISIANA,22,2201290,Rapides Parish,220129001042,Bolton High School,141,55-59,,,3,PS,106,50-54,2,PS,,,30,GE80,19,LE20,102,45-49,1,PS,01JUL17,LA-038,LA-038-038006
LOUISIANA,22,2201290,Rapides Parish,220129001047,Buckeye High School,126,75-79,1,PS,,,1,PS,1,PS,,,123,80-84,12,GE50,58,60-69,,,01JUL17,LA-038,LA-038-038013
LOUISIANA,22,2201290,Rapides Parish,220129001051,Glenmora High School,41,70-79,1,PS,1,PS,6,GE50,7,GE50,,,26,GE80,7,GE50,20,GE80,2,PS,01JUL17,LA-039,LA-039-039003
LOUISIANA,22,2201290,Rapides Parish,220129001064,Oak Hill High School,63,80-84,1,PS,,,,,,,,,62,80-84,4,PS,27,60-79,,,01JUL17,LA-040,LA-040-040003
LOUISIANA,22,2201290,Rapides Parish,220129001067,Peabody Magnet High School,145,65-69,,,,,145,65-69,,,,,,,14,LT50,114,60-64,,,01JUL17,LA-040,LA-040-040006
LOUISIANA,22,2201290,Rapides Parish,220129001069,Pineville High School,342,82,,,5,PS,113,70-74,5,PS,,,219,85-89,20,21-39,161,65-69,,,01JUL17,LA-040,LA-040-040011
LOUISIANA,22,2201290,Rapides Parish,220129001071,Plainview High School,13,GE50,4,PS,,,,,,,,,9,GE50,1,PS,8,GE50,,,01JUL17,LA-040,LA-040-040014
LOUISIANA,22,2201290,Rapides Parish,220129001073,Rapides High School,73,70-74,,,1,PS,20,60-79,12,GE50,,,40,80-89,7,LT50,51,70-79,1,PS,01JUL17,LA-040,LA-040-040028
LOUISIANA,22,2201290,Rapides Parish,220129001084,Tioga High School,221,83,,,1,PS,75,75-79,5,PS,,,140,85-89,19,40-59,147,75-79,,,01JUL17,LA-040,LA-040-040030
LOUISIANA,22,2201290,Rapides Parish,220129001943,Northwood High School,50,GE90,,,,,19,GE80,1,PS,,,30,GE80,2,PS,34,80-89,,,01JUL17,LA-040,LA-040-040033
LOUISIANA,22,2201320,Red River Parish,220132000784,Ware Youth Center,28,LE20,,,,,16,LE20,,,,,12,LT50,1,PS,24,LE20,,,01JUL17,LA-040,LA-040-040035
LOUISIANA,22,2201320,Red River Parish,220132001090,Red River High School,78,75-79,,,,,52,80-89,1,PS,,,25,60-79,8,GE50,59,70-79,,,01JUL17,LA-040,LA-040-040037
LOUISIANA,22,2201350,Richland Parish,220135001095,Delhi High School,52,80-89,,,,,50,80-89,,,,,2,PS,8,GE50,45,80-89,,,01JUL17,LA-040,LA-040-040048
LOUISIANA,22,2201350,Richland Parish,220135001100,Mangham High School,56,80-89,,,,,17,GE80,1,PS,,,38,80-89,,,38,80-89,,,01JUL17,LA-040,LA-040-040055
LOUISIANA,22,2201350,Richland Parish,220135001102,Rayville High School,92,75-79,,,,,50,70-79,2,PS,1,PS,39,70-79,17,40-59,77,75-79,1,PS,01JUL17,LA-041,LA-041-041008
LOUISIANA,22,2201380,Sabine Parish,220138001107,Converse High School,38,GE90,14,GE50,,,1,PS,,,,,23,GE80,5,PS,22,GE80,,,01JUL17,LA-041,LA-041-041002
LOUISIANA,22,2201380,Sabine Parish,220138001108,Ebarb School,17,GE80,15,GE50,,,,,,,,,2,PS,2,PS,7,GE50,,,01JUL17,LA-042,LA-042-042001
LOUISIANA,22,2201380,Sabine Parish,220138001110,Florien High School,30,GE80,5,PS,,,9,GE50,,,,,16,GE80,,,11,GE50,,,01JUL17,LA-042,LA-042-042006
LOUISIANA,22,2201380,Sabine Parish,220138001112,Many High School,77,80-84,10,GE50,,,26,GE80,4,PS,,,37,GE90,8,GE50,43,70-79,,,01JUL17,LA-042,LA-042-042008
LOUISIANA,22,2201380,Sabine Parish,220138001114,Negreet High School,40,GE90,2,PS,,,5,PS,,,4,PS,29,GE80,3,PS,22,GE80,,,01JUL17,LA-043,LA-043-043001
LOUISIANA,22,2201380,Sabine Parish,220138001116,Pleasant Hill High School,19,GE80,,,,,4,PS,,,,,15,GE50,,,13,GE50,,,01JUL17,LA-043,LA-043-043002
LOUISIANA,22,2201380,Sabine Parish,220138001118,Zwolle High School,50,80-89,24,GE80,,,17,60-79,,,,,9,GE50,13,GE50,36,80-89,,,01JUL17,LA-043,LA-043-043004
LOUISIANA,22,2201410,St. Bernard Parish,220141000816,C.F. Rowley Alternative School,30,21-39,,,,,17,21-39,2,PS,,,11,LT50,6,LT50,26,21-39,,,01JUL17,LA-043,LA-043-043006
LOUISIANA,22,2201410,St. Bernard Parish,220141001125,Chalmette High School,405,90,2,PS,16,GE80,103,90-94,28,GE80,6,GE50,250,85-89,33,60-69,297,85-89,4,PS,01JUL17,LA-043,LA-043-043008
LOUISIANA,22,2201440,St. Charles Parish,220144001139,Destrehan High School,368,88,2,PS,5,PS,108,85-89,32,80-89,13,GE50,208,85-89,26,40-59,161,80-84,2,PS,01JUL17,LA-043,LA-043-043010
LOUISIANA,22,2201440,St. Charles Parish,220144001141,Hahnville High School,407,87,3,PS,2,PS,115,80-84,20,GE80,9,GE50,258,85-89,34,50-59,174,75-79,,,01JUL17,LA-043,LA-043-043012
LOUISIANA,22,2201470,St. Helena Parish,220147001154,St. Helena College and Career Academy,68,70-74,,,,,61,75-79,,,,,7,LT50,9,LT50,59,70-79,,,01JUL17,LA-044,LA-044-044019
LOUISIANA,22,2201500,St. James Parish,220150001163,Lutcher High School,174,85-89,,,1,PS,82,75-79,2,PS,1,PS,88,90-94,12,GE50,90,70-74,1,PS,01JUL17,LA-044,LA-044-044006
LOUISIANA,22,2201500,St. James Parish,220150001167,St. James High School,93,80-84,,,,,71,80-84,1,PS,2,PS,19,GE80,12,GE50,73,80-84,,,01JUL17,LA-045,LA-045-045003
LOUISIANA,22,2201530,St. John the Baptist Parish,220153001488,East St. John High School,343,73,,,4,PS,280,75-79,15,GE50,,,44,50-59,33,40-49,262,70-74,3,PS,01JUL17,LA-045,LA-045-045005
LOUISIANA,22,2201530,St. John the Baptist Parish,220153001500,West St. John High School,44,GE90,,,,,44,GE90,,,,,,,3,PS,30,GE80,,,01JUL17,LA-046,LA-046-046002
LOUISIANA,22,2201560,St. Landry Parish,220156001181,Eunice High School,170,80-84,,,,,66,75-79,2,PS,,,102,85-89,17,60-79,121,85-89,1,PS,01JUL17,LA-047,LA-047-047004
LOUISIANA,22,2201560,St. Landry Parish,220156001204,Opelousas Senior High School,208,49,1,PS,3,PS,164,45-49,1,PS,1,PS,38,40-49,26,21-39,148,45-49,2,PS,01JUL17,LA-047,LA-047-047008
LOUISIANA,22,2201560,St. Landry Parish,220156001210,Port Barre High School,131,70-74,,,,,56,50-59,,,1,PS,74,75-79,14,GE50,90,65-69,,,01JUL17,LA-048,LA-048-048001
LOUISIANA,22,2201560,St. Landry Parish,220156001685,Magnet Academy for Cultural Arts,37,GE90,,,1,PS,24,GE80,,,,,12,GE50,4,PS,26,GE80,,,01JUL17,LA-048,LA-048-048013
LOUISIANA,22,2201560,St. Landry Parish,220156001989,North Central High School,28,60-79,,,1,PS,22,GE80,,,,,5,PS,2,PS,23,GE80,,,01JUL17,LA-049,LA-049-049010
LOUISIANA,22,2201560,St. Landry Parish,220156002005,Beau Chene High School,231,65,1,PS,1,PS,82,55-59,7,LT50,1,PS,139,70-74,12,LT50,134,55-59,3,PS,01JUL17,LA-049,LA-049-049032
LOUISIANA,22,2201560,St. Landry Parish,220156002006,Northwest High School,148,65-69,2,PS,,,100,60-64,2,PS,,,44,60-69,20,40-59,87,70-74,,,01JUL17,LA-049,LA-049-049056
LOUISIANA,22,2201590,St. Martin Parish,220159001219,Breaux Bridge High School,196,80-84,,,3,PS,83,70-74,2,PS,,,108,85-89,11,LT50,129,75-79,,,01JUL17,LA-049,LA-049-049058
LOUISIANA,22,2201590,St. Martin Parish,220159001223,Cecilia High School,208,87,,,6,GE50,72,85-89,2,PS,1,PS,127,85-89,9,LT50,133,80-84,2,PS,01JUL17,LA-049,LA-049-049051
LOUISIANA,22,2201590,St. Martin Parish,220159001229,St. Martinville Senior High School,192,75-79,,,4,PS,97,70-74,2,PS,6,GE50,83,80-84,9,LT50,136,70-74,1,PS,01JUL17,LA-049,LA-049-049052
LOUISIANA,22,2201620,St. Mary Parish,220162001236,Berwick High School,141,90-94,,,1,PS,14,GE50,9,GE50,5,PS,112,GE95,18,60-79,73,90-94,1,PS,01JUL17,LA-049,LA-049-049053
LOUISIANA,22,2201620,St. Mary Parish,220162001238,Centerville High School,47,GE90,1,PS,,,10,GE50,,,2,PS,34,GE90,4,PS,26,GE80,,,01JUL17,LA-050,LA-050-050004
LOUISIANA,22,2201620,St. Mary Parish,220162001242,Franklin Senior High School,113,75-79,2,PS,,,82,80-84,2,PS,1,PS,26,40-59,16,21-39,93,70-74,,,01JUL17,LA-050,LA-050-050008
LOUISIANA,22,2201620,St. Mary Parish,220162001251,Morgan City High School,179,80-84,1,PS,10,GE50,42,60-69,31,GE90,8,GE50,87,85-89,21,21-39,116,75-79,9,GE50,01JUL17,LA-050,LA-050-050017
LOUISIANA,22,2201620,St. Mary Parish,220162001253,West St. Mary High School,97,75-79,1,PS,,,78,75-79,,,4,PS,14,GE50,30,40-59,87,70-74,,,01JUL17,LA-051,LA-051-051006
LOUISIANA,22,2201620,St. Mary Parish,220162001254,Patterson High School,102,85-89,,,,,59,80-89,3,PS,,,40,80-89,18,60-79,74,80-84,,,01JUL17,LA-051,LA-051-051007
LOUISIANA,22,2201650,St. Tammany Parish,220165000412,Fontainebleau High School,415,86,3,PS,6,GE50,25,60-79,17,GE80,3,PS,361,86,37,40-49,143,70-74,2,PS,01JUL17,LA-051,LA-051-051012
LOUISIANA,22,2201650,St. Tammany Parish,220165001274,Covington High School,385,81,,,3,PS,77,80-84,8,GE50,2,PS,295,80-84,73,45-49,221,75-79,1,PS,01JUL17,LA-051,LA-051-051021
LOUISIANA,22,2201650,St. Tammany Parish,220165001285,Mandeville High School,438,89,1,PS,10,GE50,23,60-79,19,GE80,1,PS,384,89,37,70-79,119,80-84,1,PS,01JUL17,LA-051,LA-051-051039
LOUISIANA,22,2201650,St. Tammany Parish,220165001287,Pearl River High School,151,85-89,,,,,14,GE50,6,GE50,1,PS,130,85-89,24,60-79,87,80-84,2,PS,01JUL17,LA-051,LA-051-051024
LOUISIANA,22,2201650,St. Tammany Parish,220165001292,Salmen High School,255,77,2,PS,8,GE50,138,75-79,12,GE50,4,PS,91,75-79,24,21-39,164,70-74,1,PS,01JUL17,LA-052,LA-052-052052
LOUISIANA,22,2201650,St. Tammany Parish,220165001294,Slidell High School,368,75,1,PS,6,GE50,114,70-74,17,60-79,2,PS,228,75-79,60,50-59,204,60-64,5,PS,01JUL17,LA-052,LA-052-052013
LOUISIANA,22,2201650,St. Tammany Parish,220165001650,Northshore High School,363,86,2,PS,15,GE50,56,80-89,15,GE50,2,PS,273,85-89,33,70-79,134,75-79,1,PS,01JUL17,LA-052,LA-052-052026
LOUISIANA,22,2201650,St. Tammany Parish,220165002255,Lakeshore High School,260,85,,,3,PS,53,80-89,7,GE50,3,PS,194,85-89,23,40-59,91,70-74,,,01JUL17,LA-052,LA-052-052029
LOUISIANA,22,2201680,Tangipahoa Parish,220168001298,Amite High School,99,70-74,,,,,88,70-74,2,PS,,,9,GE50,14,LT50,91,70-74,,,01JUL17,LA-052,LA-052-052035
LOUISIANA,22,2201680,Tangipahoa Parish,220168001304,Hammond High Magnet School,343,69,,,7,GE50,180,55-59,13,GE50,1,PS,142,80-84,26,40-59,227,60-64,5,PS,01JUL17,LA-052,LA-052-052037
LOUISIANA,22,2201680,Tangipahoa Parish,220168001307,Independence High School,125,60-64,,,,,78,65-69,9,GE50,1,PS,37,60-69,17,21-39,114,65-69,5,PS,01JUL17,LA-052,LA-052-052039
LOUISIANA,22,2201680,Tangipahoa Parish,220168001310,Kentwood High Magnet School,59,80-89,,,,,57,80-89,,,1,PS,1,PS,15,GE50,54,70-79,,,01JUL17,LA-052,LA-052-052061
LOUISIANA,22,2201680,Tangipahoa Parish,220168001312,Loranger High School,161,80-84,1,PS,,,36,70-79,2,PS,3,PS,119,80-84,11,LT50,93,70-74,,,01JUL17,LA-053,LA-053-053002
LOUISIANA,22,2201680,Tangipahoa Parish,220168001319,Ponchatoula High School,430,77,,,5,PS,126,60-64,7,GE50,,,292,80-84,42,40-49,261,65-69,1,PS,01JUL17,LA-053,LA-053-053009
LOUISIANA,22,2201680,Tangipahoa Parish,220168001840,Jewel M. Sumner High School,127,80-84,1,PS,,,43,80-89,2,PS,,,81,75-79,15,LT50,86,70-74,1,PS,01JUL17,LA-053,LA-053-053012
LOUISIANA,22,2201680,Tangipahoa Parish,220168002399,Tangipahoa Alternative Solutions Program,38,LE10,,,,,15,LT50,,,,,23,LE20,7,LT50,34,LE10,,,01JUL17,LA-053,LA-053-053015
LOUISIANA,22,2201680,Tangipahoa Parish,220168010414,Florida Parishes Juvenile Detention Cntr.,29,LE20,,,,,23,LE20,,,,,6,LT50,7,LT50,18,LE20,,,01JUL17,LA-053,LA-053-053017
LOUISIANA,22,2201710,Tensas Parish,220171001328,Tensas High School,39,80-89,,,,,35,80-89,,,,,4,PS,4,PS,34,70-79,,,01JUL17,LA-053,LA-053-053024
LOUISIANA,22,2201740,Terrebonne Parish,220174001338,H. L. Bourgeois High School,354,77,15,GE50,2,PS,109,70-74,5,PS,2,PS,221,75-79,31,30-39,201,65-69,,,01JUL17,LA-053,LA-053-053029
LOUISIANA,22,2201740,Terrebonne Parish,220174001346,Ellender Memorial High School,241,71,51,70-79,6,GE50,85,65-69,14,GE50,1,PS,84,70-74,29,21-39,178,70-74,8,GE50,01JUL17,LA-053,LA-053-053052
LOUISIANA,22,2201740,Terrebonne Parish,220174001348,Evergreen Junior High School,2,PS,,,,,1,PS,1,PS,,,,,1,PS,2,PS,,,01JUL17,LA-053,LA-053-053045
LOUISIANA,22,2201740,Terrebonne Parish,220174001353,Houma Junior High School,6,LT50,,,,,1,PS,,,1,PS,4,PS,,,4,PS,,,01JUL17,LA-054,LA-054-054001
LOUISIANA,22,2201740,Terrebonne Parish,220174001367,South Terrebonne High School,271,76,32,70-79,1,PS,29,60-79,4,PS,15,GE50,190,75-79,31,20-29,154,65-69,,,01JUL17,LA-055,LA-055-055005
LOUISIANA,22,2201740,Terrebonne Parish,220174001368,Terrebonne High School,315,82,18,60-79,5,PS,87,70-74,7,GE50,2,PS,196,85-89,25,40-59,167,75-79,2,PS,01JUL17,LA-055,LA-055-055013
LOUISIANA,22,2201740,Terrebonne Parish,220174001653,School for Exceptional Children,3,PS,1,PS,,,1,PS,,,,,1,PS,3,PS,2,PS,,,01JUL17,LA-055,LA-055-055020
LOUISIANA,22,2201770,Union Parish,220177001374,Downsville Charter School,21,60-79,,,,,1,PS,1,PS,,,19,60-79,1,PS,11,GE50,,,01JUL17,LA-055,LA-055-055034
LOUISIANA,22,2201770,Union Parish,220177001376,Union Parish High School,138,80-84,,,,,82,85-89,9,GE50,,,47,70-79,18,40-59,107,75-79,1,PS,01JUL17,LA-055,LA-055-055036
LOUISIANA,22,2201800,Vermilion Parish,220180001385,Abbeville High School,155,85-89,,,10,GE50,81,85-89,6,GE50,4,PS,54,80-89,19,21-39,116,85-89,4,PS,01JUL17,LA-056,LA-056-056002
LOUISIANA,22,2201800,Vermilion Parish,220180001390,Erath High School,118,GE95,,,3,PS,7,GE50,1,PS,,,107,GE95,8,GE50,62,GE95,1,PS,01JUL17,LA-056,LA-056-056004
LOUISIANA,22,2201800,Vermilion Parish,220180001398,Kaplan High School,141,80-84,,,1,PS,17,60-79,1,PS,1,PS,121,80-84,18,40-59,70,75-79,,,01JUL17,LA-057,LA-057-057001
LOUISIANA,22,2201800,Vermilion Parish,220180001661,North Vermilion High School,114,GE95,,,3,PS,13,GE50,3,PS,,,95,GE95,6,GE50,38,GE90,,,01JUL17,LA-057,LA-057-057006
LOUISIANA,22,2201800,Vermilion Parish,220180001695,Gueydan High School,26,GE80,,,,,2,PS,,,,,24,GE80,3,PS,12,GE50,,,01JUL17,LA-057,LA-057-057013
LOUISIANA,22,2201830,Vernon Parish,220183001405,Anacoco High School,47,GE90,1,PS,,,,,,,,,46,GE90,1,PS,14,GE50,,,01JUL17,LA-057,LA-057-057016
LOUISIANA,22,2201830,Vernon Parish,220183001407,Evans High School,22,GE80,,,,,,,3,PS,,,19,GE80,1,PS,10,GE50,,,01JUL17,LA-057,LA-057-057008
LOUISIANA,22,2201830,Vernon Parish,220183001408,Hicks High School,27,GE80,1,PS,,,,,,,,,26,GE80,2,PS,15,GE50,,,01JUL17,LA-058,LA-058-058001
LOUISIANA,22,2201830,Vernon Parish,220183001409,Hornbeck High School,37,GE90,1,PS,,,,,1,PS,,,35,GE90,,,7,GE50,,,01JUL17,LA-058,LA-058-058003
LOUISIANA,22,2201830,Vernon Parish,220183001410,Leesville High School,163,85-89,6,GE50,11,GE50,53,80-89,10,GE50,1,PS,82,85-89,13,GE50,64,65-69,1,PS,01JUL17,LA-058,LA-058-058004
LOUISIANA,22,2201830,Vernon Parish,220183001413,Pitkin High School,27,GE80,,,,,,,,,,,27,GE80,6,GE50,14,GE50,,,01JUL17,LA-058,LA-058-058005
LOUISIANA,22,2201830,Vernon Parish,220183001415,Rosepine High School,64,GE95,1,PS,2,PS,4,PS,3,PS,2,PS,52,GE90,4,PS,19,GE80,,,01JUL17,LA-058,LA-058-058006
LOUISIANA,22,2201830,Vernon Parish,220183001416,Simpson High School,28,GE80,,,,,,,,,1,PS,27,GE80,4,PS,5,PS,,,01JUL17,LA-058,LA-058-058010
LOUISIANA,22,2201830,Vernon Parish,220183001664,Pickering High School,77,80-84,1,PS,4,PS,25,GE80,3,PS,2,PS,42,70-79,9,GE50,35,60-69,1,PS,01JUL17,LA-058,LA-058-058012
LOUISIANA,22,2201860,Washington Parish,220186001424,Franklinton High School,214,79,,,2,PS,70,80-84,3,PS,,,139,75-79,27,40-59,139,70-74,1,PS,01JUL17,LA-058,LA-058-058013
LOUISIANA,22,2201860,Washington Parish,220186001425,Mt. Hermon School,32,80-89,,,,,11,GE50,1,PS,,,20,GE80,6,GE50,18,60-79,,,01JUL17,LA-058,LA-058-058009
LOUISIANA,22,2201860,Washington Parish,220186001426,Pine School,90,80-84,,,,,20,60-79,,,,,70,80-84,11,LT50,58,70-79,,,01JUL17,LA-059,LA-059-059006
LOUISIANA,22,2201860,Washington Parish,220186001429,Varnado High School,58,70-79,,,,,39,70-79,,,,,19,60-79,11,LT50,48,70-79,,,01JUL17,LA-059,LA-059-059007
LOUISIANA,22,2201890,Webster Parish,220189001436,Doyline High School,27,60-79,,,,,6,GE50,1,PS,,,20,60-79,5,PS,18,60-79,,,01JUL17,LA-059,LA-059-059008
LOUISIANA,22,2201890,Webster Parish,220189001444,Minden High School,215,80,,,1,PS,106,75-79,1,PS,,,107,80-84,20,40-59,129,75-79,,,01JUL17,LA-059,LA-059-059011
LOUISIANA,22,2201890,Webster Parish,220189001450,Lakeside Junior-Senior High School,70,85-89,,,,,21,60-79,2,PS,1,PS,46,GE90,4,PS,35,80-89,2,PS,01JUL17,LA-060,LA-060-060005
LOUISIANA,22,2201890,Webster Parish,220189001451,North Webster High School,117,80-84,,,1,PS,45,70-79,,,,,71,85-89,11,GE50,75,70-74,,,01JUL17,LA-060,LA-060-060012
LOUISIANA,22,2201920,West Baton Rouge Parish,220192001457,Brusly High School,158,80-84,1,PS,,,51,80-89,4,PS,,,102,85-89,4,PS,63,70-74,1,PS,01JUL17,LA-060,LA-060-060018
LOUISIANA,22,2201920,West Baton Rouge Parish,220192001464,Port Allen High School,114,65-69,1,PS,,,84,75-79,4,PS,,,25,40-59,12,LT50,96,65-69,1,PS,01JUL17,LA-060,LA-060-060019
LOUISIANA,22,2201950,West Carroll Parish,220195001467,Epps High School,13,GE50,,,,,7,GE50,,,,,6,GE50,1,PS,9,GE50,,,01JUL17,LA-061,LA-061-061001
LOUISIANA,22,2201950,West Carroll Parish,220195001469,Forest School,34,70-79,,,,,4,PS,1,PS,,,29,60-79,5,PS,22,60-79,,,01JUL17,LA-061,LA-061-061008
LOUISIANA,22,2201950,West Carroll Parish,220195001471,Kilbourne High School,12,GE50,,,,,2,PS,,,,,10,GE50,,,9,GE50,,,01JUL17,LA-062,LA-062-062001
LOUISIANA,22,2201950,West Carroll Parish,220195001472,Oak Grove High School,49,GE90,,,,,8,GE50,3,PS,,,38,GE90,3,PS,32,GE90,,,01JUL17,LA-062,LA-062-062003
LOUISIANA,22,2201980,West Feliciana Parish,220198001476,West Feliciana High School,139,80-84,,,1,PS,45,70-79,2,PS,,,91,85-89,16,40-59,60,70-79,,,01JUL17,LA-062,LA-062-062005
LOUISIANA,22,2202010,Winn Parish,220201001478,Atlanta High School,16,GE80,,,,,5,PS,,,,,11,GE50,2,PS,11,GE50,,,01JUL17,LA-062,LA-062-062006
LOUISIANA,22,2202010,Winn Parish,220201001479,Calvin High School,23,GE80,,,,,2,PS,1,PS,,,20,GE80,3,PS,11,GE50,,,01JUL17,LA-063,LA-063-063003
LOUISIANA,22,2202010,Winn Parish,220201001480,Dodson High School,25,GE80,,,,,,,,,,,25,GE80,1,PS,17,60-79,,,01JUL17,LA-064,LA-064-064001
LOUISIANA,22,2202010,Winn Parish,220201001487,Winnfield High School,110,80-84,2,PS,,,50,70-79,1,PS,,,57,80-89,12,LT50,70,75-79,,,01JUL17,LA-064,LA-064-064002
LOUISIANA,22,2280100,Special School District,228010001614,Riverside Alternative High School,5,PS,,,,,3,PS,,,,,2,PS,5,PS,5,PS,,,01JUL17,LA-064,LA-064-064003
LOUISIANA,22,2280100,Special School District,228010001619,Southside Alternative High School,6,LT50,,,,,2,PS,1,PS,,,3,PS,4,PS,5,PS,,,01JUL17,LA-064,LA-064-064009
LOUISIANA,22,2280100,Special School District,228010001624,Dixon Correctional Institute,2,PS,,,,,1,PS,,,,,1,PS,2,PS,2,PS,,,01JUL17,LA-101,LA-101-101021
LOUISIANA,22,2280100,Special School District,228010001626,Rayburn Correctional Institute,1,PS,,,,,1,PS,,,,,,,1,PS,1,PS,,,01JUL17,LA-101,LA-101-101022
LOUISIANA,22,2280100,Special School District,228010001730,Pinecrest Supports & Services Center,7,LT50,,,,,6,LT50,,,,,1,PS,7,LT50,7,LT50,,,01JUL17,LA-101,LA-101-101025
LOUISIANA,22,2280100,Special School District,228010002014,Renaissance Home for Youth,7,LT50,,,,,4,PS,,,,,3,PS,2,PS,7,LT50,,,01JUL17,LA-101,LA-101-101010
LOUISIANA,22,2280100,Special School District,228010002345,Brentwood Hospital,123,LE5,1,PS,,,46,LE10,1,PS,2,PS,73,LE5,7,LT50,120,LE5,,,01JUL17,LA-101,LA-101-101031
LOUISIANA,22,2280100,Special School District,228010002351,Methodist Home for Children of Greater New Orleans,1,PS,,,,,,,,,,,1,PS,,,1,PS,,,01JUL17,LA-101,LA-101-101032
LOUISIANA,22,2280100,Special School District,228010002355,Pinehill Alternative High School,1,PS,,,,,,,,,,,1,PS,1,PS,,,,,01JUL17,LA-101,LA-101-101034
LOUISIANA,22,2280100,Special School District,228010002356,Northlake Behavioral Health System,7,LT50,,,,,2,PS,,,,,5,PS,1,PS,7,LT50,,,01JUL17,LA-101,LA-101-101039
LOUISIANA,22,2280100,Special School District,228010002372,River Oaks Hospital,2,PS,,,,,1,PS,,,,,1,PS,,,2,PS,,,01JUL17,LA-101,LA-101-101038
LOUISIANA,22,2280100,Special School District,228010002393,Gateway Adolescent Treatment Center,24,LE20,,,,,9,LT50,,,,,15,LT50,4,PS,24,LE20,,,01JUL17,LA-101,LA-101-101037
,,,,,,,,,,,,,,,,,,,,,,,,,,,LA-101,LA-101-101035
