﻿STNAM,FIPST,LEAID,ST_LEAID,LEANM,NCESSCH,ST_SCHID,SCHNAM,ALL_COHORT_1718,ALL_RATE_1718,MAM_COHORT_1718,MAM_RATE_1718,MAS_COHORT_1718,MAS_RATE_1718,MBL_COHORT_1718,MBL_RATE_1718,MHI_COHORT_1718,MHI_RATE_1718,MTR_COHORT_1718,MTR_RATE_1718,MWH_COHORT_1718,MWH_RATE_1718,CWD_COHORT_1718,CWD_RATE_1718,ECD_COHORT_1718,ECD_RATE_1718,FCS_COHORT_1718,FCS_RATE_1718,HOM_COHORT_1718,HOM_RATE_1718,LEP_COHORT_1718,LEP_RATE_1718,DATE_CUR
LOUISIANA,22,2200017,LA-302,Louisiana School for Math Science & the Arts,220001701975,LA-302-302006,Louisiana School for Math Science & the Arts,103,GE95,,,15,GE50,12,GE50,7,GE50,,,69,GE95,,,33,GE90,,,,,,,23SEP19
LOUISIANA,22,2200018,LA-304,LA Schools for the Deaf and Visually Impaired,220001800193,LA-304-304002,Louisiana School for the Visually Impaired,6,GE50,,,,,5,PS,,,,,1,PS,6,GE50,6,GE50,,,2,PS,,,23SEP19
LOUISIANA,22,2200018,LA-304,LA Schools for the Deaf and Visually Impaired,220001801789,LA-304-304001,Louisiana School for the Deaf,5,PS,,,,,1,PS,2,PS,,,2,PS,5,PS,4,PS,,,,,,,23SEP19
LOUISIANA,22,2200022,LA-318,LSU Laboratory School,220002201922,LA-318-318001,LSU Laboratory School,111,GE95,,,3,PS,13,GE50,4,PS,,,91,GE95,,,5,PS,,,,,,,23SEP19
LOUISIANA,22,2200023,LA-319,Southern University Lab School,220002301921,LA-319-319001,Southern University Lab School,42,GE90,,,,,42,GE90,,,,,,,,,31,GE90,,,,,,,23SEP19
LOUISIANA,22,2200023,LA-319,Southern University Lab School,220002302402,LA-319-319002,Southern University Laboratory Virtual School,43,19-Nov,1,PS,1,PS,9,LT50,,,1,PS,31,19-Nov,,,26,LE20,,,,,,,23SEP19
LOUISIANA,22,2200030,LA-001,Acadia Parish,220003000004,LA-001-001005,Church Point High School,109,85-89,,,,,29,GE80,4,PS,1,PS,75,85-89,8,LT50,52,70-79,,,,,1,PS,23SEP19
LOUISIANA,22,2200030,LA-001,Acadia Parish,220003000006,LA-001-001007,Crowley High School,137,GE95,,,,,59,GE90,3,PS,3,PS,72,GE95,11,GE50,92,90-94,,,,,1,PS,23SEP19
LOUISIANA,22,2200030,LA-001,Acadia Parish,220003000014,LA-001-001034,Iota High School,146,GE95,2,PS,,,4,PS,2,PS,2,PS,136,GE95,3,PS,57,GE90,,,,,1,PS,23SEP19
LOUISIANA,22,2200030,LA-001,Acadia Parish,220003000016,LA-001-001017,Midland High School,54,GE90,,,,,7,GE50,,,2,PS,45,GE90,2,PS,20,GE80,,,,,,,23SEP19
LOUISIANA,22,2200030,LA-001,Acadia Parish,220003000019,LA-001-001021,Rayne High School,155,90-94,,,,,51,80-89,2,PS,2,PS,100,90-94,11,GE50,100,90-94,,,,,1,PS,23SEP19
LOUISIANA,22,2200035,LA-333,Avoyelles Public Charter School,220003501494,LA-333-333001,Avoyelles Public Charter School,57,GE90,2,PS,1,PS,7,GE50,2,PS,,,45,GE90,1,PS,17,GE80,,,1,PS,,,23SEP19
LOUISIANA,22,2200036,LA-334,New Orleans Center for Creative Arts,220003601499,LA-334-334001,New Orleans Center for Creative Arts,52,GE90,,,1,PS,10,GE50,4,PS,1,PS,36,GE90,,,20,GE80,,,,,,,23SEP19
LOUISIANA,22,2200038,LA-336,Delhi Charter School,220003801539,LA-336-336001,Delhi Charter School,58,GE90,,,,,18,GE80,3,PS,,,37,80-89,3,PS,41,80-89,,,,,,,23SEP19
LOUISIANA,22,2200039,LA-067,Zachary Community School District,220003900450,LA-067-067004,Zachary High School,361,93,,,1,PS,183,90-94,3,PS,3,PS,171,90-94,25,60-79,167,85-89,,,7,GE50,2,PS,23SEP19
LOUISIANA,22,2200040,LA-068,City of Baker School District,220004000344,LA-068-068002,Baker High School,122,70-74,,,,,115,70-74,,,,,7,GE50,14,LT50,110,75-79,,,,,,,23SEP19
LOUISIANA,22,2200047,LA-A02,Office of Juvenile Justice,220004701780,LA-A02-A02002,Riverside Alternative High School,40,LE10,,,,,25,LE20,1,PS,,,14,LT50,13,LT50,35,LE10,,,,,,,23SEP19
LOUISIANA,22,2200047,LA-A02,Office of Juvenile Justice,220004701781,LA-A02-A02003,Southside Alternative High School,76,LE5,1,PS,,,65,LE5,2,PS,1,PS,7,LT50,30,LE20,64,LE5,,,,,,,23SEP19
LOUISIANA,22,2200060,LA-002,Allen Parish,220006000024,LA-002-002001,Elizabeth High School,25,GE80,2,PS,,,,,,,,,23,GE80,4,PS,12,GE50,,,,,,,23SEP19
LOUISIANA,22,2200060,LA-002,Allen Parish,220006000025,LA-002-002002,Fairview High School,29,GE80,,,,,,,,,,,29,GE80,1,PS,16,GE80,,,1,PS,,,23SEP19
LOUISIANA,22,2200060,LA-002,Allen Parish,220006000027,LA-002-002004,Kinder High School,77,GE95,4,PS,1,PS,19,GE80,3,PS,,,50,GE90,3,PS,49,GE90,,,1,PS,1,PS,23SEP19
LOUISIANA,22,2200060,LA-002,Allen Parish,220006000029,LA-002-002006,Oakdale High School,57,GE90,,,1,PS,21,GE80,,,1,PS,34,GE90,2,PS,36,GE90,,,,,,,23SEP19
LOUISIANA,22,2200060,LA-002,Allen Parish,220006000032,LA-002-002009,Oberlin High School,46,80-89,1,PS,,,18,GE80,,,1,PS,26,GE80,2,PS,29,GE80,,,1,PS,,,23SEP19
LOUISIANA,22,2200060,LA-002,Allen Parish,220006000033,LA-002-002010,Reeves High School,18,GE80,,,,,,,1,PS,,,17,GE80,4,PS,10,GE50,,,,,,,23SEP19
LOUISIANA,22,2200090,LA-003,Ascension Parish,220009000036,LA-003-003003,Donaldsonville High School,109,80-84,1,PS,,,101,80-84,1,PS,,,6,GE50,13,GE50,93,75-79,,,,,,,23SEP19
LOUISIANA,22,2200090,LA-003,Ascension Parish,220009000038,LA-003-003005,East Ascension High School,441,86,,,4,PS,184,80-84,45,GE90,4,PS,204,85-89,24,60-79,217,75-79,,,3,PS,7,GE50,23SEP19
LOUISIANA,22,2200090,LA-003,Ascension Parish,220009000046,LA-003-003014,St. Amant High School,478,90,1,PS,2,PS,74,90-94,16,GE80,2,PS,383,90,35,GE90,201,80-84,,,1,PS,1,PS,23SEP19
LOUISIANA,22,2200090,LA-003,Ascension Parish,220009001541,LA-003-003016,Dutchtown High School,535,88,3,PS,8,GE50,116,85-89,23,GE80,8,GE50,377,89,28,60-79,154,70-74,,,3,PS,2,PS,23SEP19
LOUISIANA,22,2200120,LA-004,Assumption Parish,220012000048,LA-004-004001,Assumption High School,229,94,3,PS,1,PS,85,90-94,6,GE50,1,PS,133,GE95,9,GE50,138,90-94,,,10,GE50,,,23SEP19
LOUISIANA,22,2200125,LA-069,Central Community School District,220012500363,LA-069-069004,Central High School,325,85,1,PS,,,69,85-89,9,GE50,2,PS,244,85-89,21,60-79,119,70-74,1,PS,7,LT50,1,PS,23SEP19
LOUISIANA,22,2200146,LA-341,D'Arbonne Woods Charter School,220014602282,LA-341-341001,D'Arbonne Woods Charter School,57,GE90,,,,,6,GE50,3,PS,,,48,GE90,2,PS,28,GE80,,,,,,,23SEP19
LOUISIANA,22,2200148,LA-343,"Community School for Apprenticeship Learning, Inc.",220014802267,LA-343-343001,Madison Preparatory Academy,120,GE95,,,,,120,GE95,,,,,,,3,PS,88,90-94,,,1,PS,,,23SEP19
LOUISIANA,22,2200150,LA-005,Avoyelles Parish,220015000063,LA-005-005004,Bunkie Magnet High School,67,75-79,,,,,29,60-79,,,,,38,GE90,3,PS,44,70-79,,,,,,,23SEP19
LOUISIANA,22,2200150,LA-005,Avoyelles Parish,220015000073,LA-005-005016,Marksville High School,99,75-79,1,PS,2,PS,39,60-69,,,1,PS,56,80-89,4,PS,76,70-74,,,4,PS,1,PS,23SEP19
LOUISIANA,22,2200150,LA-005,Avoyelles Parish,220015000075,LA-005-005018,Avoyelles High School,82,90-94,1,PS,,,30,GE80,2,PS,,,49,GE90,1,PS,56,GE90,,,,,,,23SEP19
LOUISIANA,22,2200150,LA-005,Avoyelles Parish,220015001378,LA-005-005025,LA School for Ag Science,59,GE90,,,,,15,GE50,1,PS,1,PS,42,GE90,5,PS,35,GE90,,,,,,,23SEP19
LOUISIANA,22,2200151,LA-307,Howard School,220015101195,LA-307-307001,Howard School,22,LE20,,,,,13,LT50,,,,,9,LT50,7,LT50,20,LE20,4,PS,,,,,23SEP19
LOUISIANA,22,2200156,LA-344,Voices for International Business & Education,220015602270,LA-344-344001,International High School of New Orleans,145,80-84,,,16,GE80,83,90-94,34,50-59,1,PS,11,GE50,18,60-79,109,75-79,,,7,GE50,20,40-59,23SEP19
LOUISIANA,22,2200157,LA-345,"University View Academy, Inc. (FRM LA Connections)",220015702322,LA-345-345001,"University View Academy, Inc. (FRM LA Connections)",317,40,5,PS,6,GE50,52,30-39,7,LT50,17,40-59,230,40-44,25,LE20,163,35-39,,,,,,,23SEP19
LOUISIANA,22,2200160,LA-348,New Orleans Military & Maritime Academy,220016002327,LA-348-348001,New Orleans Military & Maritime Academy,165,GE95,1,PS,4,PS,75,GE95,31,GE90,4,PS,50,GE90,10,GE50,111,GE95,,,8,GE50,4,PS,23SEP19
LOUISIANA,22,2200180,LA-006,Beauregard Parish,220018000081,LA-006-006002,DeRidder High School,195,90-94,2,PS,,,58,GE90,6,GE50,8,GE50,121,90-94,15,GE50,100,85-89,,,1,PS,1,PS,23SEP19
LOUISIANA,22,2200180,LA-006,Beauregard Parish,220018000083,LA-006-006004,East Beauregard High School,59,GE90,3,PS,,,2,PS,,,5,PS,49,GE90,7,GE50,32,GE90,,,,,,,23SEP19
LOUISIANA,22,2200180,LA-006,Beauregard Parish,220018000086,LA-006-006008,Merryville High School,26,GE80,1,PS,,,4,PS,1,PS,,,20,GE80,1,PS,16,GE80,,,1,PS,,,23SEP19
LOUISIANA,22,2200180,LA-006,Beauregard Parish,220018000088,LA-006-006010,Singer High School,22,60-79,,,,,,,,,1,PS,21,60-79,3,PS,12,GE50,,,,,,,23SEP19
LOUISIANA,22,2200180,LA-006,Beauregard Parish,220018000089,LA-006-006011,South Beauregard High School,108,GE95,,,,,1,PS,,,,,107,GE95,6,GE50,48,GE90,,,4,PS,,,23SEP19
LOUISIANA,22,2200186,LA-W71,Sophie B. Wright Institute of Academic Excellence,220018600981,LA-W71-W71001,Sophie B. Wright Institute of Academic Excellence,97,80-84,2,PS,1,PS,86,85-89,7,LT50,,,1,PS,6,GE50,92,85-89,,,,,5,PS,23SEP19
LOUISIANA,22,2200188,LA-WAH,The NET Charter High School,220018802340,LA-WAH-WAH001,The NET Charter High School,65,25-29,,,,,61,25-29,4,PS,,,,,15,LT50,63,25-29,,,22,40-59,2,PS,23SEP19
LOUISIANA,22,2200197,LA-W84,KIPP Renaissance High School,220019700953,LA-W84-W84001,KIPP Renaissance,127,85-89,,,1,PS,120,85-89,4,PS,2,PS,,,17,GE80,105,90-94,,,5,PS,4,PS,23SEP19
LOUISIANA,22,2200198,LA-W4B,Lake Charles College Prep,220019802388,LA-W4B-W4B001,Lake Charles College Prep,79,80-84,,,1,PS,70,80-84,1,PS,,,7,GE50,10,GE50,68,85-89,,,2,PS,1,PS,23SEP19
LOUISIANA,22,2200207,LA-W62,Lord Beaconsfield Landry-Oliver Perry Walker High,220020700972,LA-W62-W62001,Lord Beaconsfield Landry-Oliver Perry Walker High,243,79,,,,,237,80-84,5,PS,,,1,PS,14,GE50,206,75-79,,,24,60-79,6,LT50,23SEP19
LOUISIANA,22,2200210,LA-007,Bienville Parish,220021000090,LA-007-007001,Arcadia High School,35,GE90,,,,,34,GE90,,,,,1,PS,3,PS,32,GE90,,,,,,,23SEP19
LOUISIANA,22,2200210,LA-007,Bienville Parish,220021000091,LA-007-007002,Bienville High School,2,PS,,,,,1,PS,,,,,1,PS,2,PS,2,PS,,,,,,,23SEP19
LOUISIANA,22,2200210,LA-007,Bienville Parish,220021000092,LA-007-007003,Castor High School,40,GE90,,,,,5,PS,1,PS,,,34,GE90,1,PS,26,GE80,,,,,,,23SEP19
LOUISIANA,22,2200210,LA-007,Bienville Parish,220021000095,LA-007-007006,Gibsland-Coleman High School,18,60-79,,,,,16,60-79,1,PS,,,1,PS,,,15,GE50,,,1,PS,,,23SEP19
LOUISIANA,22,2200210,LA-007,Bienville Parish,220021000098,LA-007-007008,Ringgold High School,30,GE80,,,,,13,GE50,,,,,17,GE80,2,PS,22,GE80,,,,,,,23SEP19
LOUISIANA,22,2200210,LA-007,Bienville Parish,220021000099,LA-007-007009,Saline High School,26,GE80,,,,,3,PS,1,PS,,,22,GE80,1,PS,12,GE50,,,1,PS,,,23SEP19
LOUISIANA,22,2200214,LA-WAI,Crescent Leadership Academy,220021402020,LA-WAI-WAI001,Crescent Leadership Academy,21,21-39,,,,,20,21-39,1,PS,,,,,1,PS,8,LT50,,,5,PS,,,23SEP19
LOUISIANA,22,2200215,LA-WAL,JS Clark Leadership Academy,220021502348,LA-WAL-WAL001,JS Clark Leadership Academy,24,GE80,,,,,23,GE80,,,,,1,PS,1,PS,24,GE80,,,,,,,23SEP19
LOUISIANA,22,2200217,LA-W31,Dr Martin Luther King Charter School for Sci/Tech,220021700414,LA-W31-W31001,Dr. Martin Luther King Charter School for Sci/Tech,54,80-89,,,,,54,80-89,,,,,,,7,GE50,53,80-89,,,,,,,23SEP19
LOUISIANA,22,2200221,LA-WZ5,ReNEW Accelerated High School,220022102323,LA-WZ5-WZ5001,ReNew Accelerated High School,118,20-24,,,,,108,20-24,10,LT50,,,,,23,LE20,104,25-29,,,18,21-39,12,LT50,23SEP19
LOUISIANA,22,2200229,LA-W93,Joseph S. Clark Preparatory High School,220022900865,LA-W93-W93001,Joseph S. Clark Preparatory High School,46,50-59,,,,,39,50-59,6,GE50,1,PS,,,11,GE50,40,50-59,,,3,PS,4,PS,23SEP19
LOUISIANA,22,2200232,LA-W9A,Vision Academy,220023202389,LA-W9A-W9A001,Vision Academy,53,20-29,,,,,53,20-29,,,,,,,6,LT50,43,30-39,,,3,PS,,,23SEP19
LOUISIANA,22,2200233,LA-WAG,Louisiana Virtual Charter Academy,220023302320,LA-WAG-WAG001,Louisiana Virtual Charter Academy,127,35-39,1,PS,,,22,21-39,1,PS,1,PS,102,35-39,18,21-39,95,35-39,,,,,,,23SEP19
LOUISIANA,22,2200237,LA-WJ1,Abramson Sci Academy,220023702068,LA-WJ1-WJ1001,Abramson Sci Academy,122,90-94,,,13,GE50,101,90-94,5,PS,3,PS,,,24,GE80,109,90-94,,,4,PS,19,GE80,23SEP19
LOUISIANA,22,2200238,LA-WE2,Walter L. Cohen College Prep,220023802341,LA-WE2-WE2001,Walter L. Cohen College Prep,101,50-54,,,,,83,55-59,10,LT50,,,8,LT50,11,GE50,81,50-54,,,5,PS,10,LT50,23SEP19
LOUISIANA,22,2200240,LA-066,City of Bogalusa School District,220024000103,LA-066-066002,Bogalusa High School,97,70-74,,,,,69,75-79,3,PS,,,25,60-79,10,LT50,87,75-79,,,3,PS,,,23SEP19
LOUISIANA,22,2200240,LA-066,City of Bogalusa School District,220024002371,LA-066-066014,Northshore Charter School,3,PS,,,,,2,PS,,,,,1,PS,1,PS,3,PS,,,,,,,23SEP19
LOUISIANA,22,2200241,LA-W1A,JCFA-East,220024102370,LA-W1A-W1A001,JCFA-East,66,15-19,,,1,PS,28,LE20,8,LT50,1,PS,28,21-39,3,PS,45,19-Nov,,,,,3,PS,23SEP19
LOUISIANA,22,2200247,LA-W4A,Delta Charter Group,220024702354,LA-W4A-W4A001,Delta Charter School MST,42,80-89,,,,,9,GE50,1,PS,,,32,80-89,3,PS,21,GE80,,,,,,,23SEP19
LOUISIANA,22,2200252,LA-W5B,Northeast Claiborne Charter,220025202397,LA-W5B-W5B001,Northeast Claiborne Charter,14,GE50,,,,,8,GE50,1,PS,,,5,PS,2,PS,11,GE50,,,2,PS,,,23SEP19
LOUISIANA,22,2200257,LA-W9B,Capitol High School,220025702400,LA-W9B-W9B001,Capitol High School,83,45-49,,,,,83,45-49,,,,,,,15,GE50,71,55-59,,,15,GE50,,,23SEP19
LOUISIANA,22,2200261,LA-W13,Lake Area New Tech Early College High School,220026102277,LA-W13-W13001,Lake Area New Tech Early College High School,147,80-84,,,,,146,80-84,1,PS,,,,,12,GE50,133,85-89,1,PS,2,PS,,,23SEP19
LOUISIANA,22,2200264,LA-W67,Algiers Technology Academy,220026402057,LA-W67-W67001,Algiers Technology Academy,33,LE10,,,2,PS,29,LE20,2,PS,,,,,4,PS,26,LE20,,,4,PS,2,PS,23SEP19
LOUISIANA,22,2200265,LA-WJ2,G W Carver High School,220026502334,LA-WJ2-WJ2001,G W Carver High School,183,70-74,,,4,PS,155,80-84,21,21-39,,,3,PS,33,70-79,166,70-74,,,5,PS,24,21-39,23SEP19
LOUISIANA,22,2200270,LA-008,Bossier Parish,220027000112,LA-008-008001,Airline High School,406,89,4,PS,5,PS,135,80-84,26,GE80,14,GE50,222,90-94,28,60-79,170,75-79,,,5,PS,2,PS,23SEP19
LOUISIANA,22,2200270,LA-008,Bossier Parish,220027000117,LA-008-008006,Benton High School,225,93,,,1,PS,30,GE80,9,GE50,7,GE50,178,90-94,13,LT50,46,80-89,,,2,PS,,,23SEP19
LOUISIANA,22,2200270,LA-008,Bossier Parish,220027000120,LA-008-008009,Bossier High School,195,80-84,,,,,120,80-84,19,GE80,9,LT50,47,70-79,20,60-79,147,75-79,1,PS,6,GE50,4,PS,23SEP19
LOUISIANA,22,2200270,LA-008,Bossier Parish,220027000127,LA-008-008017,Haughton High School,311,85,,,4,PS,55,GE90,14,GE50,9,GE50,229,80-84,30,60-79,146,75-79,1,PS,3,PS,2,PS,23SEP19
LOUISIANA,22,2200270,LA-008,Bossier Parish,220027000130,LA-008-008020,Parkway High School,322,84,1,PS,4,PS,84,80-84,18,GE80,17,GE80,198,80-84,23,60-79,131,70-74,1,PS,1,PS,1,PS,23SEP19
LOUISIANA,22,2200270,LA-008,Bossier Parish,220027000132,LA-008-008022,Plain Dealing High School,34,70-79,,,,,17,GE80,,,,,17,40-59,6,GE50,28,60-79,,,2,PS,,,23SEP19
LOUISIANA,22,2200270,LA-008,Bossier Parish,220027000218,LA-008-008036,Johnny Gray Jones Youth Shelter & Detention Center,4,PS,,,,,4,PS,,,,,,,2,PS,4,PS,,,,,,,23SEP19
LOUISIANA,22,2200275,LA-W33,Lincoln Preparatory School,220027502421,LA-W33-W33001,Lincoln Preparatory School,38,70-79,,,,,34,80-89,,,,,4,PS,2,PS,23,GE80,,,1,PS,,,23SEP19
LOUISIANA,22,2200276,LA-WJ4,Livingston Collegiate Academy,220027602433,LA-WJ4-WJ4001,Livingston Collegiate Academy,2,PS,,,,,1,PS,,,,,1,PS,,,2,PS,,,,,1,PS,23SEP19
LOUISIANA,22,2200281,LA-WBI,New Orleans Charter Science and Mathematics HS,220028100234,LA-WBI-WBI001,New Orleans Charter Science and Mathematics HS,109,90-94,,,5,PS,91,90-94,5,PS,5,PS,3,PS,18,GE80,77,90-94,,,7,GE50,1,PS,23SEP19
LOUISIANA,22,2200291,LA-WBF,Eleanor McMain Secondary School,220029100945,LA-WBF-WBF001,Eleanor McMain Secondary School,133,90-94,,,,,130,90-94,3,PS,,,,,3,PS,107,90-94,,,1,PS,3,PS,23SEP19
LOUISIANA,22,2200293,LA-WZ9,The NET2 High School,220029302439,LA-WZ9-WZ9001,The NET 2 Charter High School,22,21-39,,,,,22,21-39,,,,,,,9,LT50,17,40-59,,,6,LT50,,,23SEP19
LOUISIANA,22,2200294,LA-WBD,Edna Karr High School,220029400911,LA-WBD-WBD001,Edna Karr High School,260,98,,,4,PS,251,GE95,4,PS,,,1,PS,25,GE80,197,GE95,,,4,PS,6,GE50,23SEP19
LOUISIANA,22,2200297,LA-WBE,Lusher Charter School,220029700926,LA-WBE-WBE001,Lusher Charter School,132,GE95,,,4,PS,49,GE90,12,GE50,8,GE50,59,GE90,2,PS,38,GE90,,,1,PS,,,23SEP19
LOUISIANA,22,2200299,LA-WBB,Benjamin Franklin High School,220029900888,LA-WBB-WBB001,Benjamin Franklin High School,192,GE95,,,30,GE80,49,GE90,17,GE80,8,GE50,88,GE95,1,PS,63,GE95,,,,,,,23SEP19
LOUISIANA,22,2200300,LA-009,Caddo Parish,220030000147,LA-009-009008,C.E. Byrd High School,443,93,1,PS,6,GE50,214,90-94,20,GE80,5,PS,197,GE95,12,GE50,188,85-89,,,16,40-59,3,PS,23SEP19
LOUISIANA,22,2200300,LA-009,Caddo Parish,220030000151,LA-009-009013,Captain Shreve High School,330,88,1,PS,6,GE50,161,85-89,10,GE50,6,GE50,146,85-89,19,40-59,154,80-84,,,8,GE50,1,PS,23SEP19
LOUISIANA,22,2200300,LA-009,Caddo Parish,220030000163,LA-009-009025,Green Oaks Performing Arts Academy,86,90-94,,,,,85,85-89,,,1,PS,,,11,GE50,77,85-89,,,1,PS,,,23SEP19
LOUISIANA,22,2200300,LA-009,Caddo Parish,220030000169,LA-009-009031,Huntington High School,172,85-89,,,,,152,85-89,7,GE50,,,13,GE50,12,GE50,119,80-84,1,PS,5,PS,3,PS,23SEP19
LOUISIANA,22,2200300,LA-009,Caddo Parish,220030000179,LA-009-009042,North Caddo High School,85,90-94,1,PS,,,34,GE90,2,PS,1,PS,47,GE90,4,PS,61,90-94,,,,,1,PS,23SEP19
LOUISIANA,22,2200300,LA-009,Caddo Parish,220030000182,LA-009-009045,Northwood High School,228,90,,,,,80,GE95,7,GE50,1,PS,140,85-89,20,60-79,130,85-89,,,1,PS,,,23SEP19
LOUISIANA,22,2200300,LA-009,Caddo Parish,220030000197,LA-009-009059,Southwood High School,350,89,2,PS,4,PS,250,90-94,6,GE50,3,PS,85,80-84,20,GE80,243,85-89,,,11,GE50,4,PS,23SEP19
LOUISIANA,22,2200300,LA-009,Caddo Parish,220030000208,LA-009-009069,Booker T. Washington New Technology High School,206,86,,,,,202,85-89,,,,,4,PS,25,GE80,188,85-89,,,10,GE50,,,23SEP19
LOUISIANA,22,2200300,LA-009,Caddo Parish,220030000212,LA-009-009073,Woodlawn Leadership Academy,151,75-79,,,,,150,80-84,,,,,1,PS,14,GE50,139,80-84,,,6,GE50,,,23SEP19
LOUISIANA,22,2200300,LA-009,Caddo Parish,220030001551,LA-009-009012,Caddo Parish Magnet High School,241,GE99,,,19,GE80,47,GE90,12,GE50,4,PS,159,GE95,2,PS,54,GE90,,,,,,,23SEP19
LOUISIANA,22,2200300,LA-009,Caddo Parish,220030001698,LA-009-009096,Alexander Learning Center,17,LE20,,,,,12,LT50,,,,,5,PS,3,PS,14,LT50,,,,,,,23SEP19
LOUISIANA,22,2200300,LA-009,Caddo Parish,220030002343,LA-009-009104,Academic Recovery Ombudsman,29,LE20,,,,,24,LE20,1,PS,,,4,PS,6,LT50,23,LE20,,,4,PS,1,PS,23SEP19
LOUISIANA,22,2200300,LA-009,Caddo Parish,220030002382,LA-009-009108,Pathways in Education-Louisiana Inc.,87,25-29,,,,,39,19-Nov,2,PS,1,PS,45,40-49,3,PS,69,25-29,,,2,PS,,,23SEP19
LOUISIANA,22,2200300,LA-009,Caddo Parish,220030002413,LA-009-009109,Pathways in Education - North market,57,20-29,,,,,22,LE20,5,PS,,,30,40-59,7,LT50,44,19-Nov,,,1,PS,,,23SEP19
LOUISIANA,22,2200300,LA-009,Caddo Parish,220030002426,LA-009-009110,Caddo Virtual Academy,12,GE50,,,,,3,PS,,,1,PS,8,GE50,2,PS,5,PS,,,,,,,23SEP19
LOUISIANA,22,2200330,LA-010,Calcasieu Parish,220033000216,LA-010-010003,Alfred M. Barbe High School,464,90,2,PS,20,GE80,144,85-89,15,GE50,3,PS,280,85-89,22,60-79,168,75-79,,,5,PS,3,PS,23SEP19
LOUISIANA,22,2200330,LA-010,Calcasieu Parish,220033000217,LA-010-010004,Bell City High School,53,GE90,,,,,1,PS,2,PS,1,PS,49,GE90,6,GE50,21,GE80,,,1,PS,1,PS,23SEP19
LOUISIANA,22,2200330,LA-010,Calcasieu Parish,220033000227,LA-010-010014,DeQuincy High School,96,85-89,,,,,15,GE50,,,,,81,90-94,16,60-79,49,80-89,,,5,PS,,,23SEP19
LOUISIANA,22,2200330,LA-010,Calcasieu Parish,220033000237,LA-010-010025,Sam Houston High School,296,90,1,PS,5,PS,22,GE80,6,GE50,4,PS,258,90-94,31,80-89,95,75-79,,,2,PS,2,PS,23SEP19
LOUISIANA,22,2200330,LA-010,Calcasieu Parish,220033000238,LA-010-010026,Iowa High School,139,90-94,,,2,PS,48,GE90,3,PS,3,PS,83,85-89,15,GE50,88,90-94,,,6,GE50,1,PS,23SEP19
LOUISIANA,22,2200330,LA-010,Calcasieu Parish,220033000244,LA-010-010033,LaGrange High School,226,80,,,3,PS,188,80-84,10,LT50,1,PS,24,60-79,18,GE80,167,75-79,,,11,GE50,7,LT50,23SEP19
LOUISIANA,22,2200330,LA-010,Calcasieu Parish,220033000265,LA-010-010051,Starks High School,23,GE80,,,,,,,,,,,23,GE80,2,PS,10,GE50,,,,,,,23SEP19
LOUISIANA,22,2200330,LA-010,Calcasieu Parish,220033000266,LA-010-010052,Sulphur High School,427,88,,,6,GE50,50,80-89,17,60-79,,,354,89,36,60-69,172,75-79,1,PS,7,GE50,5,PS,23SEP19
LOUISIANA,22,2200330,LA-010,Calcasieu Parish,220033000270,LA-010-010056,Vinton High School,62,90-94,,,2,PS,13,GE50,2,PS,,,45,GE90,8,GE50,34,80-89,,,1,PS,1,PS,23SEP19
LOUISIANA,22,2200330,LA-010,Calcasieu Parish,220033000272,LA-010-010058,Washington/Marion Magnet High School,121,80-84,,,,,118,80-84,2,PS,,,1,PS,14,GE50,98,80-84,,,6,GE50,,,23SEP19
LOUISIANA,22,2200330,LA-010,Calcasieu Parish,220033000278,LA-010-010064,Westlake High School,131,90-94,1,PS,,,39,GE90,4,PS,,,87,GE95,15,GE50,64,85-89,,,3,PS,,,23SEP19
LOUISIANA,22,2200360,LA-011,Caldwell Parish,220036000281,LA-011-011001,Caldwell Parish High School,105,GE95,,,1,PS,16,GE80,5,PS,2,PS,81,GE95,11,GE50,63,GE95,,,,,1,PS,23SEP19
LOUISIANA,22,2200390,LA-012,Cameron Parish,220039000289,LA-012-012003,Grand Lake High School,48,GE90,,,,,,,5,PS,,,43,GE90,3,PS,14,GE50,,,,,,,23SEP19
LOUISIANA,22,2200390,LA-012,Cameron Parish,220039000290,LA-012-012004,Hackberry High School,10,GE50,,,,,,,,,,,10,GE50,1,PS,2,PS,,,,,,,23SEP19
LOUISIANA,22,2200390,LA-012,Cameron Parish,220039000291,LA-012-012005,Johnson Bayou High School,7,GE50,,,,,,,,,,,7,GE50,,,3,PS,,,1,PS,,,23SEP19
LOUISIANA,22,2200390,LA-012,Cameron Parish,220039000293,LA-012-012007,South Cameron High School,20,GE80,,,,,,,,,,,20,GE80,1,PS,6,GE50,,,,,,,23SEP19
LOUISIANA,22,2200420,LA-013,Catahoula Parish,220042000294,LA-013-013001,Block High School,41,80-89,,,,,22,60-79,,,,,19,GE80,3,PS,29,GE80,,,,,,,23SEP19
LOUISIANA,22,2200420,LA-013,Catahoula Parish,220042000295,LA-013-013002,Central High School,6,GE50,,,,,,,,,,,6,GE50,,,3,PS,,,,,,,23SEP19
LOUISIANA,22,2200420,LA-013,Catahoula Parish,220042000298,LA-013-013005,Harrisonburg High School,26,60-79,,,,,2,PS,,,,,24,60-79,2,PS,14,GE50,,,,,,,23SEP19
LOUISIANA,22,2200420,LA-013,Catahoula Parish,220042000304,LA-013-013011,Sicily Island High School,15,GE50,,,,,10,GE50,,,,,5,PS,,,12,GE50,,,,,,,23SEP19
LOUISIANA,22,2200450,LA-014,Claiborne Parish,220045000308,LA-014-014004,Haynesville Jr./Sr. High School,37,GE90,,,,,25,GE80,,,,,12,GE50,10,GE50,28,GE80,,,,,,,23SEP19
LOUISIANA,22,2200450,LA-014,Claiborne Parish,220045000311,LA-014-014007,Homer High School,38,GE90,,,,,29,GE80,3,PS,,,6,GE50,8,GE50,32,GE90,,,,,,,23SEP19
LOUISIANA,22,2200450,LA-014,Claiborne Parish,220045000315,LA-014-014011,Summerfield High School,15,GE50,,,,,6,GE50,,,,,9,GE50,,,5,PS,,,,,,,23SEP19
LOUISIANA,22,2200480,LA-015,Concordia Parish,220048000317,LA-015-015002,Ferriday High School,67,90-94,,,,,66,90-94,,,,,1,PS,7,GE50,63,90-94,,,4,PS,,,23SEP19
LOUISIANA,22,2200480,LA-015,Concordia Parish,220048000322,LA-015-015006,Monterey High School,27,GE80,1,PS,,,,,1,PS,,,25,GE80,1,PS,16,GE80,,,,,,,23SEP19
LOUISIANA,22,2200480,LA-015,Concordia Parish,220048000324,LA-015-015008,Vidalia High School,98,80-84,,,,,27,60-79,9,GE50,2,PS,60,80-89,11,GE50,73,75-79,,,3,PS,3,PS,23SEP19
LOUISIANA,22,2200480,LA-015,Concordia Parish,220048001515,LA-015-015014,Concordia Education Center,11,LT50,,,,,6,LT50,,,,,5,PS,1,PS,11,LT50,,,,,,,23SEP19
LOUISIANA,22,2200510,LA-016,DeSoto Parish,220051000331,LA-016-016004,Logansport High School,58,GE90,,,,,25,GE80,3,PS,,,30,GE80,6,GE50,29,GE80,,,,,,,23SEP19
LOUISIANA,22,2200510,LA-016,DeSoto Parish,220051000334,LA-016-016007,Mansfield High School,95,GE95,,,,,85,GE95,2,PS,,,8,GE50,8,GE50,68,GE95,1,PS,,,1,PS,23SEP19
LOUISIANA,22,2200510,LA-016,DeSoto Parish,220051000337,LA-016-016010,Stanley High School,34,80-89,,,,,7,GE50,,,,,27,GE80,1,PS,21,GE80,,,,,,,23SEP19
LOUISIANA,22,2200510,LA-016,DeSoto Parish,220051001579,LA-016-016012,North DeSoto High School,160,90-94,,,1,PS,27,GE80,8,GE50,1,PS,123,90-94,8,GE50,62,85-89,,,1,PS,2,PS,23SEP19
LOUISIANA,22,2200540,LA-017,East Baton Rouge Parish,220054000339,LA-017-017092,EBR Readiness Superintendent Academy,21,LE20,,,,,20,LE20,,,1,PS,,,1,PS,18,LE20,,,1,PS,,,23SEP19
LOUISIANA,22,2200540,LA-017,East Baton Rouge Parish,220054000340,LA-017-017001,Arlington Preparatory Academy,11,LT50,,,,,11,LT50,,,,,,,11,LT50,11,LT50,,,,,,,23SEP19
LOUISIANA,22,2200540,LA-017,East Baton Rouge Parish,220054000347,LA-017-017008,Baton Rouge Magnet High School,317,GE99,,,58,GE90,132,GE95,10,GE50,5,PS,112,GE95,1,PS,99,GE95,,,1,PS,,,23SEP19
LOUISIANA,22,2200540,LA-017,East Baton Rouge Parish,220054000349,LA-017-017010,Belaire High School,274,63,,,1,PS,244,65-69,22,21-39,3,PS,4,PS,27,60-79,233,60-64,,,15,LT50,18,LE20,23SEP19
LOUISIANA,22,2200540,LA-017,East Baton Rouge Parish,220054000355,LA-017-017016,Broadmoor Senior High School,259,66,,,11,GE50,196,65-69,27,40-59,2,PS,23,60-79,21,40-59,206,60-64,,,10,LT50,26,21-39,23SEP19
LOUISIANA,22,2200540,LA-017,East Baton Rouge Parish,220054000365,LA-017-017065,Northeast High School,95,85-89,1,PS,1,PS,72,85-89,2,PS,1,PS,18,60-79,9,GE50,69,80-84,,,1,PS,,,23SEP19
LOUISIANA,22,2200540,LA-017,East Baton Rouge Parish,220054000378,LA-017-017038,Glen Oaks Senior High School,126,60-64,,,,,124,60-64,1,PS,,,1,PS,22,40-59,109,60-64,1,PS,7,GE50,1,PS,23SEP19
LOUISIANA,22,2200540,LA-017,East Baton Rouge Parish,220054000397,LA-017-017056,McKinley Senior High School,310,68,,,6,GE50,268,70-74,18,40-59,3,PS,15,LT50,14,LT50,214,60-64,,,5,PS,21,21-39,23SEP19
LOUISIANA,22,2200540,LA-017,East Baton Rouge Parish,220054000404,LA-017-017063,Northdale Superintendent's Academy,30,LE20,,,,,29,LE20,,,,,1,PS,5,PS,29,LE20,,,1,PS,,,23SEP19
LOUISIANA,22,2200540,LA-017,East Baton Rouge Parish,220054000423,LA-017-017079,Scotlandville Magnet High School,304,81,,,,,299,80-84,1,PS,1,PS,3,PS,35,50-59,241,75-79,,,7,LT50,,,23SEP19
LOUISIANA,22,2200540,LA-017,East Baton Rouge Parish,220054000434,LA-017-017088,Tara High School,246,53,,,5,PS,201,55-59,21,LE20,1,PS,18,21-39,32,30-39,204,45-49,,,12,LT50,25,LE20,23SEP19
LOUISIANA,22,2200540,LA-017,East Baton Rouge Parish,220054000447,LA-017-017102,Woodlawn High School,279,70,2,PS,11,GE50,166,75-79,29,21-39,5,PS,66,60-64,23,40-59,174,60-64,,,8,GE50,23,LE20,23SEP19
LOUISIANA,22,2200540,LA-017,East Baton Rouge Parish,220054002311,LA-017-017133,Mentorship STEAM Academy,83,85-89,,,,,80,85-89,2,PS,,,1,PS,3,PS,62,80-84,,,,,,,23SEP19
LOUISIANA,22,2200540,LA-017,East Baton Rouge Parish,220054002342,LA-017-017138,Lee High School,175,GE95,,,21,GE80,94,GE95,13,GE50,1,PS,46,GE90,2,PS,74,GE95,,,1,PS,,,23SEP19
LOUISIANA,22,2200540,LA-017,East Baton Rouge Parish,220054002423,LA-017-017147,EBR Virtual Academy,1,PS,,,,,,,,,,,1,PS,,,,,,,,,,,23SEP19
LOUISIANA,22,2200540,LA-017,East Baton Rouge Parish,220054002440,LA-017-017045,Istrouma High School,1,PS,,,,,1,PS,,,,,,,,,1,PS,,,,,,,23SEP19
LOUISIANA,22,2200570,LA-018,East Carroll Parish,220057000454,LA-018-018002,General Trass High School,51,GE90,,,,,51,GE90,,,,,,,4,PS,48,GE90,,,2,PS,,,23SEP19
LOUISIANA,22,2200600,LA-019,East Feliciana Parish,220060000465,LA-019-019014,East Feliciana High School,109,80-84,,,,,99,85-89,,,,,10,LT50,14,GE50,106,80-84,,,6,LT50,,,23SEP19
LOUISIANA,22,2200600,LA-019,East Feliciana Parish,220060000715,LA-019-019013,East Feliciana Parish Enrichment Academy,1,PS,,,,,1,PS,,,,,,,,,,,,,,,,,23SEP19
LOUISIANA,22,2200600,LA-019,East Feliciana Parish,220060002321,LA-019-019015,Slaughter Community Charter School,37,80-89,,,,,6,GE50,,,,,31,80-89,1,PS,20,GE80,,,1,PS,,,23SEP19
LOUISIANA,22,2200630,LA-020,Evangeline Parish,220063000470,LA-020-020001,Basile High School,32,GE90,,,,,4,PS,,,,,28,GE80,4,PS,16,GE80,,,,,,,23SEP19
LOUISIANA,22,2200630,LA-020,Evangeline Parish,220063000475,LA-020-020008,Mamou High School,102,90-94,,,,,37,GE90,1,PS,3,PS,61,90-94,7,LT50,60,80-89,,,1,PS,,,23SEP19
LOUISIANA,22,2200630,LA-020,Evangeline Parish,220063000478,LA-020-020010,Pine Prairie High School,115,90-94,1,PS,,,23,GE80,1,PS,3,PS,87,90-94,16,GE80,70,85-89,,,,,,,23SEP19
LOUISIANA,22,2200630,LA-020,Evangeline Parish,220063000482,LA-020-020014,Ville Platte High School,98,80-84,1,PS,1,PS,67,80-84,,,,,29,GE80,11,GE50,74,80-84,,,1,PS,,,23SEP19
LOUISIANA,22,2200630,LA-020,Evangeline Parish,220063001717,LA-020-020018,Evangeline Central School,35,LE10,,,,,18,LE20,,,,,17,LE20,10,LT50,32,LE10,,,,,,,23SEP19
LOUISIANA,22,2200660,LA-021,Franklin Parish,220066000490,LA-021-021007,Franklin Parish High School,162,80-84,,,1,PS,90,75-79,1,PS,1,PS,69,90-94,19,40-59,127,80-84,,,1,PS,1,PS,23SEP19
LOUISIANA,22,2200690,LA-022,Grant Parish,220069000500,LA-022-022004,Georgetown High School,17,GE80,,,,,,,1,PS,,,16,GE80,2,PS,12,GE50,,,1,PS,,,23SEP19
LOUISIANA,22,2200690,LA-022,Grant Parish,220069000501,LA-022-022005,Grant High School,175,80-84,3,PS,1,PS,19,60-79,,,,,152,80-84,19,21-39,126,80-84,,,14,GE50,,,23SEP19
LOUISIANA,22,2200690,LA-022,Grant Parish,220069000502,LA-022-022006,Montgomery High School,26,GE80,,,1,PS,1,PS,,,,,24,GE80,2,PS,20,GE80,,,3,PS,,,23SEP19
LOUISIANA,22,2200720,LA-023,Iberia Parish,220072000511,LA-023-023007,Delcambre High School,58,GE90,,,1,PS,5,PS,1,PS,1,PS,50,GE90,1,PS,32,GE90,,,,,,,23SEP19
LOUISIANA,22,2200720,LA-023,Iberia Parish,220072000519,LA-023-023015,Jeanerette Senior High School,62,90-94,,,,,52,GE90,1,PS,1,PS,8,GE50,3,PS,58,GE90,,,,,1,PS,23SEP19
LOUISIANA,22,2200720,LA-023,Iberia Parish,220072000523,LA-023-023020,Loreauville High School,88,85-89,,,,,23,GE80,2,PS,1,PS,62,85-89,1,PS,47,80-89,,,,,1,PS,23SEP19
LOUISIANA,22,2200720,LA-023,Iberia Parish,220072000525,LA-023-023022,Westgate High School,253,86,,,16,GE80,126,85-89,6,LT50,1,PS,104,85-89,23,40-59,204,80-84,,,,,3,PS,23SEP19
LOUISIANA,22,2200720,LA-023,Iberia Parish,220072000527,LA-023-023024,New Iberia Senior High School,406,83,1,PS,11,GE50,148,80-84,13,GE50,4,PS,229,85-89,25,40-59,273,75-79,,,2,PS,5,PS,23SEP19
LOUISIANA,22,2200750,LA-024,Iberville Parish,220075000231,LA-024-024025,East Iberville Elementary/High School,31,GE90,,,1,PS,18,GE80,2,PS,,,10,GE50,,,16,GE80,,,1,PS,,,23SEP19
LOUISIANA,22,2200750,LA-024,Iberville Parish,220075000543,LA-024-024010,Plaquemine Senior High School,188,90-94,1,PS,1,PS,107,90-94,1,PS,,,78,GE95,13,GE50,124,90-94,,,11,GE50,2,PS,23SEP19
LOUISIANA,22,2200750,LA-024,Iberville Parish,220075000550,LA-024-024017,White Castle High School,45,GE90,,,,,33,GE90,2,PS,,,10,GE50,1,PS,28,GE80,,,,,1,PS,23SEP19
LOUISIANA,22,2200780,LA-025,Jackson Parish,220078000555,LA-025-025005,Jonesboro-Hodge High School,58,GE90,,,,,34,GE90,1,PS,2,PS,21,60-79,3,PS,49,80-89,,,,,,,23SEP19
LOUISIANA,22,2200780,LA-025,Jackson Parish,220078000556,LA-025-025007,Quitman High School,30,GE80,,,,,6,GE50,1,PS,,,23,GE80,2,PS,14,GE50,,,,,1,PS,23SEP19
LOUISIANA,22,2200780,LA-025,Jackson Parish,220078000560,LA-025-025010,Weston High School,24,60-79,,,,,3,PS,,,1,PS,20,60-79,2,PS,15,GE50,,,,,,,23SEP19
LOUISIANA,22,2200810,LA-027,Jefferson Davis Parish,220081000561,LA-027-027001,Elton High School,36,GE90,3,PS,,,11,GE50,1,PS,3,PS,18,GE80,4,PS,22,GE80,,,3,PS,,,23SEP19
LOUISIANA,22,2200810,LA-027,Jefferson Davis Parish,220081000564,LA-027-027004,Hathaway High School,27,GE80,,,,,,,,,,,27,GE80,2,PS,11,GE50,,,,,,,23SEP19
LOUISIANA,22,2200810,LA-027,Jefferson Davis Parish,220081000566,LA-027-027006,Jennings High School,131,GE95,,,1,PS,36,GE90,1,PS,7,GE50,86,GE95,17,GE80,69,GE95,,,1,PS,,,23SEP19
LOUISIANA,22,2200810,LA-027,Jefferson Davis Parish,220081000570,LA-027-027010,Lacassine High School,33,GE90,,,,,3,PS,2,PS,1,PS,27,GE80,2,PS,14,GE50,,,,,,,23SEP19
LOUISIANA,22,2200810,LA-027,Jefferson Davis Parish,220081000572,LA-027-027012,Lake Arthur High School,74,GE95,,,,,6,GE50,,,6,GE50,62,GE95,4,PS,34,GE90,,,,,,,23SEP19
LOUISIANA,22,2200810,LA-027,Jefferson Davis Parish,220081000574,LA-027-027014,Welsh High School,78,GE95,,,,,19,GE80,,,6,GE50,53,GE90,7,GE50,45,GE90,,,3,PS,,,23SEP19
LOUISIANA,22,2200840,LA-026,Jefferson Parish,220084000585,LA-026-026010,Bonnabel Magnet Academy High School,318,61,,,9,GE50,103,65-69,148,45-49,9,GE50,49,80-89,27,40-59,259,55-59,,,2,PS,80,20-24,23SEP19
LOUISIANA,22,2200840,LA-026,Jefferson Parish,220084000592,LA-026-026017,Helen Cox High School,205,82,1,PS,17,GE80,129,85-89,28,60-79,6,GE50,24,GE80,15,LT50,167,80-84,,,1,PS,20,40-59,23SEP19
LOUISIANA,22,2200840,LA-026,Jefferson Parish,220084000597,LA-026-026022,East Jefferson High School,286,65,1,PS,4,PS,98,65-69,66,55-59,7,GE50,110,65-69,27,21-39,227,60-64,,,4,PS,27,21-39,23SEP19
LOUISIANA,22,2200840,LA-026,Jefferson Parish,220084000598,LA-026-026023,John Ehret High School,494,82,3,PS,36,GE90,267,80-84,59,70-79,11,GE50,117,80-84,39,20-29,378,80,1,PS,3,PS,14,LT50,23SEP19
LOUISIANA,22,2200840,LA-026,Jefferson Parish,220084000604,LA-026-026029,Fisher Middle/High School,64,85-89,3,PS,,,,,5,PS,3,PS,53,80-89,5,PS,41,80-89,,,1,PS,1,PS,23SEP19
LOUISIANA,22,2200840,LA-026,Jefferson Parish,220084000606,LA-026-026031,Grand Isle High School,8,GE50,2,PS,,,,,1,PS,,,5,PS,,,3,PS,,,,,1,PS,23SEP19
LOUISIANA,22,2200840,LA-026,Jefferson Parish,220084000617,LA-026-026042,Haynes Academy School for Advanced Studies,92,GE95,,,13,GE50,9,GE50,13,GE50,3,PS,54,GE90,,,32,GE90,,,,,,,23SEP19
LOUISIANA,22,2200840,LA-026,Jefferson Parish,220084000620,LA-026-026045,L.W. Higgins High School,333,72,2,PS,20,GE80,192,75-79,50,60-69,6,GE50,63,60-64,40,20-29,263,70-74,,,,,25,21-39,23SEP19
LOUISIANA,22,2200840,LA-026,Jefferson Parish,220084000625,LA-026-026051,Grace King High School,307,67,,,23,GE80,53,80-89,153,55-59,4,PS,74,65-69,13,LT50,251,60-64,,,3,PS,95,35-39,23SEP19
LOUISIANA,22,2200840,LA-026,Jefferson Parish,220084000642,LA-026-026068,Riverdale High School,264,86,1,PS,6,GE50,82,85-89,69,70-74,5,PS,101,90-94,24,60-79,189,80-84,,,3,PS,23,21-39,23SEP19
LOUISIANA,22,2200840,LA-026,Jefferson Parish,220084000654,LA-026-026080,West Jefferson High School,291,67,1,PS,11,GE50,143,80-84,109,50-54,4,PS,23,60-79,24,21-39,259,65-69,,,10,LT50,59,20-29,23SEP19
LOUISIANA,22,2200840,LA-026,Jefferson Parish,220084001667,LA-026-026105,Patrick F. Taylor Science & Technology Academy,64,GE95,,,5,PS,14,GE50,11,GE50,1,PS,33,GE90,,,26,GE80,,,,,,,23SEP19
LOUISIANA,22,2200840,LA-026,Jefferson Parish,220084001964,LA-026-026107,Thomas Jefferson High School for Advanced Studies,88,GE95,,,19,GE80,28,GE80,9,GE50,2,PS,30,GE80,2,PS,51,GE90,,,,,,,23SEP19
LOUISIANA,22,2200840,LA-026,Jefferson Parish,220084002044,LA-026-026112,Martyn Alternative School,10,LT50,,,,,6,LT50,4,PS,,,,,4,PS,9,LT50,,,,,2,PS,23SEP19
LOUISIANA,22,2200840,LA-026,Jefferson Parish,220084002305,LA-026-026123,JCFA,54,19-Nov,1,PS,2,PS,24,LE20,8,LT50,,,19,LE20,5,PS,46,LE10,,,,,3,PS,23SEP19
LOUISIANA,22,2200870,LA-028,Lafayette Parish,220087000660,LA-028-028002,Acadiana High School,416,84,,,6,GE50,150,85-89,43,70-79,2,PS,215,80-84,22,60-79,252,75-79,,,3,PS,10,LT50,23SEP19
LOUISIANA,22,2200870,LA-028,Lafayette Parish,220087000668,LA-028-028010,Carencro High School,276,66,,,2,PS,161,60-64,19,40-59,2,PS,92,75-79,29,21-39,198,60-64,1,PS,10,LT50,6,LT50,23SEP19
LOUISIANA,22,2200870,LA-028,Lafayette Parish,220087000669,LA-028-028011,O. Comeaux High School,445,83,4,PS,14,GE50,137,75-79,15,GE50,1,PS,274,85-89,33,30-39,210,70-74,,,6,GE50,2,PS,23SEP19
LOUISIANA,22,2200870,LA-028,Lafayette Parish,220087000678,LA-028-028019,Lafayette High School,556,85,1,PS,36,GE90,161,70-74,41,50-59,6,GE50,311,94,22,40-59,263,70-74,,,6,GE50,29,21-39,23SEP19
LOUISIANA,22,2200870,LA-028,Lafayette Parish,220087000686,LA-028-028027,Northside High School,188,60-64,,,1,PS,174,60-64,1,PS,1,PS,11,LT50,16,LE20,152,55-59,,,8,LT50,,,23SEP19
LOUISIANA,22,2200870,LA-028,Lafayette Parish,220087001397,LA-028-028050,N. P. Moss Preparatory Academy,58,LE10,,,,,37,LE10,,,1,PS,20,LE20,3,PS,44,LE10,,,4,PS,,,23SEP19
LOUISIANA,22,2200870,LA-028,Lafayette Parish,220087002072,LA-028-028053,Early College Academy,54,GE90,,,3,PS,12,GE50,3,PS,,,36,GE90,,,24,GE80,,,,,,,23SEP19
LOUISIANA,22,2200870,LA-028,Lafayette Parish,220087002301,LA-028-028054,David Thibodaux STEM Magnet Academy,109,GE95,,,1,PS,37,GE90,2,PS,1,PS,68,90-94,3,PS,50,GE90,,,,,,,23SEP19
LOUISIANA,22,2200870,LA-028,Lafayette Parish,220087002441,LA-028-028056,Edward J Sam Accelerated School of Lafayette,35,20-29,,,,,21,21-39,,,,,14,LT50,1,PS,27,LE20,,,2,PS,,,23SEP19
LOUISIANA,22,2200870,LA-028,Lafayette Parish,220087002442,LA-028-028055,Southside High School,1,PS,,,,,1,PS,,,,,,,,,1,PS,,,,,,,23SEP19
LOUISIANA,22,2200900,LA-029,Lafourche Parish,220090000699,LA-029-029003,Central Lafourche High School,301,98,7,GE50,,,45,GE90,12,GE50,8,GE50,229,GE95,14,GE50,163,GE95,,,11,GE50,,,23SEP19
LOUISIANA,22,2200900,LA-029,Lafourche Parish,220090000721,LA-029-029026,South Lafourche High School,232,95,21,GE80,4,PS,10,GE50,26,60-79,5,PS,166,GE95,8,GE50,131,90-94,,,7,GE50,7,LT50,23SEP19
LOUISIANA,22,2200900,LA-029,Lafourche Parish,220090000725,LA-029-029029,Thibodaux High School,318,96,1,PS,2,PS,127,90-94,6,GE50,9,GE50,173,GE95,13,GE50,209,90-94,,,12,GE50,1,PS,23SEP19
LOUISIANA,22,2200900,LA-029,Lafourche Parish,220090002339,LA-029-029040,Virtual Academy of Lafourche,45,80-89,3,PS,1,PS,7,GE50,1,PS,1,PS,32,80-89,4,PS,27,GE80,,,1,PS,1,PS,23SEP19
LOUISIANA,22,2200960,LA-030,LaSalle Parish,220096000732,LA-030-030004,Jena High School,131,GE95,2,PS,,,19,GE80,,,,,110,GE95,11,GE50,73,90-94,,,15,GE50,,,23SEP19
LOUISIANA,22,2200960,LA-030,LaSalle Parish,220096000734,LA-030-030006,LaSalle High School,51,GE90,,,,,2,PS,,,,,49,GE90,6,GE50,29,GE80,1,PS,2,PS,,,23SEP19
LOUISIANA,22,2200990,LA-031,Lincoln Parish,220099000742,LA-031-031003,Choudrant High School,46,GE90,,,,,4,PS,2,PS,,,40,GE90,4,PS,15,GE50,,,1,PS,,,23SEP19
LOUISIANA,22,2200990,LA-031,Lincoln Parish,220099000752,LA-031-031013,Ruston High School,284,97,,,,,140,GE95,6,GE50,4,PS,134,GE95,28,GE80,125,90-94,,,,,1,PS,23SEP19
LOUISIANA,22,2200990,LA-031,Lincoln Parish,220099000753,LA-031-031014,Simsboro High School,29,GE80,,,,,10,GE50,4,PS,,,15,GE50,2,PS,15,GE50,,,,,1,PS,23SEP19
LOUISIANA,22,2201020,LA-032,Livingston Parish,220102000755,LA-032-032002,Albany High School,91,90-94,1,PS,,,8,GE50,5,PS,,,77,90-94,5,PS,42,80-89,1,PS,1,PS,,,23SEP19
LOUISIANA,22,2201020,LA-032,Livingston Parish,220102000758,LA-032-032005,Denham Springs High School,469,90,3,PS,6,GE50,41,80-89,33,70-79,,,386,91,33,70-79,158,80-84,2,PS,4,PS,2,PS,23SEP19
LOUISIANA,22,2201020,LA-032,Livingston Parish,220102000761,LA-032-032008,Doyle High School,102,80-84,,,,,3,PS,3,PS,,,96,80-84,5,PS,38,60-69,,,,,,,23SEP19
LOUISIANA,22,2201020,LA-032,Livingston Parish,220102000762,LA-032-032009,French Settlement High School,71,90-94,,,,,,,2,PS,,,69,90-94,8,GE50,25,GE80,1,PS,,,,,23SEP19
LOUISIANA,22,2201020,LA-032,Livingston Parish,220102000765,LA-032-032012,Holden High School,43,GE90,,,,,,,1,PS,,,42,GE90,,,18,GE80,,,,,,,23SEP19
LOUISIANA,22,2201020,LA-032,Livingston Parish,220102000767,LA-032-032014,Live Oak High School,319,94,,,,,10,GE50,10,GE50,,,299,90-94,21,GE80,90,85-89,,,,,,,23SEP19
LOUISIANA,22,2201020,LA-032,Livingston Parish,220102000768,LA-032-032017,Maurepas School,20,GE80,,,,,,,1,PS,,,19,GE80,,,8,GE50,,,,,,,23SEP19
LOUISIANA,22,2201020,LA-032,Livingston Parish,220102000773,LA-032-032023,Springfield High School,81,85-89,,,,,10,GE50,2,PS,,,69,85-89,4,PS,40,80-89,,,,,1,PS,23SEP19
LOUISIANA,22,2201020,LA-032,Livingston Parish,220102000774,LA-032-032024,Walker High School,403,89,,,6,GE50,34,GE90,10,GE50,1,PS,352,88,25,GE80,142,80-84,,,2,PS,,,23SEP19
LOUISIANA,22,2201020,LA-032,Livingston Parish,220102000775,LA-032-032025,Walker Freshman High School,17,LE20,,,,,1,PS,,,,,16,LE20,2,PS,9,LT50,,,,,,,23SEP19
LOUISIANA,22,2201020,LA-032,Livingston Parish,220102000904,LA-032-032042,Denham Springs Freshman High School,29,LE20,,,,,2,PS,2,PS,1,PS,24,LE20,5,PS,16,LE20,,,,,1,PS,23SEP19
LOUISIANA,22,2201050,LA-033,Madison Parish,220105000780,LA-033-033002,Madison High School,85,65-69,,,1,PS,80,65-69,1,PS,,,3,PS,14,LT50,82,65-69,1,PS,1,PS,,,23SEP19
LOUISIANA,22,2201050,LA-033,Madison Parish,220105010412,LA-033-033010,Christian Acres Alternative School,10,LT50,,,,,8,LT50,,,,,2,PS,1,PS,8,LT50,,,,,,,23SEP19
LOUISIANA,22,2201080,LA-065,City of Monroe School District,220108000787,LA-065-065002,Carroll High School,65,85-89,,,,,65,85-89,,,,,,,3,PS,61,85-89,1,PS,,,,,23SEP19
LOUISIANA,22,2201080,LA-065,City of Monroe School District,220108000799,LA-065-065014,Neville High School,242,93,,,5,PS,136,90-94,5,PS,1,PS,95,GE95,11,GE50,112,85-89,,,2,PS,,,23SEP19
LOUISIANA,22,2201080,LA-065,City of Monroe School District,220108000803,LA-065-065018,Wossman High School,98,GE95,,,,,98,GE95,,,,,,,10,GE50,89,GE95,,,,,,,23SEP19
LOUISIANA,22,2201080,LA-065,City of Monroe School District,220108002019,LA-065-065023,Sherrouse School,12,LT50,,,,,6,LT50,,,,,6,LT50,,,12,LT50,,,,,,,23SEP19
LOUISIANA,22,2201110,LA-034,Morehouse Parish,220111000805,LA-034-034002,Bastrop High School,189,65-69,,,3,PS,162,65-69,3,PS,2,PS,19,60-79,24,21-39,176,65-69,,,1,PS,1,PS,23SEP19
LOUISIANA,22,2201110,LA-034,Morehouse Parish,220111002359,LA-034-034003,Beekman Charter School,75,85-89,,,,,17,GE80,,,,,58,80-89,5,PS,74,85-89,,,,,,,23SEP19
LOUISIANA,22,2201140,LA-035,Natchitoches Parish,220114000101,LA-035-035026,Lakeview Jr./Sr. High School,75,90-94,,,,,36,GE90,,,1,PS,38,GE90,8,GE50,47,GE90,,,,,,,23SEP19
LOUISIANA,22,2201140,LA-035,Natchitoches Parish,220114000834,LA-035-035009,Natchitoches Central High School,269,87,5,PS,,,129,85-89,8,GE50,1,PS,126,85-89,26,60-79,164,80-84,,,7,GE50,2,PS,23SEP19
LOUISIANA,22,2201140,LA-035,Natchitoches Parish,220114001404,LA-035-035030,Frankie Ray Jackson Sr. Technical Center,35,60-69,,,,,29,60-79,,,,,6,GE50,6,LT50,30,60-79,,,,,,,23SEP19
LOUISIANA,22,2201170,LA-036,Orleans Parish,220117000880,LA-036-036035,Warren Easton Senior High School,246,98,,,,,240,GE95,5,PS,1,PS,,,8,GE50,171,GE95,1,PS,28,GE80,4,PS,23SEP19
LOUISIANA,22,2201170,LA-036,Orleans Parish,220117000939,LA-036-036088,McDonogh #35 College Preparatory School,235,82,,,,,234,80-84,,,,,1,PS,24,GE80,214,80-84,,,38,80-89,,,23SEP19
LOUISIANA,22,2201170,LA-036,Orleans Parish,220117001522,LA-036-036132,Youth Study Center,28,LE20,,,,,28,LE20,,,,,,,6,LT50,18,LE20,,,,,,,23SEP19
LOUISIANA,22,2201200,LA-037,Ouachita Parish,220120001001,LA-037-037019,Ouachita Parish High School,292,89,,,6,GE50,188,90-94,2,PS,5,PS,91,85-89,21,40-59,198,85-89,,,1,PS,1,PS,23SEP19
LOUISIANA,22,2201200,LA-037,Ouachita Parish,220120001013,LA-037-037032,Sterlington High School,118,GE95,,,3,PS,8,GE50,1,PS,,,106,GE95,9,GE50,41,80-89,,,,,,,23SEP19
LOUISIANA,22,2201200,LA-037,Ouachita Parish,220120001017,LA-037-037036,West Monroe High School,516,85,,,3,PS,96,85-89,23,60-79,4,PS,390,87,51,60-69,268,75-79,,,2,PS,9,LT50,23SEP19
LOUISIANA,22,2201200,LA-037,Ouachita Parish,220120001525,LA-037-037049,Richwood High School,130,90-94,,,,,127,90-94,,,1,PS,2,PS,8,GE50,110,85-89,,,1,PS,,,23SEP19
LOUISIANA,22,2201200,LA-037,Ouachita Parish,220120001939,LA-037-037046,West Ouachita High School,254,85,,,,,9,GE50,2,PS,1,PS,242,85-89,31,60-69,117,80-84,,,,,,,23SEP19
LOUISIANA,22,2201230,LA-038,Plaquemines Parish,220123001022,LA-038-038001,Belle Chasse High School,196,90-94,2,PS,8,GE50,39,GE90,11,GE50,3,PS,133,90-94,12,GE50,95,85-89,,,1,PS,1,PS,23SEP19
LOUISIANA,22,2201230,LA-038,Plaquemines Parish,220123001026,LA-038-038006,Phoenix High School,12,GE50,,,,,12,GE50,,,,,,,,,12,GE50,,,1,PS,,,23SEP19
LOUISIANA,22,2201230,LA-038,Plaquemines Parish,220123002028,LA-038-038013,South Plaquemines High School,57,GE90,3,PS,8,GE50,23,GE80,1,PS,,,22,GE80,4,PS,57,GE90,,,3,PS,1,PS,23SEP19
LOUISIANA,22,2201260,LA-039,Pointe Coupee Parish,220126001029,LA-039-039003,Livonia High School,170,70-74,,,1,PS,103,70-74,3,PS,2,PS,61,65-69,11,GE50,118,60-64,,,2,PS,1,PS,23SEP19
LOUISIANA,22,2201290,LA-040,Rapides Parish,220129001040,LA-040-040003,Alexandria Senior High School,290,87,1,PS,3,PS,115,80-84,5,PS,,,166,85-89,21,60-79,152,80-84,,,3,PS,1,PS,23SEP19
LOUISIANA,22,2201290,LA-040,Rapides Parish,220129001042,LA-040-040006,Bolton High School,112,70-74,,,3,PS,85,65-69,3,PS,,,21,GE80,16,40-59,99,65-69,,,7,GE50,3,PS,23SEP19
LOUISIANA,22,2201290,LA-040,Rapides Parish,220129001047,LA-040-040011,Buckeye High School,162,85-89,1,PS,,,1,PS,4,PS,1,PS,155,85-89,6,GE50,73,70-74,,,2,PS,,,23SEP19
LOUISIANA,22,2201290,LA-040,Rapides Parish,220129001051,LA-040-040014,Glenmora High School,42,70-79,,,3,PS,7,GE50,6,GE50,,,26,60-79,2,PS,33,70-79,,,1,PS,,,23SEP19
LOUISIANA,22,2201290,LA-040,Rapides Parish,220129001064,LA-040-040028,Oak Hill High School,45,GE90,1,PS,1,PS,1,PS,,,,,42,GE90,2,PS,29,GE80,,,1,PS,,,23SEP19
LOUISIANA,22,2201290,LA-040,Rapides Parish,220129001067,LA-040-040030,Peabody Magnet High School,86,70-74,2,PS,,,81,70-74,,,,,3,PS,10,GE50,78,70-74,,,3,PS,,,23SEP19
LOUISIANA,22,2201290,LA-040,Rapides Parish,220129001069,LA-040-040033,Pineville High School,315,82,1,PS,8,GE50,103,75-79,3,PS,2,PS,198,80-84,12,GE50,158,70-74,,,6,GE50,1,PS,23SEP19
LOUISIANA,22,2201290,LA-040,Rapides Parish,220129001071,LA-040-040035,Plainview High School,11,GE50,1,PS,,,,,,,,,10,GE50,,,7,GE50,,,,,,,23SEP19
LOUISIANA,22,2201290,LA-040,Rapides Parish,220129001073,LA-040-040037,Rapides High School,58,80-89,,,,,17,GE80,10,GE50,,,31,70-79,1,PS,43,80-89,,,2,PS,1,PS,23SEP19
LOUISIANA,22,2201290,LA-040,Rapides Parish,220129001084,LA-040-040048,Tioga High School,254,87,1,PS,1,PS,78,85-89,4,PS,,,170,85-89,23,GE80,180,80-84,,,6,GE50,,,23SEP19
LOUISIANA,22,2201290,LA-040,Rapides Parish,220129001943,LA-040-040055,Northwood High School,41,60-69,1,PS,1,PS,9,GE50,1,PS,1,PS,28,60-79,2,PS,33,60-69,,,1,PS,,,23SEP19
LOUISIANA,22,2201320,LA-041,Red River Parish,220132000784,LA-041-041008,Ware Youth Center,26,LE20,,,,,17,LE20,1,PS,,,8,LT50,3,PS,19,LE20,,,5,PS,,,23SEP19
LOUISIANA,22,2201320,LA-041,Red River Parish,220132001090,LA-041-041002,Red River High School,69,85-89,1,PS,1,PS,46,80-89,,,,,21,60-79,5,PS,53,80-89,,,2,PS,,,23SEP19
LOUISIANA,22,2201350,LA-042,Richland Parish,220135001095,LA-042-042001,Delhi High School,43,70-79,,,,,40,80-89,,,,,3,PS,4,PS,38,70-79,,,,,,,23SEP19
LOUISIANA,22,2201350,LA-042,Richland Parish,220135001100,LA-042-042006,Mangham High School,71,90-94,,,,,12,GE50,,,,,59,GE90,4,PS,47,GE90,,,1,PS,,,23SEP19
LOUISIANA,22,2201350,LA-042,Richland Parish,220135001102,LA-042-042008,Rayville High School,99,75-79,,,,,58,80-89,1,PS,,,40,70-79,22,60-79,79,75-79,,,2,PS,,,23SEP19
LOUISIANA,22,2201380,LA-043,Sabine Parish,220138001107,LA-043-043001,Converse High School,35,GE90,13,GE50,,,,,,,,,22,GE80,,,20,GE80,,,,,,,23SEP19
LOUISIANA,22,2201380,LA-043,Sabine Parish,220138001108,LA-043-043002,Ebarb School,27,GE80,16,GE80,,,,,,,7,GE50,4,PS,1,PS,20,GE80,,,,,,,23SEP19
LOUISIANA,22,2201380,LA-043,Sabine Parish,220138001110,LA-043-043004,Florien High School,37,GE90,4,PS,,,5,PS,,,1,PS,27,GE80,3,PS,18,GE80,,,,,,,23SEP19
LOUISIANA,22,2201380,LA-043,Sabine Parish,220138001112,LA-043-043006,Many High School,70,GE95,6,GE50,,,27,GE80,1,PS,1,PS,35,GE90,5,PS,46,GE90,,,1,PS,,,23SEP19
LOUISIANA,22,2201380,LA-043,Sabine Parish,220138001114,LA-043-043008,Negreet High School,39,GE90,4,PS,,,2,PS,,,1,PS,32,GE90,4,PS,23,GE80,,,,,,,23SEP19
LOUISIANA,22,2201380,LA-043,Sabine Parish,220138001116,LA-043-043010,Pleasant Hill High School,19,GE80,2,PS,,,9,GE50,,,,,8,GE50,3,PS,15,GE50,,,,,,,23SEP19
LOUISIANA,22,2201380,LA-043,Sabine Parish,220138001118,LA-043-043012,Zwolle High School,53,GE90,20,GE80,,,12,GE50,1,PS,11,GE50,9,GE50,9,GE50,39,GE90,,,,,,,23SEP19
LOUISIANA,22,2201410,LA-044,St. Bernard Parish,220141000816,LA-044-044019,C.F. Rowley Alternative School,15,GE50,,,,,10,GE50,2,PS,1,PS,2,PS,3,PS,13,GE50,,,1,PS,1,PS,23SEP19
LOUISIANA,22,2201410,LA-044,St. Bernard Parish,220141001125,LA-044-044006,Chalmette High School,415,96,1,PS,10,GE50,121,GE95,45,GE90,10,GE50,228,GE95,17,GE80,308,96,,,1,PS,8,GE50,23SEP19
LOUISIANA,22,2201440,LA-045,St. Charles Parish,220144001139,LA-045-045003,Destrehan High School,342,84,1,PS,7,GE50,117,80-84,26,60-79,9,GE50,182,85-89,21,40-59,180,70-74,,,,,7,LT50,23SEP19
LOUISIANA,22,2201440,LA-045,St. Charles Parish,220144001141,LA-045-045005,Hahnville High School,369,89,1,PS,3,PS,115,85-89,15,GE50,7,GE50,228,85-89,22,40-59,189,80-84,,,,,1,PS,23SEP19
LOUISIANA,22,2201470,LA-046,St. Helena Parish,220147001154,LA-046-046002,St. Helena College and Career Academy,67,70-74,,,,,59,70-79,,,,,8,LT50,2,PS,66,70-74,,,,,1,PS,23SEP19
LOUISIANA,22,2201500,LA-047,St. James Parish,220150001163,LA-047-047004,Lutcher High School,150,80-84,,,2,PS,80,70-74,,,,,68,90-94,8,LT50,81,65-69,,,1,PS,,,23SEP19
LOUISIANA,22,2201500,LA-047,St. James Parish,220150001167,LA-047-047008,St. James High School,137,90-94,,,,,109,85-89,2,PS,1,PS,25,GE80,5,PS,80,80-84,,,,,,,23SEP19
LOUISIANA,22,2201530,LA-048,St. John the Baptist Parish,220153001488,LA-048-048001,East St. John High School,344,80,,,1,PS,276,80-84,19,GE80,1,PS,47,60-69,33,60-69,279,80-84,,,3,PS,2,PS,23SEP19
LOUISIANA,22,2201530,LA-048,St. John the Baptist Parish,220153001500,LA-048-048013,West St. John High School,37,GE90,,,,,37,GE90,,,,,,,1,PS,33,GE90,,,,,,,23SEP19
LOUISIANA,22,2201560,LA-049,St. Landry Parish,220156001181,LA-049-049010,Eunice High School,127,90-94,,,,,45,GE90,3,PS,,,79,90-94,7,LT50,76,85-89,,,3,PS,2,PS,23SEP19
LOUISIANA,22,2201560,LA-049,St. Landry Parish,220156001204,LA-049-049032,Opelousas Senior High School,208,61,1,PS,3,PS,172,60-64,2,PS,,,30,40-59,24,LE20,146,55-59,,,1,PS,2,PS,23SEP19
LOUISIANA,22,2201560,LA-049,St. Landry Parish,220156001210,LA-049-049056,Port Barre High School,112,70-74,,,,,46,70-79,,,,,66,70-74,9,LT50,72,60-64,,,,,,,23SEP19
LOUISIANA,22,2201560,LA-049,St. Landry Parish,220156001685,LA-049-049058,Magnet Academy for Cultural Arts,43,GE90,,,2,PS,21,GE80,,,,,20,GE80,3,PS,22,GE80,,,,,,,23SEP19
LOUISIANA,22,2201560,LA-049,St. Landry Parish,220156001989,LA-049-049051,North Central High School,37,50-59,,,1,PS,23,60-79,1,PS,,,12,GE50,7,LT50,32,50-59,,,,,,,23SEP19
LOUISIANA,22,2201560,LA-049,St. Landry Parish,220156002005,LA-049-049052,Beau Chene High School,216,72,,,,,86,65-69,10,LT50,,,120,80-84,19,40-59,123,55-59,,,,,2,PS,23SEP19
LOUISIANA,22,2201560,LA-049,St. Landry Parish,220156002006,LA-049-049053,Northwest High School,131,75-79,,,,,93,75-79,4,PS,1,PS,33,70-79,10,GE50,76,60-64,,,,,,,23SEP19
LOUISIANA,22,2201590,LA-050,St. Martin Parish,220159001219,LA-050-050004,Breaux Bridge High School,217,81,1,PS,1,PS,101,75-79,4,PS,3,PS,107,85-89,15,LT50,159,75-79,,,2,PS,,,23SEP19
LOUISIANA,22,2201590,LA-050,St. Martin Parish,220159001223,LA-050-050008,Cecilia High School,200,80-84,,,,,70,85-89,5,PS,,,125,85-89,10,LT50,143,80-84,,,5,PS,4,PS,23SEP19
LOUISIANA,22,2201590,LA-050,St. Martin Parish,220159001229,LA-050-050017,St. Martinville Senior High School,188,80-84,,,2,PS,108,85-89,1,PS,8,GE50,69,80-84,16,60-79,155,75-79,,,4,PS,,,23SEP19
LOUISIANA,22,2201620,LA-051,St. Mary Parish,220162001236,LA-051-051006,Berwick High School,125,GE95,1,PS,1,PS,10,GE50,15,GE50,4,PS,94,GE95,12,GE50,62,GE95,,,1,PS,3,PS,23SEP19
LOUISIANA,22,2201620,LA-051,St. Mary Parish,220162001238,LA-051-051007,Centerville High School,32,GE90,,,,,8,GE50,,,2,PS,22,GE80,1,PS,12,GE50,,,,,,,23SEP19
LOUISIANA,22,2201620,LA-051,St. Mary Parish,220162001242,LA-051-051012,Franklin Senior High School,76,85-89,,,,,60,GE90,1,PS,1,PS,14,GE50,7,GE50,67,85-89,,,,,,,23SEP19
LOUISIANA,22,2201620,LA-051,St. Mary Parish,220162001251,LA-051-051021,Morgan City High School,180,GE95,,,11,GE50,37,GE90,19,GE80,5,PS,108,GE95,11,GE50,115,90-94,,,,,5,PS,23SEP19
LOUISIANA,22,2201620,LA-051,St. Mary Parish,220162001253,LA-051-051039,West St. Mary High School,63,90-94,4,PS,,,45,GE90,,,1,PS,13,GE50,7,GE50,44,GE90,,,,,,,23SEP19
LOUISIANA,22,2201620,LA-051,St. Mary Parish,220162001254,LA-051-051024,Patterson High School,102,GE95,2,PS,,,37,GE90,7,GE50,1,PS,55,GE90,8,GE50,72,GE95,,,,,3,PS,23SEP19
LOUISIANA,22,2201650,LA-052,St. Tammany Parish,220165000412,LA-052-052052,Fontainebleau High School,405,88,2,PS,12,GE50,30,60-79,15,GE50,2,PS,344,91,37,70-79,142,75-79,,,7,GE50,3,PS,23SEP19
LOUISIANA,22,2201650,LA-052,St. Tammany Parish,220165001274,LA-052-052013,Covington High School,368,79,2,PS,1,PS,60,70-79,23,60-79,1,PS,281,80-84,45,40-49,193,65-69,,,12,GE50,12,LT50,23SEP19
LOUISIANA,22,2201650,LA-052,St. Tammany Parish,220165001285,LA-052-052026,Mandeville High School,458,89,3,PS,12,GE50,43,GE90,17,60-79,3,PS,380,90,56,80-89,133,70-74,,,4,PS,6,LT50,23SEP19
LOUISIANA,22,2201650,LA-052,St. Tammany Parish,220165001287,LA-052-052029,Pearl River High School,170,90-94,,,,,12,GE50,6,GE50,1,PS,151,90-94,21,GE80,102,85-89,,,10,GE50,1,PS,23SEP19
LOUISIANA,22,2201650,LA-052,St. Tammany Parish,220165001292,LA-052-052035,Salmen High School,206,71,2,PS,4,PS,124,65-69,9,GE50,2,PS,65,70-74,29,21-39,147,65-69,,,10,LT50,1,PS,23SEP19
LOUISIANA,22,2201650,LA-052,St. Tammany Parish,220165001294,LA-052-052037,Slidell High School,391,79,1,PS,4,PS,131,85-89,26,60-79,4,PS,225,75-79,54,70-79,248,75-79,,,18,60-79,9,LT50,23SEP19
LOUISIANA,22,2201650,LA-052,St. Tammany Parish,220165001650,LA-052-052039,Northshore High School,401,88,2,PS,22,GE80,64,85-89,16,GE80,1,PS,296,85-89,35,60-69,145,75-79,,,7,GE50,1,PS,23SEP19
LOUISIANA,22,2201650,LA-052,St. Tammany Parish,220165002255,LA-052-052061,Lakeshore High School,248,82,,,1,PS,51,70-79,10,GE50,3,PS,183,85-89,29,60-79,101,65-69,,,12,GE50,3,PS,23SEP19
LOUISIANA,22,2201680,LA-053,Tangipahoa Parish,220168001298,LA-053-053002,Amite High Magnet,105,70-74,,,2,PS,74,75-79,1,PS,6,GE50,22,40-59,11,LT50,91,65-69,2,PS,4,PS,,,23SEP19
LOUISIANA,22,2201680,LA-053,Tangipahoa Parish,220168001304,LA-053-053009,Hammond High Magnet School,348,79,,,5,PS,167,70-74,21,40-59,22,60-79,133,90-94,21,40-59,197,65-69,,,5,PS,9,LT50,23SEP19
LOUISIANA,22,2201680,LA-053,Tangipahoa Parish,220168001307,LA-053-053012,Independence High Magnet,80,65-69,,,,,37,70-79,15,GE50,3,PS,25,40-59,15,LT50,65,60-64,,,1,PS,7,GE50,23SEP19
LOUISIANA,22,2201680,LA-053,Tangipahoa Parish,220168001310,LA-053-053015,Kentwood High Magnet School,51,80-89,,,,,50,80-89,,,1,PS,,,10,GE50,45,80-89,,,1,PS,,,23SEP19
LOUISIANA,22,2201680,LA-053,Tangipahoa Parish,220168001312,LA-053-053017,Loranger High School,149,80-84,1,PS,,,39,80-89,5,PS,4,PS,100,80-84,14,LT50,76,70-74,,,2,PS,1,PS,23SEP19
LOUISIANA,22,2201680,LA-053,Tangipahoa Parish,220168001319,LA-053-053024,Ponchatoula High School,364,80,,,,,95,80-84,13,GE50,22,60-79,234,80-84,28,21-39,198,65-69,,,2,PS,6,GE50,23SEP19
LOUISIANA,22,2201680,LA-053,Tangipahoa Parish,220168001840,LA-053-053029,Jewel M. Sumner High School,96,85-89,1,PS,,,28,GE80,1,PS,2,PS,64,85-89,6,LT50,59,80-89,1,PS,3,PS,,,23SEP19
LOUISIANA,22,2201680,LA-053,Tangipahoa Parish,220168002399,LA-053-053052,Tangipahoa Alternative Solutions Program,48,LE10,,,1,PS,23,LE20,,,2,PS,22,LE20,11,LT50,43,LE10,1,PS,1,PS,,,23SEP19
LOUISIANA,22,2201680,LA-053,Tangipahoa Parish,220168010414,LA-053-053045,Florida Parishes Juvenile Detention Cntr.,45,LE10,,,,,17,LE20,,,1,PS,27,LE20,8,LT50,34,LE10,,,,,,,23SEP19
LOUISIANA,22,2201710,LA-054,Tensas Parish,220171001328,LA-054-054001,Tensas High School,40,80-89,,,,,37,80-89,1,PS,,,2,PS,5,PS,40,80-89,,,,,1,PS,23SEP19
LOUISIANA,22,2201740,LA-055,Terrebonne Parish,220174001338,LA-055-055005,H. L. Bourgeois High School,349,93,8,GE50,3,PS,101,90-94,16,GE80,5,PS,216,90-94,27,40-59,209,90-94,,,5,PS,,,23SEP19
LOUISIANA,22,2201740,LA-055,Terrebonne Parish,220174001346,LA-055-055013,Ellender Memorial High School,250,90,47,80-89,2,PS,91,90-94,14,GE50,13,GE50,83,85-89,31,60-69,171,90-94,,,9,GE50,4,PS,23SEP19
LOUISIANA,22,2201740,LA-055,Terrebonne Parish,220174001353,LA-055-055020,Houma Junior High School,3,PS,,,,,,,,,,,3,PS,,,,,,,,,,,23SEP19
LOUISIANA,22,2201740,LA-055,Terrebonne Parish,220174001367,LA-055-055034,South Terrebonne High School,231,89,29,GE80,2,PS,12,GE50,4,PS,21,GE80,163,90-94,15,GE50,124,85-89,,,5,PS,1,PS,23SEP19
LOUISIANA,22,2201740,LA-055,Terrebonne Parish,220174001368,LA-055-055036,Terrebonne High School,308,87,16,GE80,7,GE50,90,80-84,10,GE50,6,GE50,179,85-89,23,60-79,181,85-89,,,13,GE50,4,PS,23SEP19
LOUISIANA,22,2201740,LA-055,Terrebonne Parish,220174001653,LA-055-055032,School for Exceptional Children,1,PS,,,,,1,PS,,,,,,,1,PS,1,PS,,,,,,,23SEP19
LOUISIANA,22,2201770,LA-056,Union Parish,220177001374,LA-056-056002,Downsville Community Charter School,24,60-79,,,,,,,2,PS,,,22,60-79,3,PS,14,GE50,,,,,,,23SEP19
LOUISIANA,22,2201770,LA-056,Union Parish,220177001376,LA-056-056004,Union Parish High School,110,85-89,,,1,PS,56,GE90,12,GE50,1,PS,40,80-89,17,GE80,93,85-89,,,2,PS,1,PS,23SEP19
LOUISIANA,22,2201800,LA-057,Vermilion Parish,220180001385,LA-057-057001,Abbeville High School,145,90-94,,,13,GE50,69,90-94,9,GE50,8,GE50,46,GE90,9,GE50,93,90-94,,,,,5,PS,23SEP19
LOUISIANA,22,2201800,LA-057,Vermilion Parish,220180001390,LA-057-057006,Erath High School,131,GE95,,,2,PS,4,PS,2,PS,3,PS,120,GE95,11,GE50,48,GE90,,,,,,,23SEP19
LOUISIANA,22,2201800,LA-057,Vermilion Parish,220180001398,LA-057-057013,Kaplan High School,130,90-94,,,,,13,GE50,1,PS,1,PS,115,90-94,10,GE50,64,80-84,,,,,,,23SEP19
LOUISIANA,22,2201800,LA-057,Vermilion Parish,220180001661,LA-057-057016,North Vermilion High School,153,GE95,1,PS,2,PS,14,GE50,2,PS,1,PS,133,GE95,7,GE50,64,90-94,,,,,1,PS,23SEP19
LOUISIANA,22,2201800,LA-057,Vermilion Parish,220180001695,LA-057-057008,Gueydan High School,37,GE90,,,,,3,PS,,,1,PS,33,GE90,1,PS,22,GE80,,,,,,,23SEP19
LOUISIANA,22,2201830,LA-058,Vernon Parish,220183001405,LA-058-058001,Anacoco High School,45,GE90,1,PS,1,PS,1,PS,2,PS,,,40,GE90,5,PS,17,GE80,,,,,,,23SEP19
LOUISIANA,22,2201830,LA-058,Vernon Parish,220183001407,LA-058-058003,Evans High School,19,GE80,,,,,,,,,,,19,GE80,4,PS,10,GE50,,,,,,,23SEP19
LOUISIANA,22,2201830,LA-058,Vernon Parish,220183001408,LA-058-058004,Hicks High School,26,GE80,,,,,,,,,,,26,GE80,5,PS,11,GE50,,,,,,,23SEP19
LOUISIANA,22,2201830,LA-058,Vernon Parish,220183001409,LA-058-058005,Hornbeck High School,31,GE90,1,PS,,,,,1,PS,,,29,GE80,3,PS,16,GE80,,,,,,,23SEP19
LOUISIANA,22,2201830,LA-058,Vernon Parish,220183001410,LA-058-058006,Leesville High School,128,90-94,,,2,PS,51,GE90,14,GE50,2,PS,59,80-89,20,60-79,73,85-89,,,,,1,PS,23SEP19
LOUISIANA,22,2201830,LA-058,Vernon Parish,220183001413,LA-058-058010,Pitkin High School,26,GE80,2,PS,,,1,PS,1,PS,,,22,GE80,,,16,GE80,,,,,,,23SEP19
LOUISIANA,22,2201830,LA-058,Vernon Parish,220183001415,LA-058-058012,Rosepine High School,65,GE95,,,,,1,PS,3,PS,1,PS,60,GE90,1,PS,33,GE90,,,,,1,PS,23SEP19
LOUISIANA,22,2201830,LA-058,Vernon Parish,220183001416,LA-058-058013,Simpson High School,15,GE50,,,,,,,,,,,15,GE50,2,PS,12,GE50,,,,,,,23SEP19
LOUISIANA,22,2201830,LA-058,Vernon Parish,220183001664,LA-058-058009,Pickering High School,63,85-89,,,1,PS,14,GE50,7,GE50,5,PS,36,80-89,7,GE50,43,80-89,,,,,,,23SEP19
LOUISIANA,22,2201860,LA-059,Washington Parish,220186001424,LA-059-059006,Franklinton High School,209,85,,,,,57,80-89,7,GE50,,,145,80-84,30,40-59,158,80-84,,,,,2,PS,23SEP19
LOUISIANA,22,2201860,LA-059,Washington Parish,220186001425,LA-059-059007,Mt. Hermon School,24,GE80,1,PS,,,9,GE50,,,,,14,GE50,4,PS,21,GE80,,,,,,,23SEP19
LOUISIANA,22,2201860,LA-059,Washington Parish,220186001426,LA-059-059008,Pine School,104,80-84,,,,,13,GE50,1,PS,,,90,75-79,15,LT50,69,70-74,,,,,,,23SEP19
LOUISIANA,22,2201860,LA-059,Washington Parish,220186001429,LA-059-059011,Varnado High School,49,80-89,,,,,31,GE90,,,,,18,60-79,1,PS,39,GE90,,,,,,,23SEP19
LOUISIANA,22,2201890,LA-060,Webster Parish,220189001436,LA-060-060005,Doyline High School,21,GE80,,,,,6,GE50,,,,,15,GE50,3,PS,11,GE50,,,,,,,23SEP19
LOUISIANA,22,2201890,LA-060,Webster Parish,220189001444,LA-060-060012,Minden High School,176,85-89,,,,,96,85-89,1,PS,,,79,85-89,15,GE50,96,75-79,,,2,PS,,,23SEP19
LOUISIANA,22,2201890,LA-060,Webster Parish,220189001450,LA-060-060018,Lakeside Junior-Senior High School,65,85-89,,,,,22,GE80,5,PS,2,PS,36,80-89,14,GE50,37,80-89,,,,,4,PS,23SEP19
LOUISIANA,22,2201890,LA-060,Webster Parish,220189001451,LA-060-060019,North Webster High School,129,75-79,,,,,49,70-79,2,PS,1,PS,77,75-79,12,GE50,68,65-69,,,,,,,23SEP19
LOUISIANA,22,2201920,LA-061,West Baton Rouge Parish,220192001457,LA-061-061001,Brusly High School,124,85-89,,,,,41,80-89,4,PS,,,79,85-89,7,GE50,68,75-79,,,1,PS,1,PS,23SEP19
LOUISIANA,22,2201920,LA-061,West Baton Rouge Parish,220192001464,LA-061-061008,Port Allen High School,112,75-79,,,,,90,80-84,1,PS,,,21,60-79,6,GE50,93,75-79,,,5,PS,1,PS,23SEP19
LOUISIANA,22,2201950,LA-062,West Carroll Parish,220195001467,LA-062-062001,Epps High School,10,GE50,,,,,5,PS,1,PS,,,4,PS,,,5,PS,,,,,,,23SEP19
LOUISIANA,22,2201950,LA-062,West Carroll Parish,220195001469,LA-062-062003,Forest School,29,GE80,,,,,3,PS,3,PS,,,23,GE80,4,PS,22,60-79,,,,,,,23SEP19
LOUISIANA,22,2201950,LA-062,West Carroll Parish,220195001471,LA-062-062005,Kilbourne High School,14,GE50,,,,,1,PS,,,1,PS,12,GE50,1,PS,6,GE50,,,,,,,23SEP19
LOUISIANA,22,2201950,LA-062,West Carroll Parish,220195001472,LA-062-062006,Oak Grove High School,42,GE90,,,,,9,GE50,,,1,PS,32,GE90,,,29,GE80,,,1,PS,,,23SEP19
LOUISIANA,22,2201980,LA-063,West Feliciana Parish,220198001476,LA-063-063003,West Feliciana High School,169,90-94,,,,,74,90-94,1,PS,1,PS,93,90-94,20,GE80,68,85-89,,,1,PS,,,23SEP19
LOUISIANA,22,2202010,LA-064,Winn Parish,220201001478,LA-064-064001,Atlanta High School,14,GE50,,,,,8,GE50,,,,,6,GE50,5,PS,13,GE50,,,1,PS,,,23SEP19
LOUISIANA,22,2202010,LA-064,Winn Parish,220201001479,LA-064-064002,Calvin High School,20,GE80,,,,,5,PS,,,,,15,GE50,4,PS,16,GE80,,,,,,,23SEP19
LOUISIANA,22,2202010,LA-064,Winn Parish,220201001480,LA-064-064003,Dodson High School,29,60-79,,,,,2,PS,,,,,27,60-79,3,PS,20,60-79,,,5,PS,,,23SEP19
LOUISIANA,22,2202010,LA-064,Winn Parish,220201001487,LA-064-064009,Winnfield High School,87,85-89,,,,,40,80-89,2,PS,,,45,GE90,8,GE50,68,85-89,,,,,,,23SEP19
LOUISIANA,22,2280100,LA-101,Special School District,228010001624,LA-101-101025,Dixon Correctional Institute,2,PS,,,,,2,PS,,,,,,,1,PS,2,PS,,,,,,,23SEP19
LOUISIANA,22,2280100,LA-101,Special School District,228010001730,LA-101-101010,Pinecrest Supports & Services Center,5,PS,,,,,3,PS,,,,,2,PS,5,PS,5,PS,,,,,,,23SEP19
LOUISIANA,22,2280100,LA-101,Special School District,228010002014,LA-101-101031,Renaissance Home for Youth,13,LT50,,,,,10,LT50,,,,,3,PS,4,PS,13,LT50,,,,,,,23SEP19
LOUISIANA,22,2280100,LA-101,Special School District,228010002356,LA-101-101038,Northlake Youth Academy,8,LT50,1,PS,,,3,PS,,,,,4,PS,1,PS,7,LT50,,,,,,,23SEP19
LOUISIANA,22,2280100,LA-101,Special School District,228010002372,LA-101-101037,River Oaks Hospital,24,LE20,,,1,PS,6,LT50,,,,,17,LE20,3,PS,17,LE20,,,,,,,23SEP19
