"School Year",State,"NCES LEA ID",LEA,School,"NCES SCH ID","Data Group","Data Description",Value,Denominator,Numerator,Population,Subgroup,Characteristics,Age/Grade,"Academic Subject","Program Type",Outcome
2020-2021,LOUISIANA,2200018,"LA Schools for the Deaf and Visually Impaired","Louisiana School for the Deaf",220001801789,794,"School Improvement Funds 1003(a)","$58,615",,,"Title I Schools",,,,,,
2020-2021,LOUISIANA,2200030,"Acadia Parish","Armstrong Middle School",220003000001,794,"School Improvement Funds 1003(a)","$14,693",,,"Title I Schools",,,,,,
2020-2021,LOUISIANA,2200030,"Acadia Parish","Church Point Middle School",220003000005,794,"School Improvement Funds 1003(a)","$14,693",,,"Title I Schools",,,,,,
2020-2021,LOUISIANA,2200030,"Acadia Parish","Crowley Middle School",220003000007,794,"School Improvement Funds 1003(a)","$14,693",,,"Title I Schools",,,,,,
2020-2021,LOUISIANA,2200030,"Acadia Parish","Estherwood Elementary School",220003000011,794,"School Improvement Funds 1003(a)","$14,692",,,"Title I Schools",,,,,,
2020-2021,LOUISIANA,2200030,"Acadia Parish","Mire Elementary School",220003000017,794,"School Improvement Funds 1003(a)","$14,692",,,"Title I Schools",,,,,,
2020-2021,LOUISIANA,2200030,"Acadia Parish","Richard Elementary School",220003000020,794,"School Improvement Funds 1003(a)","$14,692",,,"Title I Schools",,,,,,
2020-2021,LOUISIANA,2200030,"Acadia Parish","South Crowley Elementary School",220003000022,794,"School Improvement Funds 1003(a)","$14,692",,,"Title I Schools",,,,,,
2020-2021,LOUISIANA,2200030,"Acadia Parish","South Rayne Elementary School",220003000023,794,"School Improvement Funds 1003(a)","$14,693",,,"Title I Schools",,,,,,
2020-2021,LOUISIANA,2200030,"Acadia Parish","Iota Middle School",220003001015,794,"School Improvement Funds 1003(a)","$14,692",,,"Title I Schools",,,,,,
2020-2021,LOUISIANA,2200030,"Acadia Parish","Church Point Elementary School",220003001505,794,"School Improvement Funds 1003(a)","$14,693",,,"Title I Schools",,,,,,
2020-2021,LOUISIANA,2200039,"Zachary Community School District","Zachary High School",220003900450,794,"School Improvement Funds 1003(a)","$32,661",,,"Title I Schools",,,,,,
2020-2021,LOUISIANA,2200040,"City of Baker School District","Baker Middle School",220004000343,794,"School Improvement Funds 1003(a)","$13,222",,,"Title I Schools",,,,,,
2020-2021,LOUISIANA,2200040,"City of Baker School District","Baker High School",220004000344,794,"School Improvement Funds 1003(a)","$13,222",,,"Title I Schools",,,,,,
2020-2021,LOUISIANA,2200047,"Office of Juvenile Justice","Riverside Alternative High School",220004701780,794,"School Improvement Funds 1003(a)","$81,572",,,"Title I Schools",,,,,,
2020-2021,LOUISIANA,2200047,"Office of Juvenile Justice","Southside Alternative High School",220004701781,794,"School Improvement Funds 1003(a)","$81,571",,,"Title I Schools",,,,,,
2020-2021,LOUISIANA,2200054,"Recovery School District-LDE","Linwood Public Charter School",220005400175,794,"School Improvement Funds 1003(a)","$138,655",,,"Title I Schools",,,,,,
2020-2021,LOUISIANA,2200060,"Allen Parish","Oakdale Elementary School",220006000028,794,"School Improvement Funds 1003(a)","$68,588",,,"Title I Schools",,,,,,
2020-2021,LOUISIANA,2200060,"Allen Parish","Kinder Middle School",220006001049,794,"School Improvement Funds 1003(a)","$68,588",,,"Title I Schools",,,,,,
2020-2021,LOUISIANA,2200090,"Ascension Parish","Donaldsonville Primary School",220009000035,794,"School Improvement Funds 1003(a)","$32,244",,,"Title I Schools",,,,,,
2020-2021,LOUISIANA,2200090,"Ascension Parish","Gonzales Middle School",220009000040,794,"School Improvement Funds 1003(a)","$32,243",,,"Title I Schools",,,,,,
2020-2021,LOUISIANA,2200090,"Ascension Parish","Lowery Middle School",220009000042,794,"School Improvement Funds 1003(a)","$32,243",,,"Title I Schools",,,,,,
2020-2021,LOUISIANA,2200090,"Ascension Parish","Lowery Elementary School",220009000047,794,"School Improvement Funds 1003(a)","$32,243",,,"Title I Schools",,,,,,
2020-2021,LOUISIANA,2200120,"Assumption Parish","Belle Rose Middle School",220012000050,794,"School Improvement Funds 1003(a)","$48,617",,,"Title I Schools",,,,,,
2020-2021,LOUISIANA,2200120,"Assumption Parish","Belle Rose Primary School",220012000051,794,"School Improvement Funds 1003(a)","$48,617",,,"Title I Schools",,,,,,
2020-2021,LOUISIANA,2200120,"Assumption Parish","Labadieville Middle School",220012000052,794,"School Improvement Funds 1003(a)","$48,617",,,"Title I Schools",,,,,,
2020-2021,LOUISIANA,2200120,"Assumption Parish","Napoleonville Middle School",220012000054,794,"School Improvement Funds 1003(a)","$48,616",,,"Title I Schools",,,,,,
2020-2021,LOUISIANA,2200120,"Assumption Parish","Napoleonville Primary School",220012000055,794,"School Improvement Funds 1003(a)","$48,616",,,"Title I Schools",,,,,,
2020-2021,LOUISIANA,2200125,"Central Community School District","Central Intermediate School",220012502090,794,"School Improvement Funds 1003(a)","$30,875",,,"Title I Schools",,,,,,
2020-2021,LOUISIANA,2200126,"The MAX Charter School","The MAX Charter School",220012602058,794,"School Improvement Funds 1003(a)","$80,323",,,"Title I Schools",,,,,,
2020-2021,LOUISIANA,2200150,"Avoyelles Parish","Bunkie Elementary School",220015000061,794,"School Improvement Funds 1003(a)","$116,098",,,"Title I Schools",,,,,,
2020-2021,LOUISIANA,2200150,"Avoyelles Parish","Bunkie Magnet High School",220015000063,794,"School Improvement Funds 1003(a)","$116,098",,,"Title I Schools",,,,,,
2020-2021,LOUISIANA,2200150,"Avoyelles Parish","Cottonport Elementary",220015000064,794,"School Improvement Funds 1003(a)","$116,098",,,"Title I Schools",,,,,,
2020-2021,LOUISIANA,2200150,"Avoyelles Parish","Lafargue Elementary School",220015000069,794,"School Improvement Funds 1003(a)","$116,098",,,"Title I Schools",,,,,,
2020-2021,LOUISIANA,2200150,"Avoyelles Parish","Marksville Elementary School",220015000072,794,"School Improvement Funds 1003(a)","$116,098",,,"Title I Schools",,,,,,
2020-2021,LOUISIANA,2200150,"Avoyelles Parish","Plaucheville Elementary School",220015000076,794,"School Improvement Funds 1003(a)","$116,097",,,"Title I Schools",,,,,,
2020-2021,LOUISIANA,2200150,"Avoyelles Parish","Riverside Elementary School",220015000077,794,"School Improvement Funds 1003(a)","$116,097",,,"Title I Schools",,,,,,
2020-2021,LOUISIANA,2200151,"Howard School","Howard School",220015101195,794,"School Improvement Funds 1003(a)","$33,727",,,"Title I Schools",,,,,,
2020-2021,LOUISIANA,2200157,"University View Academy, Inc. (FRM LA Connections)","University View Academy, Inc. (FRM LA Connections)",220015702322,794,"School Improvement Funds 1003(a)","$116,410",,,"Title I Schools",,,,,,
2020-2021,LOUISIANA,2200158,"Lake Charles Charter Academy Foundation, Inc.","Lake Charles Charter Academy",220015802319,794,"School Improvement Funds 1003(a)","$57,775",,,"Title I Schools",,,,,,
2020-2021,LOUISIANA,2200180,"Beauregard Parish","DeRidder Junior High School",220018000082,794,"School Improvement Funds 1003(a)","$42,930",,,"Title I Schools",,,,,,
2020-2021,LOUISIANA,2200180,"Beauregard Parish","Pine Wood Elementary School",220018000087,794,"School Improvement Funds 1003(a)","$42,929",,,"Title I Schools",,,,,,
2020-2021,LOUISIANA,2200187,"Success Preparatory Academy","Success Preparatory Academy",220018702283,794,"School Improvement Funds 1003(a)","$58,415",,,"Title I Schools",,,,,,
2020-2021,LOUISIANA,2200188,"The NET Charter High School","The NET Charter High School",220018802340,794,"School Improvement Funds 1003(a)","$34,731",,,"Title I Schools",,,,,,
2020-2021,LOUISIANA,2200189,"Southwest Louisiana Charter Academy","Southwest Louisiana Charter Academy",220018902349,794,"School Improvement Funds 1003(a)","$83,575",,,"Title I Schools",,,,,,
2020-2021,LOUISIANA,2200190,"Impact Charter School","Impact Charter School",220019002386,794,"School Improvement Funds 1003(a)","$97,586",,,"Title I Schools",,,,,,
2020-2021,LOUISIANA,2200195,"ReNEW Dolores T. Aaron Elementary","ReNEW Dolores T. Aaron Elementary",220019502021,794,"School Improvement Funds 1003(a)","$99,033",,,"Title I Schools",,,,,,
2020-2021,LOUISIANA,2200196,"Celerity Dalton Charter School","Celerity Dalton Charter School",220019602383,794,"School Improvement Funds 1003(a)","$46,348",,,"Title I Schools",,,,,,
2020-2021,LOUISIANA,2200198,"Lake Charles College Prep","Lake Charles College Prep",220019802388,794,"School Improvement Funds 1003(a)","$74,955",,,"Title I Schools",,,,,,
2020-2021,LOUISIANA,2200199,"James M. Singleton Charter School","James M. Singleton Charter School",220019901208,794,"School Improvement Funds 1003(a)","$11,324",,,"Title I Schools",,,,,,
2020-2021,LOUISIANA,2200206,"Langston Hughes Charter Academy","Langston Hughes Charter Academy",220020600976,794,"School Improvement Funds 1003(a)","$100,145",,,"Title I Schools",,,,,,
2020-2021,LOUISIANA,2200207,"Lord Beaconsfield Landry-Oliver Perry Walker High","Lord Beaconsfield Landry-Oliver Perry Walker High",220020700972,794,"School Improvement Funds 1003(a)","$138,306",,,"Title I Schools",,,,,,
2020-2021,LOUISIANA,2200208,"Akili Academy of New Orleans","Akili Academy of New Orleans",220020802071,794,"School Improvement Funds 1003(a)","$3,000",,,"Title I Schools",,,,,,
2020-2021,LOUISIANA,2200210,"Bienville Parish","Crawford Elementary School",220021000094,794,"School Improvement Funds 1003(a)","$111,105",,,"Title I Schools",,,,,,
2020-2021,LOUISIANA,2200211,"KIPP Leadership","KIPP Leadership",220021102307,794,"School Improvement Funds 1003(a)","$9,062",,,"Title I Schools",,,,,,
2020-2021,LOUISIANA,2200212,"Arise Academy","Arise Academy",220021202278,794,"School Improvement Funds 1003(a)","$36,735",,,"Title I Schools",,,,,,
2020-2021,LOUISIANA,2200215,"JS Clark Leadership Academy","JS Clark Leadership Academy",220021502348,794,"School Improvement Funds 1003(a)","$56,260",,,"Title I Schools",,,,,,
2020-2021,LOUISIANA,2200216,"KIPP Believe","KIPP Believe",220021600958,794,"School Improvement Funds 1003(a)","$6,542",,,"Title I Schools",,,,,,
2020-2021,LOUISIANA,2200219,"Iberville Charter Academy","Iberville Charter Academy",220021902395,794,"School Improvement Funds 1003(a)","$61,416",,,"Title I Schools",,,,,,
2020-2021,LOUISIANA,2200233,"Louisiana Virtual Charter Academy","Louisiana Virtual Charter Academy",220023302320,794,"School Improvement Funds 1003(a)","$63,930",,,"Title I Schools",,,,,,
2020-2021,LOUISIANA,2200235,"Lafayette Charter Foundation","Lafayette Renaissance Charter Academy",220023502396,794,"School Improvement Funds 1003(a)","$20,113",,,"Title I Schools",,,,,,
2020-2021,LOUISIANA,2200236,"Martin Behrman Charter Acad of Creative Arts & Sci","Martin Behrman Charter Acad of Creative Arts & Sci",220023600853,794,"School Improvement Funds 1003(a)","$123,294",,,"Title I Schools",,,,,,
2020-2021,LOUISIANA,2200238,"Walter L. Cohen College Prep","Walter L. Cohen College Prep",220023802341,794,"School Improvement Funds 1003(a)","$53,190",,,"Title I Schools",,,,,,
2020-2021,LOUISIANA,2200240,"City of Bogalusa School District","Central Elementary School",220024000102,794,"School Improvement Funds 1003(a)","$47,226",,,"Title I Schools",,,,,,
2020-2021,LOUISIANA,2200240,"City of Bogalusa School District","Bogalusa High School",220024000103,794,"School Improvement Funds 1003(a)","$47,226",,,"Title I Schools",,,,,,
2020-2021,LOUISIANA,2200240,"City of Bogalusa School District","Byrd Avenue Primary School",220024000104,794,"School Improvement Funds 1003(a)","$47,226",,,"Title I Schools",,,,,,
2020-2021,LOUISIANA,2200240,"City of Bogalusa School District","Northshore Charter School",220024002371,794,"School Improvement Funds 1003(a)","$47,226",,,"Title I Schools",,,,,,
2020-2021,LOUISIANA,2200241,JCFA-East,JCFA-East,220024102370,794,"School Improvement Funds 1003(a)","$35,750",,,"Title I Schools",,,,,,
2020-2021,LOUISIANA,2200242,"ReNEW SciTech Academy at Laurel","ReNEW SciTech Academy at Laurel",220024200917,794,"School Improvement Funds 1003(a)","$120,808",,,"Title I Schools",,,,,,
2020-2021,LOUISIANA,2200243,"Paul Habans Charter School","Paul Habans Charter School",220024302362,794,"School Improvement Funds 1003(a)","$3,000",,,"Title I Schools",,,,,,
2020-2021,LOUISIANA,2200246,"KIPP Central City","KIPP Central City",220024602079,794,"School Improvement Funds 1003(a)","$8,847",,,"Title I Schools",,,,,,
2020-2021,LOUISIANA,2200249,"Mildred Osborne Charter School","Mildred Osborne Charter School",220024902367,794,"School Improvement Funds 1003(a)","$31,640",,,"Title I Schools",,,,,,
2020-2021,LOUISIANA,2200252,"Northeast Claiborne Charter","Northeast Claiborne Charter",220025202397,794,"School Improvement Funds 1003(a)","$44,200",,,"Title I Schools",,,,,,
2020-2021,LOUISIANA,2200253,"Phillis Wheatley Community School","Phillis Wheatley Community School",220025300877,794,"School Improvement Funds 1003(a)","$110,504",,,"Title I Schools",,,,,,
2020-2021,LOUISIANA,2200254,"Democracy Prep Baton Rouge","Democracy Prep Baton Rouge",220025402408,794,"School Improvement Funds 1003(a)","$44,298",,,"Title I Schools",,,,,,
2020-2021,LOUISIANA,2200255,"ReNEW Schaumburg Elementary","ReNEW Schaumburg Elementary",220025502376,794,"School Improvement Funds 1003(a)","$109,033",,,"Title I Schools",,,,,,
2020-2021,LOUISIANA,2200258,"Kenilworth Science and Technology Charter School","Kenilworth Science and Technology Charter School",220025800389,794,"School Improvement Funds 1003(a)","$64,948",,,"Title I Schools",,,,,,
2020-2021,LOUISIANA,2200259,"Samuel J. Green Charter School","Samuel J. Green Charter School",220025900897,794,"School Improvement Funds 1003(a)","$100,145",,,"Title I Schools",,,,,,
2020-2021,LOUISIANA,2200262,"KIPP Morial","KIPP Morial",220026200932,794,"School Improvement Funds 1003(a)","$9,062",,,"Title I Schools",,,,,,
2020-2021,LOUISIANA,2200263,"Willow Charter Academy","Willow Charter Academy",220026302405,794,"School Improvement Funds 1003(a)","$116,928",,,"Title I Schools",,,,,,
2020-2021,LOUISIANA,2200266,"Lawrence D. Crocker College Prep","Lawrence D. Crocker College Prep",220026602352,794,"School Improvement Funds 1003(a)","$97,588",,,"Title I Schools",,,,,,
2020-2021,LOUISIANA,2200267,"Fannie C. Williams Charter School","Fannie C. Williams Charter School",220026702062,794,"School Improvement Funds 1003(a)","$142,200",,,"Title I Schools",,,,,,
2020-2021,LOUISIANA,2200268,"Advantage Charter Academy","Advantage Charter Academy",220026802385,794,"School Improvement Funds 1003(a)","$114,363",,,"Title I Schools",,,,,,
2020-2021,LOUISIANA,2200270,"Bossier Parish","Bossier Elementary School",220027000118,794,"School Improvement Funds 1003(a)","$40,419",,,"Title I Schools",,,,,,
2020-2021,LOUISIANA,2200270,"Bossier Parish","Central Park Elementary School",220027000123,794,"School Improvement Funds 1003(a)","$40,419",,,"Title I Schools",,,,,,
2020-2021,LOUISIANA,2200270,"Bossier Parish","Curtis Elementary School",220027000124,794,"School Improvement Funds 1003(a)","$40,419",,,"Title I Schools",,,,,,
2020-2021,LOUISIANA,2200270,"Bossier Parish","Elm Grove Middle School",220027000125,794,"School Improvement Funds 1003(a)","$40,419",,,"Title I Schools",,,,,,
2020-2021,LOUISIANA,2200270,"Bossier Parish","Greenacres Middle School",220027000126,794,"School Improvement Funds 1003(a)","$40,418",,,"Title I Schools",,,,,,
2020-2021,LOUISIANA,2200270,"Bossier Parish","R. V. Kerr Elementary School",220027000128,794,"School Improvement Funds 1003(a)","$40,418",,,"Title I Schools",,,,,,
2020-2021,LOUISIANA,2200270,"Bossier Parish","Meadowview Elementary School",220027000129,794,"School Improvement Funds 1003(a)","$40,418",,,"Title I Schools",,,,,,
2020-2021,LOUISIANA,2200270,"Bossier Parish","Platt Elementary School",220027000134,794,"School Improvement Funds 1003(a)","$40,418",,,"Title I Schools",,,,,,
2020-2021,LOUISIANA,2200270,"Bossier Parish","Haughton Middle School",220027000135,794,"School Improvement Funds 1003(a)","$40,418",,,"Title I Schools",,,,,,
2020-2021,LOUISIANA,2200270,"Bossier Parish","Rusheon Middle School",220027000137,794,"School Improvement Funds 1003(a)","$40,418",,,"Title I Schools",,,,,,
2020-2021,LOUISIANA,2200270,"Bossier Parish","Waller Elementary School",220027000139,794,"School Improvement Funds 1003(a)","$40,418",,,"Title I Schools",,,,,,
2020-2021,LOUISIANA,2200270,"Bossier Parish","Princeton Elementary School",220027001079,794,"School Improvement Funds 1003(a)","$40,418",,,"Title I Schools",,,,,,
2020-2021,LOUISIANA,2200277,"KIPP Booker T Washington","KIPP Booker T Washington",220027702434,794,"School Improvement Funds 1003(a)","$22,877",,,"Title I Schools",,,,,,
2020-2021,LOUISIANA,2200280,"Einstein Charter Middle Sch at Sarah Towles Reed","Einstein Charter Middle Sch at Sarah Towles Reed",220028002430,794,"School Improvement Funds 1003(a)","$68,453",,,"Title I Schools",,,,,,
2020-2021,LOUISIANA,2200283,"Einstein Charter School at Village De L'Est","Einstein Charter School at Village De L'Est",220028300858,794,"School Improvement Funds 1003(a)","$101,111",,,"Title I Schools",,,,,,
2020-2021,LOUISIANA,2200287,"ENCORE Academy","ENCORE Academy",220028702350,794,"School Improvement Funds 1003(a)","$88,162",,,"Title I Schools",,,,,,
2020-2021,LOUISIANA,2200290,"Thrive Academy","Thrive Academy",220029002335,794,"School Improvement Funds 1003(a)","$66,524",,,"Title I Schools",,,,,,
2020-2021,LOUISIANA,2200292,"Einstein Charter at Sherwood Forest","Einstein Charter at Sherwood Forest",220029202422,794,"School Improvement Funds 1003(a)","$88,874",,,"Title I Schools",,,,,,
2020-2021,LOUISIANA,2200293,"The NET 2 Charter High School","The NET 2 Charter High School",220029302439,794,"School Improvement Funds 1003(a)","$33,431",,,"Title I Schools",,,,,,
2020-2021,LOUISIANA,2200300,"Caddo Parish","Atkins Technology Elementary School",220030000142,794,"School Improvement Funds 1003(a)","$43,346",,,"Title I Schools",,,,,,
2020-2021,LOUISIANA,2200300,"Caddo Parish","Broadmoor Middle Laboratory School",220030000146,794,"School Improvement Funds 1003(a)","$43,346",,,"Title I Schools",,,,,,
2020-2021,LOUISIANA,2200300,"Caddo Parish","Caddo Heights Math/Science Elementary School",220030000150,794,"School Improvement Funds 1003(a)","$43,346",,,"Title I Schools",,,,,,
2020-2021,LOUISIANA,2200300,"Caddo Parish","Cherokee Park Elementary School",220030000153,794,"School Improvement Funds 1003(a)","$43,346",,,"Title I Schools",,,,,,
2020-2021,LOUISIANA,2200300,"Caddo Parish","Creswell Elementary School",220030000156,794,"School Improvement Funds 1003(a)","$43,346",,,"Title I Schools",,,,,,
2020-2021,LOUISIANA,2200300,"Caddo Parish","Eighty-First Street ECE Center",220030000159,794,"School Improvement Funds 1003(a)","$43,346",,,"Title I Schools",,,,,,
2020-2021,LOUISIANA,2200300,"Caddo Parish","Forest Hill Elementary School",220030000162,794,"School Improvement Funds 1003(a)","$43,346",,,"Title I Schools",,,,,,
2020-2021,LOUISIANA,2200300,"Caddo Parish","Caddo Middle Career and Technology School",220030000167,794,"School Improvement Funds 1003(a)","$43,346",,,"Title I Schools",,,,,,
2020-2021,LOUISIANA,2200300,"Caddo Parish","Huntington High School",220030000169,794,"School Improvement Funds 1003(a)","$43,346",,,"Title I Schools",,,,,,
2020-2021,LOUISIANA,2200300,"Caddo Parish","Northside Elementary School",220030000181,794,"School Improvement Funds 1003(a)","$43,346",,,"Title I Schools",,,,,,
2020-2021,LOUISIANA,2200300,"Caddo Parish","Oak Park Microsociety Elementary School",220030000183,794,"School Improvement Funds 1003(a)","$43,346",,,"Title I Schools",,,,,,
2020-2021,LOUISIANA,2200300,"Caddo Parish","Pine Grove Elementary School",220030000187,794,"School Improvement Funds 1003(a)","$43,346",,,"Title I Schools",,,,,,
2020-2021,LOUISIANA,2200300,"Caddo Parish","Queensborough Elementary School",220030000188,794,"School Improvement Funds 1003(a)","$43,346",,,"Title I Schools",,,,,,
2020-2021,LOUISIANA,2200300,"Caddo Parish","Ridgewood Middle School",220030000189,794,"School Improvement Funds 1003(a)","$43,346",,,"Title I Schools",,,,,,
2020-2021,LOUISIANA,2200300,"Caddo Parish","Southern Hills Elementary School",220030000196,794,"School Improvement Funds 1003(a)","$43,346",,,"Title I Schools",,,,,,
2020-2021,LOUISIANA,2200300,"Caddo Parish","Summerfield Elementary School",220030000200,794,"School Improvement Funds 1003(a)","$43,346",,,"Title I Schools",,,,,,
2020-2021,LOUISIANA,2200300,"Caddo Parish","Summer Grove Elementary School",220030000201,794,"School Improvement Funds 1003(a)","$43,346",,,"Title I Schools",,,,,,
2020-2021,LOUISIANA,2200300,"Caddo Parish","Sunset Acres Elementary School",220030000202,794,"School Improvement Funds 1003(a)","$43,345",,,"Title I Schools",,,,,,
2020-2021,LOUISIANA,2200300,"Caddo Parish","Walnut Hill Elementary/Middle School",220030000207,794,"School Improvement Funds 1003(a)","$43,345",,,"Title I Schools",,,,,,
2020-2021,LOUISIANA,2200300,"Caddo Parish","Werner Park Elementary School",220030000209,794,"School Improvement Funds 1003(a)","$43,345",,,"Title I Schools",,,,,,
2020-2021,LOUISIANA,2200300,"Caddo Parish","Westwood Elementary School",220030000211,794,"School Improvement Funds 1003(a)","$43,345",,,"Title I Schools",,,,,,
2020-2021,LOUISIANA,2200300,"Caddo Parish","Woodlawn Leadership Academy",220030000212,794,"School Improvement Funds 1003(a)","$43,345",,,"Title I Schools",,,,,,
2020-2021,LOUISIANA,2200300,"Caddo Parish","Midway Professional Development Center",220030001510,794,"School Improvement Funds 1003(a)","$43,346",,,"Title I Schools",,,,,,
2020-2021,LOUISIANA,2200300,"Caddo Parish","Turner Elementary Middle School",220030001676,794,"School Improvement Funds 1003(a)","$43,345",,,"Title I Schools",,,,,,
2020-2021,LOUISIANA,2200300,"Caddo Parish","Donnie Bickham Middle School",220030001917,794,"School Improvement Funds 1003(a)","$43,346",,,"Title I Schools",,,,,,
2020-2021,LOUISIANA,2200300,"Caddo Parish","Keithville Elementary/Middle School",220030001918,794,"School Improvement Funds 1003(a)","$43,346",,,"Title I Schools",,,,,,
2020-2021,LOUISIANA,2200300,"Caddo Parish","J. S. Clark Elementary School",220030002336,794,"School Improvement Funds 1003(a)","$43,346",,,"Title I Schools",,,,,,
2020-2021,LOUISIANA,2200300,"Caddo Parish","Academic Recovery Ombudsman",220030002343,794,"School Improvement Funds 1003(a)","$43,346",,,"Title I Schools",,,,,,
2020-2021,LOUISIANA,2200300,"Caddo Parish","Magnolia School of Excellence",220030002377,794,"School Improvement Funds 1003(a)","$43,346",,,"Title I Schools",,,,,,
2020-2021,LOUISIANA,2200300,"Caddo Parish","Pathways in Education-Louisiana Inc.",220030002382,794,"School Improvement Funds 1003(a)","$43,346",,,"Title I Schools",,,,,,
2020-2021,LOUISIANA,2200300,"Caddo Parish","North Caddo Elementary-Middle School",220030002424,794,"School Improvement Funds 1003(a)","$43,346",,,"Title I Schools",,,,,,
2020-2021,LOUISIANA,2200300,"Caddo Parish","AmiKiDs Caddo",220030002431,794,"School Improvement Funds 1003(a)","$43,346",,,"Title I Schools",,,,,,
2020-2021,LOUISIANA,2200300,"Caddo Parish","Fair Park Middle School",220030002444,794,"School Improvement Funds 1003(a)","$43,346",,,"Title I Schools",,,,,,
2020-2021,LOUISIANA,2200330,"Calcasieu Parish","Barbe Elementary School",220033000215,794,"School Improvement Funds 1003(a)","$44,744",,,"Title I Schools",,,,,,
2020-2021,LOUISIANA,2200330,"Calcasieu Parish","Brentwood Elementary School",220033000219,794,"School Improvement Funds 1003(a)","$44,744",,,"Title I Schools",,,,,,
2020-2021,LOUISIANA,2200330,"Calcasieu Parish","Jessie D. Clifton Elementary School",220033000222,794,"School Improvement Funds 1003(a)","$44,744",,,"Title I Schools",,,,,,
2020-2021,LOUISIANA,2200330,"Calcasieu Parish","College Oaks Elementary School",220033000223,794,"School Improvement Funds 1003(a)","$44,744",,,"Title I Schools",,,,,,
2020-2021,LOUISIANA,2200330,"Calcasieu Parish","DeQuincy Middle School",220033000226,794,"School Improvement Funds 1003(a)","$44,744",,,"Title I Schools",,,,,,
2020-2021,LOUISIANA,2200330,"Calcasieu Parish","Fairview Elementary School",220033000230,794,"School Improvement Funds 1003(a)","$44,744",,,"Title I Schools",,,,,,
2020-2021,LOUISIANA,2200330,"Calcasieu Parish","W. T. Henning Elementary School",220033000235,794,"School Improvement Funds 1003(a)","$44,743",,,"Title I Schools",,,,,,
2020-2021,LOUISIANA,2200330,"Calcasieu Parish","Henry Heights Elementary School",220033000236,794,"School Improvement Funds 1003(a)","$44,744",,,"Title I Schools",,,,,,
2020-2021,LOUISIANA,2200330,"Calcasieu Parish","John F. Kennedy Elementary School",220033000241,794,"School Improvement Funds 1003(a)","$44,744",,,"Title I Schools",,,,,,
2020-2021,LOUISIANA,2200330,"Calcasieu Parish","E. K. Key Elementary School",220033000242,794,"School Improvement Funds 1003(a)","$44,744",,,"Title I Schools",,,,,,
2020-2021,LOUISIANA,2200330,"Calcasieu Parish","LeBlanc Middle School",220033000246,794,"School Improvement Funds 1003(a)","$44,744",,,"Title I Schools",,,,,,
2020-2021,LOUISIANA,2200330,"Calcasieu Parish","W. W. Lewis Middle School",220033000247,794,"School Improvement Funds 1003(a)","$44,743",,,"Title I Schools",,,,,,
2020-2021,LOUISIANA,2200330,"Calcasieu Parish","John J. Johnson II Elementary School",220033000250,794,"School Improvement Funds 1003(a)","$44,744",,,"Title I Schools",,,,,,
2020-2021,LOUISIANA,2200330,"Calcasieu Parish","Ray D. Molo Middle Magnet School",220033000251,794,"School Improvement Funds 1003(a)","$44,743",,,"Title I Schools",,,,,,
2020-2021,LOUISIANA,2200330,"Calcasieu Parish","Oak Park Elementary School",220033000256,794,"School Improvement Funds 1003(a)","$44,743",,,"Title I Schools",,,,,,
2020-2021,LOUISIANA,2200330,"Calcasieu Parish","Oak Park Middle School",220033000257,794,"School Improvement Funds 1003(a)","$44,743",,,"Title I Schools",,,,,,
2020-2021,LOUISIANA,2200330,"Calcasieu Parish","Combre-Fondel Elementary School",220033000261,794,"School Improvement Funds 1003(a)","$44,744",,,"Title I Schools",,,,,,
2020-2021,LOUISIANA,2200330,"Calcasieu Parish","Richard W. Vincent Elementary School",220033000268,794,"School Improvement Funds 1003(a)","$44,743",,,"Title I Schools",,,,,,
2020-2021,LOUISIANA,2200330,"Calcasieu Parish","T. H. Watkins Elementary School",220033000273,794,"School Improvement Funds 1003(a)","$44,743",,,"Title I Schools",,,,,,
2020-2021,LOUISIANA,2200330,"Calcasieu Parish","J. I. Watson Elementary School",220033000274,794,"School Improvement Funds 1003(a)","$44,744",,,"Title I Schools",,,,,,
2020-2021,LOUISIANA,2200330,"Calcasieu Parish","S. J. Welsh Middle School",220033000276,794,"School Improvement Funds 1003(a)","$44,743",,,"Title I Schools",,,,,,
2020-2021,LOUISIANA,2200330,"Calcasieu Parish","Ralph F. Wilson Elementary School",220033001506,794,"School Improvement Funds 1003(a)","$44,743",,,"Title I Schools",,,,,,
2020-2021,LOUISIANA,2200330,"Calcasieu Parish","Pearl Watson Elementary School",220033001677,794,"School Improvement Funds 1003(a)","$44,743",,,"Title I Schools",,,,,,
2020-2021,LOUISIANA,2200330,"Calcasieu Parish","DeQuincy Elementary School",220033002292,794,"School Improvement Funds 1003(a)","$44,744",,,"Title I Schools",,,,,,
2020-2021,LOUISIANA,2200360,"Caldwell Parish","Caldwell Parish Junior High School",220036000282,794,"School Improvement Funds 1003(a)","$32,915",,,"Title I Schools",,,,,,
2020-2021,LOUISIANA,2200360,"Caldwell Parish","Union Central Elementary School",220036000283,794,"School Improvement Funds 1003(a)","$32,915",,,"Title I Schools",,,,,,
2020-2021,LOUISIANA,2200420,"Catahoula Parish","Sicily Island High School",220042000304,794,"School Improvement Funds 1003(a)","$151,996",,,"Title I Schools",,,,,,
2020-2021,LOUISIANA,2200450,"Claiborne Parish","Homer Elementary School",220045000310,794,"School Improvement Funds 1003(a)","$82,550",,,"Title I Schools",,,,,,
2020-2021,LOUISIANA,2200450,"Claiborne Parish","Homer Junior High School",220045000312,794,"School Improvement Funds 1003(a)","$82,550",,,"Title I Schools",,,,,,
2020-2021,LOUISIANA,2200480,"Concordia Parish","Ferriday Junior High School",220048000318,794,"School Improvement Funds 1003(a)","$44,764",,,"Title I Schools",,,,,,
2020-2021,LOUISIANA,2200480,"Concordia Parish","Ferriday Lower Elementary School",220048000319,794,"School Improvement Funds 1003(a)","$44,764",,,"Title I Schools",,,,,,
2020-2021,LOUISIANA,2200480,"Concordia Parish","Ferriday Upper Elementary School",220048000321,794,"School Improvement Funds 1003(a)","$44,764",,,"Title I Schools",,,,,,
2020-2021,LOUISIANA,2200480,"Concordia Parish","Vidalia Junior High School",220048000325,794,"School Improvement Funds 1003(a)","$44,764",,,"Title I Schools",,,,,,
2020-2021,LOUISIANA,2200480,"Concordia Parish","Vidalia Upper Elementary School",220048000327,794,"School Improvement Funds 1003(a)","$44,764",,,"Title I Schools",,,,,,
2020-2021,LOUISIANA,2200480,"Concordia Parish","Concordia Education Center",220048001515,794,"School Improvement Funds 1003(a)","$44,764",,,"Title I Schools",,,,,,
2020-2021,LOUISIANA,2200510,"DeSoto Parish","Mansfield Middle School",220051000626,794,"School Improvement Funds 1003(a)","$76,725",,,"Title I Schools",,,,,,
2020-2021,LOUISIANA,2200540,"East Baton Rouge Parish","EBR Readiness Superintendent Academy",220054000339,794,"School Improvement Funds 1003(a)","$36,849",,,"Title I Schools",,,,,,
2020-2021,LOUISIANA,2200540,"East Baton Rouge Parish","Arlington Preparatory Academy",220054000340,794,"School Improvement Funds 1003(a)","$36,849",,,"Title I Schools",,,,,,
2020-2021,LOUISIANA,2200540,"East Baton Rouge Parish","Belaire High School",220054000349,794,"School Improvement Funds 1003(a)","$36,849",,,"Title I Schools",,,,,,
2020-2021,LOUISIANA,2200540,"East Baton Rouge Parish","Broadmoor Elementary School",220054000353,794,"School Improvement Funds 1003(a)","$36,849",,,"Title I Schools",,,,,,
2020-2021,LOUISIANA,2200540,"East Baton Rouge Parish","Broadmoor Senior High School",220054000355,794,"School Improvement Funds 1003(a)","$36,849",,,"Title I Schools",,,,,,
2020-2021,LOUISIANA,2200540,"East Baton Rouge Parish","Capitol Middle School",220054000360,794,"School Improvement Funds 1003(a)","$36,849",,,"Title I Schools",,,,,,
2020-2021,LOUISIANA,2200540,"East Baton Rouge Parish","Claiborne Elementary School",220054000367,794,"School Improvement Funds 1003(a)","$36,849",,,"Title I Schools",,,,,,
2020-2021,LOUISIANA,2200540,"East Baton Rouge Parish","Capitol Elementary School",220054000373,794,"School Improvement Funds 1003(a)","$36,849",,,"Title I Schools",,,,,,
2020-2021,LOUISIANA,2200540,"East Baton Rouge Parish","Glen Oaks Park Elementary School",220054000376,794,"School Improvement Funds 1003(a)","$36,849",,,"Title I Schools",,,,,,
2020-2021,LOUISIANA,2200540,"East Baton Rouge Parish","Glen Oaks Senior High School",220054000378,794,"School Improvement Funds 1003(a)","$36,849",,,"Title I Schools",,,,,,
2020-2021,LOUISIANA,2200540,"East Baton Rouge Parish","Howell Park Elementary School",220054000385,794,"School Improvement Funds 1003(a)","$36,849",,,"Title I Schools",,,,,,
2020-2021,LOUISIANA,2200540,"East Baton Rouge Parish","Jefferson Terrace Elementary School",220054000388,794,"School Improvement Funds 1003(a)","$36,849",,,"Title I Schools",,,,,,
2020-2021,LOUISIANA,2200540,"East Baton Rouge Parish","LaBelle Aire Elementary School",220054000390,794,"School Improvement Funds 1003(a)","$36,849",,,"Title I Schools",,,,,,
2020-2021,LOUISIANA,2200540,"East Baton Rouge Parish","Magnolia Woods Elementary School",220054000394,794,"School Improvement Funds 1003(a)","$36,849",,,"Title I Schools",,,,,,
2020-2021,LOUISIANA,2200540,"East Baton Rouge Parish","McKinley Senior High School",220054000397,794,"School Improvement Funds 1003(a)","$36,849",,,"Title I Schools",,,,,,
2020-2021,LOUISIANA,2200540,"East Baton Rouge Parish","Melrose Elementary School",220054000398,794,"School Improvement Funds 1003(a)","$36,849",,,"Title I Schools",,,,,,
2020-2021,LOUISIANA,2200540,"East Baton Rouge Parish","Merrydale Elementary School",220054000399,794,"School Improvement Funds 1003(a)","$36,849",,,"Title I Schools",,,,,,
2020-2021,LOUISIANA,2200540,"East Baton Rouge Parish","Northdale Superintendent's Academy",220054000404,794,"School Improvement Funds 1003(a)","$36,849",,,"Title I Schools",,,,,,
2020-2021,LOUISIANA,2200540,"East Baton Rouge Parish","Park Elementary School",220054000407,794,"School Improvement Funds 1003(a)","$36,848",,,"Title I Schools",,,,,,
2020-2021,LOUISIANA,2200540,"East Baton Rouge Parish","Park Forest Elementary School",220054000408,794,"School Improvement Funds 1003(a)","$36,848",,,"Title I Schools",,,,,,
2020-2021,LOUISIANA,2200540,"East Baton Rouge Parish","Park Forest Middle School",220054000409,794,"School Improvement Funds 1003(a)","$36,848",,,"Title I Schools",,,,,,
2020-2021,LOUISIANA,2200540,"East Baton Rouge Parish","Northeast Elementary School",220054000416,794,"School Improvement Funds 1003(a)","$36,849",,,"Title I Schools",,,,,,
2020-2021,LOUISIANA,2200540,"East Baton Rouge Parish","Progress Elementary School",220054000417,794,"School Improvement Funds 1003(a)","$36,848",,,"Title I Schools",,,,,,
2020-2021,LOUISIANA,2200540,"East Baton Rouge Parish","Riveroaks Elementary School",220054000420,794,"School Improvement Funds 1003(a)","$36,848",,,"Title I Schools",,,,,,
2020-2021,LOUISIANA,2200540,"East Baton Rouge Parish","Ryan Elementary School",220054000421,794,"School Improvement Funds 1003(a)","$36,848",,,"Title I Schools",,,,,,
2020-2021,LOUISIANA,2200540,"East Baton Rouge Parish","Scotlandville Magnet High School",220054000423,794,"School Improvement Funds 1003(a)","$36,848",,,"Title I Schools",,,,,,
2020-2021,LOUISIANA,2200540,"East Baton Rouge Parish","Sharon Hills Elementary School",220054000425,794,"School Improvement Funds 1003(a)","$36,848",,,"Title I Schools",,,,,,
2020-2021,LOUISIANA,2200540,"East Baton Rouge Parish","Southeast Middle School",220054000432,794,"School Improvement Funds 1003(a)","$36,848",,,"Title I Schools",,,,,,
2020-2021,LOUISIANA,2200540,"East Baton Rouge Parish","Tara High School",220054000434,794,"School Improvement Funds 1003(a)","$36,848",,,"Title I Schools",,,,,,
2020-2021,LOUISIANA,2200540,"East Baton Rouge Parish","Twin Oaks Elementary School",220054000435,794,"School Improvement Funds 1003(a)","$36,848",,,"Title I Schools",,,,,,
2020-2021,LOUISIANA,2200540,"East Baton Rouge Parish","University Terrace Elementary School",220054000436,794,"School Improvement Funds 1003(a)","$36,848",,,"Title I Schools",,,,,,
2020-2021,LOUISIANA,2200540,"East Baton Rouge Parish","Villa del Rey Elementary School",220054000438,794,"School Improvement Funds 1003(a)","$36,848",,,"Title I Schools",,,,,,
2020-2021,LOUISIANA,2200540,"East Baton Rouge Parish","Wedgewood Elementary School",220054000440,794,"School Improvement Funds 1003(a)","$36,848",,,"Title I Schools",,,,,,
2020-2021,LOUISIANA,2200540,"East Baton Rouge Parish","Westdale Middle School",220054000442,794,"School Improvement Funds 1003(a)","$36,848",,,"Title I Schools",,,,,,
2020-2021,LOUISIANA,2200540,"East Baton Rouge Parish","Westminster Elementary School",220054000443,794,"School Improvement Funds 1003(a)","$36,848",,,"Title I Schools",,,,,,
2020-2021,LOUISIANA,2200540,"East Baton Rouge Parish","Wildwood Elementary School",220054000445,794,"School Improvement Funds 1003(a)","$36,848",,,"Title I Schools",,,,,,
2020-2021,LOUISIANA,2200540,"East Baton Rouge Parish","Winbourne Elementary School",220054000446,794,"School Improvement Funds 1003(a)","$36,848",,,"Title I Schools",,,,,,
2020-2021,LOUISIANA,2200540,"East Baton Rouge Parish","Woodlawn High School",220054000447,794,"School Improvement Funds 1003(a)","$36,848",,,"Title I Schools",,,,,,
2020-2021,LOUISIANA,2200540,"East Baton Rouge Parish","J. K. Haynes Charter Inc.",220054000679,794,"School Improvement Funds 1003(a)","$36,849",,,"Title I Schools",,,,,,
2020-2021,LOUISIANA,2200540,"East Baton Rouge Parish","Glasgow Middle School",220054001554,794,"School Improvement Funds 1003(a)","$36,849",,,"Title I Schools",,,,,,
2020-2021,LOUISIANA,2200540,"East Baton Rouge Parish","Woodlawn Middle School",220054001692,794,"School Improvement Funds 1003(a)","$36,848",,,"Title I Schools",,,,,,
2020-2021,LOUISIANA,2200540,"East Baton Rouge Parish","Inspire Charter Academy (Natl. Heritage Acad.)",220054002316,794,"School Improvement Funds 1003(a)","$36,849",,,"Title I Schools",,,,,,
2020-2021,LOUISIANA,2200540,"East Baton Rouge Parish","Brookstown Middle",220054002379,794,"School Improvement Funds 1003(a)","$36,849",,,"Title I Schools",,,,,,
2020-2021,LOUISIANA,2200540,"East Baton Rouge Parish","South Baton Rouge Charter Academy",220054002404,794,"School Improvement Funds 1003(a)","$36,848",,,"Title I Schools",,,,,,
2020-2021,LOUISIANA,2200540,"East Baton Rouge Parish","Istrouma High School",220054002440,794,"School Improvement Funds 1003(a)","$36,849",,,"Title I Schools",,,,,,
2020-2021,LOUISIANA,2200570,"East Carroll Parish","Griffin Middle School Academy",220057000453,794,"School Improvement Funds 1003(a)","$92,924",,,"Title I Schools",,,,,,
2020-2021,LOUISIANA,2200570,"East Carroll Parish","Southside Elementary School",220057000457,794,"School Improvement Funds 1003(a)","$92,923",,,"Title I Schools",,,,,,
2020-2021,LOUISIANA,2200600,"East Feliciana Parish","Clinton Elementary School",220060000459,794,"School Improvement Funds 1003(a)","$68,372",,,"Title I Schools",,,,,,
2020-2021,LOUISIANA,2200600,"East Feliciana Parish","East Feliciana Middle School",220060000461,794,"School Improvement Funds 1003(a)","$68,372",,,"Title I Schools",,,,,,
2020-2021,LOUISIANA,2200600,"East Feliciana Parish","Jackson Elementary School",220060000464,794,"School Improvement Funds 1003(a)","$68,372",,,"Title I Schools",,,,,,
2020-2021,LOUISIANA,2200600,"East Feliciana Parish","Slaughter Elementary School",220060000468,794,"School Improvement Funds 1003(a)","$68,372",,,"Title I Schools",,,,,,
2020-2021,LOUISIANA,2200630,"Evangeline Parish","Bayou Chicot Elementary School",220063000471,794,"School Improvement Funds 1003(a)","$111,861",,,"Title I Schools",,,,,,
2020-2021,LOUISIANA,2200630,"Evangeline Parish","Ville Platte Elementary School",220063000483,794,"School Improvement Funds 1003(a)","$111,861",,,"Title I Schools",,,,,,
2020-2021,LOUISIANA,2200660,"Franklin Parish","Baskin School",220066000484,794,"School Improvement Funds 1003(a)","$99,381",,,"Title I Schools",,,,,,
2020-2021,LOUISIANA,2200660,"Franklin Parish","Fort Necessity School",220066000486,794,"School Improvement Funds 1003(a)","$99,381",,,"Title I Schools",,,,,,
2020-2021,LOUISIANA,2200660,"Franklin Parish","Gilbert School",220066000487,794,"School Improvement Funds 1003(a)","$99,381",,,"Title I Schools",,,,,,
2020-2021,LOUISIANA,2200660,"Franklin Parish","Crowville School",220066000489,794,"School Improvement Funds 1003(a)","$99,381",,,"Title I Schools",,,,,,
2020-2021,LOUISIANA,2200660,"Franklin Parish","Franklin Parish High School",220066000490,794,"School Improvement Funds 1003(a)","$99,381",,,"Title I Schools",,,,,,
2020-2021,LOUISIANA,2200690,"Grant Parish","Colfax Elementary School",220069000497,794,"School Improvement Funds 1003(a)","$65,198",,,"Title I Schools",,,,,,
2020-2021,LOUISIANA,2200690,"Grant Parish","Grant Junior High School",220069000498,794,"School Improvement Funds 1003(a)","$65,198",,,"Title I Schools",,,,,,
2020-2021,LOUISIANA,2200720,"Iberia Parish","Johnston Hopkins Elementary School",220072000514,794,"School Improvement Funds 1003(a)","$14,265",,,"Title I Schools",,,,,,
2020-2021,LOUISIANA,2200720,"Iberia Parish","Westgate High School",220072000525,794,"School Improvement Funds 1003(a)","$14,264",,,"Title I Schools",,,,,,
2020-2021,LOUISIANA,2200720,"Iberia Parish","Magnolia Elementary",220072002078,794,"School Improvement Funds 1003(a)","$14,264",,,"Title I Schools",,,,,,
2020-2021,LOUISIANA,2200750,"Iberville Parish","Dorseyville Elementary School",220075001980,794,"School Improvement Funds 1003(a)","$80,281",,,"Title I Schools",,,,,,
2020-2021,LOUISIANA,2200750,"Iberville Parish","Iberville Elementary School",220075001997,794,"School Improvement Funds 1003(a)","$80,280",,,"Title I Schools",,,,,,
2020-2021,LOUISIANA,2200780,"Jackson Parish","Jonesboro-Hodge Middle School",220078000557,794,"School Improvement Funds 1003(a)","$20,150",,,"Title I Schools",,,,,,
2020-2021,LOUISIANA,2200780,"Jackson Parish","Jonesboro-Hodge Elementary School",220078000558,794,"School Improvement Funds 1003(a)","$20,150",,,"Title I Schools",,,,,,
2020-2021,LOUISIANA,2200810,"Jefferson Davis Parish","Jennings Elementary School",220081000569,794,"School Improvement Funds 1003(a)","$22,185",,,"Title I Schools",,,,,,
2020-2021,LOUISIANA,2200810,"Jefferson Davis Parish","Welsh Elementary School",220081000573,794,"School Improvement Funds 1003(a)","$22,185",,,"Title I Schools",,,,,,
2020-2021,LOUISIANA,2200810,"Jefferson Davis Parish","Welsh-Roanoke Junior High School",220081000575,794,"School Improvement Funds 1003(a)","$22,184",,,"Title I Schools",,,,,,
2020-2021,LOUISIANA,2200840,"Jefferson Parish","John Q. Adams Middle School",220084000576,794,"School Improvement Funds 1003(a)","$18,514",,,"Title I Schools",,,,,,
2020-2021,LOUISIANA,2200840,"Jefferson Parish","Bissonet Plaza Elementary School",220084000584,794,"School Improvement Funds 1003(a)","$18,515",,,"Title I Schools",,,,,,
2020-2021,LOUISIANA,2200840,"Jefferson Parish","Bonnabel Magnet Academy High School",220084000585,794,"School Improvement Funds 1003(a)","$18,515",,,"Title I Schools",,,,,,
2020-2021,LOUISIANA,2200840,"Jefferson Parish","John Clancy/Joseph Maggiore Elementary School",220084000590,794,"School Improvement Funds 1003(a)","$18,514",,,"Title I Schools",,,,,,
2020-2021,LOUISIANA,2200840,"Jefferson Parish","Helen Cox High School",220084000592,794,"School Improvement Funds 1003(a)","$18,514",,,"Title I Schools",,,,,,
2020-2021,LOUISIANA,2200840,"Jefferson Parish","Ella Dolhonde Elementary School",220084000595,794,"School Improvement Funds 1003(a)","$18,515",,,"Title I Schools",,,,,,
2020-2021,LOUISIANA,2200840,"Jefferson Parish","East Jefferson High School",220084000597,794,"School Improvement Funds 1003(a)","$18,515",,,"Title I Schools",,,,,,
2020-2021,LOUISIANA,2200840,"Jefferson Parish","John Ehret High School",220084000598,794,"School Improvement Funds 1003(a)","$18,514",,,"Title I Schools",,,,,,
2020-2021,LOUISIANA,2200840,"Jefferson Parish","Henry Ford Middle School",220084000605,794,"School Improvement Funds 1003(a)","$18,514",,,"Title I Schools",,,,,,
2020-2021,LOUISIANA,2200840,"Jefferson Parish","Gretna Middle School",220084000609,794,"School Improvement Funds 1003(a)","$18,515",,,"Title I Schools",,,,,,
2020-2021,LOUISIANA,2200840,"Jefferson Parish","Shirley Johnson/Gretna Park Elementary School",220084000612,794,"School Improvement Funds 1003(a)","$18,514",,,"Title I Schools",,,,,,
2020-2021,LOUISIANA,2200840,"Jefferson Parish","T.H. Harris Middle School",220084000614,794,"School Improvement Funds 1003(a)","$18,514",,,"Title I Schools",,,,,,
2020-2021,LOUISIANA,2200840,"Jefferson Parish","William Hart Elementary School",220084000615,794,"School Improvement Funds 1003(a)","$18,514",,,"Title I Schools",,,,,,
2020-2021,LOUISIANA,2200840,"Jefferson Parish","Hazel Park/Hilda Knoff School",220084000618,794,"School Improvement Funds 1003(a)","$18,515",,,"Title I Schools",,,,,,
2020-2021,LOUISIANA,2200840,"Jefferson Parish","Phoebe Hearst School",220084000619,794,"School Improvement Funds 1003(a)","$18,514",,,"Title I Schools",,,,,,
2020-2021,LOUISIANA,2200840,"Jefferson Parish","L.W. Higgins High School",220084000620,794,"School Improvement Funds 1003(a)","$18,514",,,"Title I Schools",,,,,,
2020-2021,LOUISIANA,2200840,"Jefferson Parish","Grace King High School",220084000625,794,"School Improvement Funds 1003(a)","$18,515",,,"Title I Schools",,,,,,
2020-2021,LOUISIANA,2200840,"Jefferson Parish","Lincoln Elementary School for the Arts",220084000629,794,"School Improvement Funds 1003(a)","$18,514",,,"Title I Schools",,,,,,
2020-2021,LOUISIANA,2200840,"Jefferson Parish","Livaudais Middle School",220084000630,794,"School Improvement Funds 1003(a)","$18,514",,,"Title I Schools",,,,,,
2020-2021,LOUISIANA,2200840,"Jefferson Parish","L.H. Marrero Middle School",220084000632,794,"School Improvement Funds 1003(a)","$18,514",,,"Title I Schools",,,,,,
2020-2021,LOUISIANA,2200840,"Jefferson Parish","J.D. Meisler Middle School",220084000636,794,"School Improvement Funds 1003(a)","$18,514",,,"Title I Schools",,,,,,
2020-2021,LOUISIANA,2200840,"Jefferson Parish","Young Audiences Charter School",220084000638,794,"School Improvement Funds 1003(a)","$18,514",,,"Title I Schools",,,,,,
2020-2021,LOUISIANA,2200840,"Jefferson Parish","Theodore Roosevelt Middle School",220084000644,794,"School Improvement Funds 1003(a)","$18,514",,,"Title I Schools",,,,,,
2020-2021,LOUISIANA,2200840,"Jefferson Parish","Terrytown Elementary School",220084000649,794,"School Improvement Funds 1003(a)","$18,514",,,"Title I Schools",,,,,,
2020-2021,LOUISIANA,2200840,"Jefferson Parish","Washington Montessori",220084000652,794,"School Improvement Funds 1003(a)","$18,514",,,"Title I Schools",,,,,,
2020-2021,LOUISIANA,2200840,"Jefferson Parish","West Jefferson High School",220084000654,794,"School Improvement Funds 1003(a)","$18,514",,,"Title I Schools",,,,,,
2020-2021,LOUISIANA,2200840,"Jefferson Parish","G.T. Woods Elementary School",220084000657,794,"School Improvement Funds 1003(a)","$18,515",,,"Title I Schools",,,,,,
2020-2021,LOUISIANA,2200840,"Jefferson Parish","Stella Worley Middle School",220084000658,794,"School Improvement Funds 1003(a)","$18,514",,,"Title I Schools",,,,,,
2020-2021,LOUISIANA,2200840,"Jefferson Parish","J.J. Audubon Elementary School",220084001512,794,"School Improvement Funds 1003(a)","$18,514",,,"Title I Schools",,,,,,
2020-2021,LOUISIANA,2200840,"Jefferson Parish","Westbank Community School",220084001518,794,"School Improvement Funds 1003(a)","$18,514",,,"Title I Schools",,,,,,
2020-2021,LOUISIANA,2200840,"Jefferson Parish","Woodmere Elementary",220084001681,794,"School Improvement Funds 1003(a)","$18,514",,,"Title I Schools",,,,,,
2020-2021,LOUISIANA,2200840,"Jefferson Parish","Lucille Cherbonnier/Norbert Rillieux Elem. School",220084001812,794,"School Improvement Funds 1003(a)","$18,514",,,"Title I Schools",,,,,,
2020-2021,LOUISIANA,2200840,"Jefferson Parish","Joshua Butler Elementary School",220084001813,794,"School Improvement Funds 1003(a)","$18,514",,,"Title I Schools",,,,,,
2020-2021,LOUISIANA,2200840,"Jefferson Parish","Geraldine Boudreaux Elementary School",220084001881,794,"School Improvement Funds 1003(a)","$18,515",,,"Title I Schools",,,,,,
2020-2021,LOUISIANA,2200840,"Jefferson Parish","Congetta Trippe Janet Elementary School",220084001883,794,"School Improvement Funds 1003(a)","$18,515",,,"Title I Schools",,,,,,
2020-2021,LOUISIANA,2200840,"Jefferson Parish","Harry S. Truman Middle School",220084001884,794,"School Improvement Funds 1003(a)","$18,515",,,"Title I Schools",,,,,,
2020-2021,LOUISIANA,2200840,"Jefferson Parish","John Martyn Community School",220084002044,794,"School Improvement Funds 1003(a)","$18,514",,,"Title I Schools",,,,,,
2020-2021,LOUISIANA,2200840,"Jefferson Parish",JCFA,220084002305,794,"School Improvement Funds 1003(a)","$18,514",,,"Title I Schools",,,,,,
2020-2021,LOUISIANA,2200840,"Jefferson Parish","Jefferson RISE Charter School",220084002419,794,"School Improvement Funds 1003(a)","$18,514",,,"Title I Schools",,,,,,
2020-2021,LOUISIANA,2200870,"Lafayette Parish","Acadian Middle School",220087000659,794,"School Improvement Funds 1003(a)","$25,010",,,"Title I Schools",,,,,,
2020-2021,LOUISIANA,2200870,"Lafayette Parish","L.J. Alleman Middle School",220087000661,794,"School Improvement Funds 1003(a)","$25,010",,,"Title I Schools",,,,,,
2020-2021,LOUISIANA,2200870,"Lafayette Parish","Alice N. Boucher Elementary School",220087000662,794,"School Improvement Funds 1003(a)","$25,010",,,"Title I Schools",,,,,,
2020-2021,LOUISIANA,2200870,"Lafayette Parish","Paul Breaux Middle School",220087000663,794,"School Improvement Funds 1003(a)","$25,010",,,"Title I Schools",,,,,,
2020-2021,LOUISIANA,2200870,"Lafayette Parish","Carencro Middle School",220087000666,794,"School Improvement Funds 1003(a)","$25,010",,,"Title I Schools",,,,,,
2020-2021,LOUISIANA,2200870,"Lafayette Parish","Carencro Heights Elementary School",220087000667,794,"School Improvement Funds 1003(a)","$25,010",,,"Title I Schools",,,,,,
2020-2021,LOUISIANA,2200870,"Lafayette Parish","Carencro High School",220087000668,794,"School Improvement Funds 1003(a)","$25,010",,,"Title I Schools",,,,,,
2020-2021,LOUISIANA,2200870,"Lafayette Parish","Katharine Drexel Elementary School",220087000670,794,"School Improvement Funds 1003(a)","$25,010",,,"Title I Schools",,,,,,
2020-2021,LOUISIANA,2200870,"Lafayette Parish","J.W. Faulk Elementary School",220087000672,794,"School Improvement Funds 1003(a)","$25,010",,,"Title I Schools",,,,,,
2020-2021,LOUISIANA,2200870,"Lafayette Parish","Judice Middle School",220087000675,794,"School Improvement Funds 1003(a)","$25,010",,,"Title I Schools",,,,,,
2020-2021,LOUISIANA,2200870,"Lafayette Parish","Lafayette Middle School",220087000677,794,"School Improvement Funds 1003(a)","$25,010",,,"Title I Schools",,,,,,
2020-2021,LOUISIANA,2200870,"Lafayette Parish","S.J. Montgomery Elementary School",220087000683,794,"School Improvement Funds 1003(a)","$25,009",,,"Title I Schools",,,,,,
2020-2021,LOUISIANA,2200870,"Lafayette Parish","Northside High School",220087000686,794,"School Improvement Funds 1003(a)","$25,010",,,"Title I Schools",,,,,,
2020-2021,LOUISIANA,2200870,"Lafayette Parish","Prairie Elementary School",220087000688,794,"School Improvement Funds 1003(a)","$25,009",,,"Title I Schools",,,,,,
2020-2021,LOUISIANA,2200870,"Lafayette Parish","Scott Middle School",220087000690,794,"School Improvement Funds 1003(a)","$25,009",,,"Title I Schools",,,,,,
2020-2021,LOUISIANA,2200870,"Lafayette Parish","Charles M. Burke Elementary School",220087001147,794,"School Improvement Funds 1003(a)","$25,010",,,"Title I Schools",,,,,,
2020-2021,LOUISIANA,2200870,"Lafayette Parish","Live Oak Elementary School",220087001176,794,"School Improvement Funds 1003(a)","$25,010",,,"Title I Schools",,,,,,
2020-2021,LOUISIANA,2200870,"Lafayette Parish","N. P. Moss Preparatory Academy",220087001397,794,"School Improvement Funds 1003(a)","$25,010",,,"Title I Schools",,,,,,
2020-2021,LOUISIANA,2200870,"Lafayette Parish","J. Wallace James Elementary School",220087001546,794,"School Improvement Funds 1003(a)","$25,010",,,"Title I Schools",,,,,,
2020-2021,LOUISIANA,2200870,"Lafayette Parish","Ossun Elementary School",220087001556,794,"School Improvement Funds 1003(a)","$25,010",,,"Title I Schools",,,,,,
2020-2021,LOUISIANA,2200870,"Lafayette Parish","Evangeline Elementary School",220087001598,794,"School Improvement Funds 1003(a)","$25,010",,,"Title I Schools",,,,,,
2020-2021,LOUISIANA,2200870,"Lafayette Parish","Edward J Sam Accelerated School of Lafayette",220087002441,794,"School Improvement Funds 1003(a)","$25,010",,,"Title I Schools",,,,,,
2020-2021,LOUISIANA,2200900,"Lafourche Parish","East Thibodaux Middle School",220090000703,794,"School Improvement Funds 1003(a)","$58,278",,,"Title I Schools",,,,,,
2020-2021,LOUISIANA,2200900,"Lafourche Parish","Lockport Middle School",220090000712,794,"School Improvement Funds 1003(a)","$58,278",,,"Title I Schools",,,,,,
2020-2021,LOUISIANA,2200900,"Lafourche Parish","South Thibodaux Elementary School",220090000722,794,"School Improvement Funds 1003(a)","$58,277",,,"Title I Schools",,,,,,
2020-2021,LOUISIANA,2200960,"LaSalle Parish","Olla-Standard Elementary School",220096000736,794,"School Improvement Funds 1003(a)","$122,531",,,"Title I Schools",,,,,,
2020-2021,LOUISIANA,2200990,"Lincoln Parish","Cypress Springs Elementary School",220099000743,794,"School Improvement Funds 1003(a)","$37,754",,,"Title I Schools",,,,,,
2020-2021,LOUISIANA,2200990,"Lincoln Parish","I.A. Lewis School",220099000748,794,"School Improvement Funds 1003(a)","$37,753",,,"Title I Schools",,,,,,
2020-2021,LOUISIANA,2200990,"Lincoln Parish","Ruston Elementary School",220099000751,794,"School Improvement Funds 1003(a)","$37,753",,,"Title I Schools",,,,,,
2020-2021,LOUISIANA,2201020,"Livingston Parish","Northside Elementary School",220102000769,794,"School Improvement Funds 1003(a)","$3,000",,,"Title I Schools",,,,,,
2020-2021,LOUISIANA,2201050,"Madison Parish","Madison Middle School",220105000779,794,"School Improvement Funds 1003(a)","$64,543",,,"Title I Schools",,,,,,
2020-2021,LOUISIANA,2201050,"Madison Parish","Madison High School",220105000780,794,"School Improvement Funds 1003(a)","$64,544",,,"Title I Schools",,,,,,
2020-2021,LOUISIANA,2201050,"Madison Parish","Tallulah Elementary School",220105000781,794,"School Improvement Funds 1003(a)","$64,543",,,"Title I Schools",,,,,,
2020-2021,LOUISIANA,2201050,"Madison Parish","Wright Elementary School",220105000785,794,"School Improvement Funds 1003(a)","$64,543",,,"Title I Schools",,,,,,
2020-2021,LOUISIANA,2201080,"City of Monroe School District","Carroll Junior High School",220108000788,794,"School Improvement Funds 1003(a)","$47,259",,,"Title I Schools",,,,,,
2020-2021,LOUISIANA,2201080,"City of Monroe School District","Carver Elementary School",220108000789,794,"School Improvement Funds 1003(a)","$47,259",,,"Title I Schools",,,,,,
2020-2021,LOUISIANA,2201080,"City of Monroe School District","Barkdull Faulk Elementary School",220108000791,794,"School Improvement Funds 1003(a)","$47,259",,,"Title I Schools",,,,,,
2020-2021,LOUISIANA,2201080,"City of Monroe School District","Clara Hall Accelerated School",220108000792,794,"School Improvement Funds 1003(a)","$47,259",,,"Title I Schools",,,,,,
2020-2021,LOUISIANA,2201080,"City of Monroe School District","Martin Luther King Junior High School",220108000794,794,"School Improvement Funds 1003(a)","$47,259",,,"Title I Schools",,,,,,
2020-2021,LOUISIANA,2201080,"City of Monroe School District","Berg Jones Elementary School",220108000795,794,"School Improvement Funds 1003(a)","$47,259",,,"Title I Schools",,,,,,
2020-2021,LOUISIANA,2201080,"City of Monroe School District","Robert E. Lee Junior High School",220108000796,794,"School Improvement Funds 1003(a)","$47,259",,,"Title I Schools",,,,,,
2020-2021,LOUISIANA,2201080,"City of Monroe School District","Roy Neal Shelling, Sr. Elementary",220108000798,794,"School Improvement Funds 1003(a)","$47,259",,,"Title I Schools",,,,,,
2020-2021,LOUISIANA,2201080,"City of Monroe School District","Minnie Ruffin Elementary School",220108000800,794,"School Improvement Funds 1003(a)","$47,259",,,"Title I Schools",,,,,,
2020-2021,LOUISIANA,2201080,"City of Monroe School District","Madison James Foster Elementary School",220108000996,794,"School Improvement Funds 1003(a)","$47,259",,,"Title I Schools",,,,,,
2020-2021,LOUISIANA,2201080,"City of Monroe School District","Thomas Jefferson Elementary",220108001482,794,"School Improvement Funds 1003(a)","$47,258",,,"Title I Schools",,,,,,
2020-2021,LOUISIANA,2201080,"City of Monroe School District","Sherrouse School",220108002019,794,"School Improvement Funds 1003(a)","$47,258",,,"Title I Schools",,,,,,
2020-2021,LOUISIANA,2201110,"Morehouse Parish","Bastrop High School",220111000805,794,"School Improvement Funds 1003(a)","$110,708",,,"Title I Schools",,,,,,
2020-2021,LOUISIANA,2201110,"Morehouse Parish","Morehouse Junior High School",220111000807,794,"School Improvement Funds 1003(a)","$110,707",,,"Title I Schools",,,,,,
2020-2021,LOUISIANA,2201110,"Morehouse Parish","Delta Jr. High School",220111000813,794,"School Improvement Funds 1003(a)","$110,707",,,"Title I Schools",,,,,,
2020-2021,LOUISIANA,2201140,"Natchitoches Parish","East Natchitoches Elementary & Middle School",220114000828,794,"School Improvement Funds 1003(a)","$42,570",,,"Title I Schools",,,,,,
2020-2021,LOUISIANA,2201140,"Natchitoches Parish","Fairview-Alpha Elementary & Junior High School",220114000829,794,"School Improvement Funds 1003(a)","$42,570",,,"Title I Schools",,,,,,
2020-2021,LOUISIANA,2201140,"Natchitoches Parish","Marthaville Elementary & Junior High School",220114000832,794,"School Improvement Funds 1003(a)","$42,570",,,"Title I Schools",,,,,,
2020-2021,LOUISIANA,2201140,"Natchitoches Parish","Natchitoches Central High School",220114000834,794,"School Improvement Funds 1003(a)","$42,569",,,"Title I Schools",,,,,,
2020-2021,LOUISIANA,2201140,"Natchitoches Parish","N.S.U. Middle Lab School",220114000838,794,"School Improvement Funds 1003(a)","$42,569",,,"Title I Schools",,,,,,
2020-2021,LOUISIANA,2201140,"Natchitoches Parish","Provencal Elementary & Junior High School",220114000841,794,"School Improvement Funds 1003(a)","$42,569",,,"Title I Schools",,,,,,
2020-2021,LOUISIANA,2201140,"Natchitoches Parish","M.R. Weaver Elementary School",220114000845,794,"School Improvement Funds 1003(a)","$42,570",,,"Title I Schools",,,,,,
2020-2021,LOUISIANA,2201140,"Natchitoches Parish","Natchitoches Parish Technical and Career Center",220114001404,794,"School Improvement Funds 1003(a)","$42,569",,,"Title I Schools",,,,,,
2020-2021,LOUISIANA,2201140,"Natchitoches Parish","Natchitoches Jr. High School",220114001616,794,"School Improvement Funds 1003(a)","$42,569",,,"Title I Schools",,,,,,
2020-2021,LOUISIANA,2201140,"Natchitoches Parish","L.P. Vaughn Elementary & Middle School",220114001617,794,"School Improvement Funds 1003(a)","$42,570",,,"Title I Schools",,,,,,
2020-2021,LOUISIANA,2201170,"Orleans Parish","Youth Study Center",220117001522,794,"School Improvement Funds 1003(a)","$44,497",,,"Title I Schools",,,,,,
2020-2021,LOUISIANA,2201170,"Orleans Parish","Homer A. Plessy Community School",220117002373,794,"School Improvement Funds 1003(a)","$44,498",,,"Title I Schools",,,,,,
2020-2021,LOUISIANA,2201200,"Ouachita Parish","Jack Hayes Elementary School",220120000990,794,"School Improvement Funds 1003(a)","$35,868",,,"Title I Schools",,,,,,
2020-2021,LOUISIANA,2201200,"Ouachita Parish","Lakeshore School",220120000994,794,"School Improvement Funds 1003(a)","$35,868",,,"Title I Schools",,,,,,
2020-2021,LOUISIANA,2201200,"Ouachita Parish","Ouachita Parish High School",220120001001,794,"School Improvement Funds 1003(a)","$35,868",,,"Title I Schools",,,,,,
2020-2021,LOUISIANA,2201200,"Ouachita Parish","Ouachita Junior High School",220120001002,794,"School Improvement Funds 1003(a)","$35,868",,,"Title I Schools",,,,,,
2020-2021,LOUISIANA,2201200,"Ouachita Parish","Riser Elementary School",220120001008,794,"School Improvement Funds 1003(a)","$35,868",,,"Title I Schools",,,,,,
2020-2021,LOUISIANA,2201200,"Ouachita Parish","Riser Middle School",220120001009,794,"School Improvement Funds 1003(a)","$35,868",,,"Title I Schools",,,,,,
2020-2021,LOUISIANA,2201200,"Ouachita Parish","Robinson Elementary School",220120001010,794,"School Improvement Funds 1003(a)","$35,868",,,"Title I Schools",,,,,,
2020-2021,LOUISIANA,2201200,"Ouachita Parish","Shady Grove Elementary School",220120001011,794,"School Improvement Funds 1003(a)","$35,868",,,"Title I Schools",,,,,,
2020-2021,LOUISIANA,2201200,"Ouachita Parish","Swartz Upper Elementary School",220120001014,794,"School Improvement Funds 1003(a)","$35,868",,,"Title I Schools",,,,,,
2020-2021,LOUISIANA,2201200,"Ouachita Parish","Swayze Elementary School",220120001016,794,"School Improvement Funds 1003(a)","$35,868",,,"Title I Schools",,,,,,
2020-2021,LOUISIANA,2201200,"Ouachita Parish","West Monroe High School",220120001017,794,"School Improvement Funds 1003(a)","$35,868",,,"Title I Schools",,,,,,
2020-2021,LOUISIANA,2201200,"Ouachita Parish","Woodlawn Middle School",220120001021,794,"School Improvement Funds 1003(a)","$35,868",,,"Title I Schools",,,,,,
2020-2021,LOUISIANA,2201200,"Ouachita Parish","Riverbend Elementary School",220120001466,794,"School Improvement Funds 1003(a)","$35,868",,,"Title I Schools",,,,,,
2020-2021,LOUISIANA,2201200,"Ouachita Parish","Good Hope Middle School",220120001564,794,"School Improvement Funds 1003(a)","$35,868",,,"Title I Schools",,,,,,
2020-2021,LOUISIANA,2201200,"Ouachita Parish","Richwood Junior High School",220120001683,794,"School Improvement Funds 1003(a)","$35,868",,,"Title I Schools",,,,,,
2020-2021,LOUISIANA,2201200,"Ouachita Parish","West Ouachita High School",220120001939,794,"School Improvement Funds 1003(a)","$35,868",,,"Title I Schools",,,,,,
2020-2021,LOUISIANA,2201200,"Ouachita Parish","Sterlington Middle School",220120002325,794,"School Improvement Funds 1003(a)","$35,868",,,"Title I Schools",,,,,,
2020-2021,LOUISIANA,2201200,"Ouachita Parish","East Ouachita Middle School",220120002446,794,"School Improvement Funds 1003(a)","$35,869",,,"Title I Schools",,,,,,
2020-2021,LOUISIANA,2201260,"Pointe Coupee Parish","Upper Pointe Coupee Elementary School",220126001034,794,"School Improvement Funds 1003(a)","$112,656",,,"Title I Schools",,,,,,
2020-2021,LOUISIANA,2201260,"Pointe Coupee Parish","Rosenwald Elementary School",220126002000,794,"School Improvement Funds 1003(a)","$112,657",,,"Title I Schools",,,,,,
2020-2021,LOUISIANA,2201260,"Pointe Coupee Parish","Rougon Elementary School",220126002001,794,"School Improvement Funds 1003(a)","$112,656",,,"Title I Schools",,,,,,
2020-2021,LOUISIANA,2201290,"Rapides Parish","Acadian Elementary",220129001038,794,"School Improvement Funds 1003(a)","$19,422",,,"Title I Schools",,,,,,
2020-2021,LOUISIANA,2201290,"Rapides Parish","Alexandria Middle Magnet School",220129001039,794,"School Improvement Funds 1003(a)","$19,422",,,"Title I Schools",,,,,,
2020-2021,LOUISIANA,2201290,"Rapides Parish","Mabel Brasher Montessori",220129001045,794,"School Improvement Funds 1003(a)","$19,421",,,"Title I Schools",,,,,,
2020-2021,LOUISIANA,2201290,"Rapides Parish","Cherokee Elementary School",220129001048,794,"School Improvement Funds 1003(a)","$19,421",,,"Title I Schools",,,,,,
2020-2021,LOUISIANA,2201290,"Rapides Parish","D.F. Huddle Elementary",220129001054,794,"School Improvement Funds 1003(a)","$19,421",,,"Title I Schools",,,,,,
2020-2021,LOUISIANA,2201290,"Rapides Parish","Arthur F. Smith Middle Magnet School",220129001055,794,"School Improvement Funds 1003(a)","$19,421",,,"Title I Schools",,,,,,
2020-2021,LOUISIANA,2201290,"Rapides Parish","Martin Park Elementary School",220129001060,794,"School Improvement Funds 1003(a)","$19,421",,,"Title I Schools",,,,,,
2020-2021,LOUISIANA,2201290,"Rapides Parish","North Bayou Rapides Elementary",220129001063,794,"School Improvement Funds 1003(a)","$19,421",,,"Title I Schools",,,,,,
2020-2021,LOUISIANA,2201290,"Rapides Parish","Pineville Elementary School",220129001068,794,"School Improvement Funds 1003(a)","$19,421",,,"Title I Schools",,,,,,
2020-2021,LOUISIANA,2201290,"Rapides Parish","Pineville High School",220129001069,794,"School Improvement Funds 1003(a)","$19,421",,,"Title I Schools",,,,,,
2020-2021,LOUISIANA,2201290,"Rapides Parish","Pineville Junior High School",220129001070,794,"School Improvement Funds 1003(a)","$19,421",,,"Title I Schools",,,,,,
2020-2021,LOUISIANA,2201290,"Rapides Parish","Poland Junior High School",220129001072,794,"School Improvement Funds 1003(a)","$19,421",,,"Title I Schools",,,,,,
2020-2021,LOUISIANA,2201290,"Rapides Parish","Carter C. Raymond Junior High School",220129001074,794,"School Improvement Funds 1003(a)","$19,421",,,"Title I Schools",,,,,,
2020-2021,LOUISIANA,2201290,"Rapides Parish","Julius Patrick 6th Grade Academy",220129001075,794,"School Improvement Funds 1003(a)","$19,421",,,"Title I Schools",,,,,,
2020-2021,LOUISIANA,2201290,"Rapides Parish","Lessie Moore Elementary School",220129001081,794,"School Improvement Funds 1003(a)","$19,421",,,"Title I Schools",,,,,,
2020-2021,LOUISIANA,2201290,"Rapides Parish","Alma Redwine Elementary",220129001083,794,"School Improvement Funds 1003(a)","$19,422",,,"Title I Schools",,,,,,
2020-2021,LOUISIANA,2201290,"Rapides Parish","Tioga Junior High School",220129001085,794,"School Improvement Funds 1003(a)","$19,421",,,"Title I Schools",,,,,,
2020-2021,LOUISIANA,2201290,"Rapides Parish","Ball Elementary School",220129001562,794,"School Improvement Funds 1003(a)","$19,421",,,"Title I Schools",,,,,,
2020-2021,LOUISIANA,2201290,"Rapides Parish","Tioga Elementary School",220129001563,794,"School Improvement Funds 1003(a)","$19,421",,,"Title I Schools",,,,,,
2020-2021,LOUISIANA,2201320,"Red River Parish","Ware Youth Center",220132000784,794,"School Improvement Funds 1003(a)","$47,396",,,"Title I Schools",,,,,,
2020-2021,LOUISIANA,2201320,"Red River Parish","Red River Elementary School",220132001529,794,"School Improvement Funds 1003(a)","$47,397",,,"Title I Schools",,,,,,
2020-2021,LOUISIANA,2201320,"Red River Parish","Red River Junior High School",220132001530,794,"School Improvement Funds 1003(a)","$47,397",,,"Title I Schools",,,,,,
2020-2021,LOUISIANA,2201350,"Richland Parish","Delhi Middle School",220135001096,794,"School Improvement Funds 1003(a)","$80,246",,,"Title I Schools",,,,,,
2020-2021,LOUISIANA,2201350,"Richland Parish","Delhi Elementary School",220135001097,794,"School Improvement Funds 1003(a)","$80,246",,,"Title I Schools",,,,,,
2020-2021,LOUISIANA,2201350,"Richland Parish","Holly Ridge Elementary School",220135001098,794,"School Improvement Funds 1003(a)","$80,245",,,"Title I Schools",,,,,,
2020-2021,LOUISIANA,2201350,"Richland Parish","Mangham Junior High School",220135001101,794,"School Improvement Funds 1003(a)","$80,245",,,"Title I Schools",,,,,,
2020-2021,LOUISIANA,2201350,"Richland Parish","Rayville Junior High School",220135001103,794,"School Improvement Funds 1003(a)","$80,245",,,"Title I Schools",,,,,,
2020-2021,LOUISIANA,2201350,"Richland Parish","Rayville Elementary School",220135001104,794,"School Improvement Funds 1003(a)","$80,245",,,"Title I Schools",,,,,,
2020-2021,LOUISIANA,2201380,"Sabine Parish","Many Junior High School",220138001113,794,"School Improvement Funds 1003(a)","$63,975",,,"Title I Schools",,,,,,
2020-2021,LOUISIANA,2201380,"Sabine Parish","Zwolle Elementary School",220138001117,794,"School Improvement Funds 1003(a)","$63,975",,,"Title I Schools",,,,,,
2020-2021,LOUISIANA,2201410,"St. Bernard Parish","C.F. Rowley Alternative School",220141000816,794,"School Improvement Funds 1003(a)","$52,144",,,"Title I Schools",,,,,,
2020-2021,LOUISIANA,2201410,"St. Bernard Parish","St. Bernard Middle School",220141002065,794,"School Improvement Funds 1003(a)","$52,143",,,"Title I Schools",,,,,,
2020-2021,LOUISIANA,2201410,"St. Bernard Parish","Chalmette Elementary School",220141002306,794,"School Improvement Funds 1003(a)","$52,144",,,"Title I Schools",,,,,,
2020-2021,LOUISIANA,2201410,"St. Bernard Parish","Lacoste Elementary School",220141002338,794,"School Improvement Funds 1003(a)","$52,144",,,"Title I Schools",,,,,,
2020-2021,LOUISIANA,2201440,"St. Charles Parish","Destrehan High School",220144001139,794,"School Improvement Funds 1003(a)","$33,955",,,"Title I Schools",,,,,,
2020-2021,LOUISIANA,2201440,"St. Charles Parish","Hahnville High School",220144001141,794,"School Improvement Funds 1003(a)","$33,954",,,"Title I Schools",,,,,,
2020-2021,LOUISIANA,2201440,"St. Charles Parish","R.K. Smith Middle School",220144001142,794,"School Improvement Funds 1003(a)","$33,954",,,"Title I Schools",,,,,,
2020-2021,LOUISIANA,2201440,"St. Charles Parish","Luling Elementary School",220144001144,794,"School Improvement Funds 1003(a)","$33,954",,,"Title I Schools",,,,,,
2020-2021,LOUISIANA,2201440,"St. Charles Parish","St. Rose Elementary School",220144001150,794,"School Improvement Funds 1003(a)","$33,954",,,"Title I Schools",,,,,,
2020-2021,LOUISIANA,2201470,"St. Helena Parish","St. Helena College and Career Academy",220147001154,794,"School Improvement Funds 1003(a)","$61,891",,,"Title I Schools",,,,,,
2020-2021,LOUISIANA,2201470,"St. Helena Parish","St. Helena Arts and Technology Academy",220147001157,794,"School Improvement Funds 1003(a)","$61,891",,,"Title I Schools",,,,,,
2020-2021,LOUISIANA,2201470,"St. Helena Parish","St. Helena Early Learning Center",220147002443,794,"School Improvement Funds 1003(a)","$61,891",,,"Title I Schools",,,,,,
2020-2021,LOUISIANA,2201530,"St. John the Baptist Parish","John L. Ory Communications Magnet Elementary",220153000427,794,"School Improvement Funds 1003(a)","$42,786",,,"Title I Schools",,,,,,
2020-2021,LOUISIANA,2201530,"St. John the Baptist Parish","Garyville/Mt. Airy Math & Science Magnet Schl.",220153000430,794,"School Improvement Funds 1003(a)","$42,786",,,"Title I Schools",,,,,,
2020-2021,LOUISIANA,2201530,"St. John the Baptist Parish","East St. John High School",220153001488,794,"School Improvement Funds 1003(a)","$42,786",,,"Title I Schools",,,,,,
2020-2021,LOUISIANA,2201530,"St. John the Baptist Parish","LaPlace Elementary School",220153001493,794,"School Improvement Funds 1003(a)","$42,785",,,"Title I Schools",,,,,,
2020-2021,LOUISIANA,2201530,"St. John the Baptist Parish","East St. John Preparatory Academy",220153001495,794,"School Improvement Funds 1003(a)","$42,786",,,"Title I Schools",,,,,,
2020-2021,LOUISIANA,2201530,"St. John the Baptist Parish","West St. John Elementary School (K-7)",220153001836,794,"School Improvement Funds 1003(a)","$42,785",,,"Title I Schools",,,,,,
2020-2021,LOUISIANA,2201530,"St. John the Baptist Parish","Fifth Ward Elementary School",220153002003,794,"School Improvement Funds 1003(a)","$42,786",,,"Title I Schools",,,,,,
2020-2021,LOUISIANA,2201530,"St. John the Baptist Parish","Lake Pontchartrain Elementary School",220153002004,794,"School Improvement Funds 1003(a)","$42,785",,,"Title I Schools",,,,,,
2020-2021,LOUISIANA,2201530,"St. John the Baptist Parish","Emily C. Watkins Elementary",220153002281,794,"School Improvement Funds 1003(a)","$42,786",,,"Title I Schools",,,,,,
2020-2021,LOUISIANA,2201560,"St. Landry Parish","Central Middle School",220156001175,794,"School Improvement Funds 1003(a)","$52,562",,,"Title I Schools",,,,,,
2020-2021,LOUISIANA,2201560,"St. Landry Parish","Eunice Junior High School",220156001182,794,"School Improvement Funds 1003(a)","$52,562",,,"Title I Schools",,,,,,
2020-2021,LOUISIANA,2201560,"St. Landry Parish","Grolee Elementary School",220156001186,794,"School Improvement Funds 1003(a)","$52,562",,,"Title I Schools",,,,,,
2020-2021,LOUISIANA,2201560,"St. Landry Parish","Lawtell Elementary School",220156001190,794,"School Improvement Funds 1003(a)","$52,562",,,"Title I Schools",,,,,,
2020-2021,LOUISIANA,2201560,"St. Landry Parish","Northeast Elementary School",220156001200,794,"School Improvement Funds 1003(a)","$52,562",,,"Title I Schools",,,,,,
2020-2021,LOUISIANA,2201560,"St. Landry Parish","Opelousas Junior High School",220156001203,794,"School Improvement Funds 1003(a)","$52,562",,,"Title I Schools",,,,,,
2020-2021,LOUISIANA,2201560,"St. Landry Parish","Opelousas Senior High School",220156001204,794,"School Improvement Funds 1003(a)","$52,562",,,"Title I Schools",,,,,,
2020-2021,LOUISIANA,2201560,"St. Landry Parish","Park Vista Elementary School",220156001206,794,"School Improvement Funds 1003(a)","$52,562",,,"Title I Schools",,,,,,
2020-2021,LOUISIANA,2201560,"St. Landry Parish","Port Barre Elementary School",220156001209,794,"School Improvement Funds 1003(a)","$52,562",,,"Title I Schools",,,,,,
2020-2021,LOUISIANA,2201560,"St. Landry Parish","Sunset Elementary School",220156001213,794,"School Improvement Funds 1003(a)","$52,562",,,"Title I Schools",,,,,,
2020-2021,LOUISIANA,2201560,"St. Landry Parish","Washington Elementary School",220156001215,794,"School Improvement Funds 1003(a)","$52,562",,,"Title I Schools",,,,,,
2020-2021,LOUISIANA,2201560,"St. Landry Parish","Port Barre Middle School",220156001475,794,"School Improvement Funds 1003(a)","$52,562",,,"Title I Schools",,,,,,
2020-2021,LOUISIANA,2201560,"St. Landry Parish","South Street Elementary School",220156001896,794,"School Improvement Funds 1003(a)","$52,562",,,"Title I Schools",,,,,,
2020-2021,LOUISIANA,2201560,"St. Landry Parish","North Central High School",220156001989,794,"School Improvement Funds 1003(a)","$52,562",,,"Title I Schools",,,,,,
2020-2021,LOUISIANA,2201560,"St. Landry Parish","Plaisance Elementary School",220156002007,794,"School Improvement Funds 1003(a)","$52,562",,,"Title I Schools",,,,,,
2020-2021,LOUISIANA,2201590,"St. Martin Parish","Breaux Bridge Elementary School",220159001216,794,"School Improvement Funds 1003(a)","$61,079",,,"Title I Schools",,,,,,
2020-2021,LOUISIANA,2201590,"St. Martin Parish","Breaux Bridge Junior High School",220159001217,794,"School Improvement Funds 1003(a)","$61,079",,,"Title I Schools",,,,,,
2020-2021,LOUISIANA,2201590,"St. Martin Parish","Breaux Bridge Primary School",220159001218,794,"School Improvement Funds 1003(a)","$61,079",,,"Title I Schools",,,,,,
2020-2021,LOUISIANA,2201590,"St. Martin Parish","Cecilia Junior High School",220159001221,794,"School Improvement Funds 1003(a)","$61,078",,,"Title I Schools",,,,,,
2020-2021,LOUISIANA,2201590,"St. Martin Parish","St. Martinville Junior High School",220159001227,794,"School Improvement Funds 1003(a)","$61,078",,,"Title I Schools",,,,,,
2020-2021,LOUISIANA,2201620,"St. Mary Parish","B. Edward Boudreaux Middle School",220162001248,794,"School Improvement Funds 1003(a)","$60,947",,,"Title I Schools",,,,,,
2020-2021,LOUISIANA,2201620,"St. Mary Parish","LaGrange Elementary School",220162001249,794,"School Improvement Funds 1003(a)","$60,947",,,"Title I Schools",,,,,,
2020-2021,LOUISIANA,2201620,"St. Mary Parish","Julia B. Maitland School",220162001250,794,"School Improvement Funds 1003(a)","$60,947",,,"Title I Schools",,,,,,
2020-2021,LOUISIANA,2201620,"St. Mary Parish","Morgan City Junior High School",220162001252,794,"School Improvement Funds 1003(a)","$60,947",,,"Title I Schools",,,,,,
2020-2021,LOUISIANA,2201620,"St. Mary Parish","Patterson Junior High School",220162001255,794,"School Improvement Funds 1003(a)","$60,947",,,"Title I Schools",,,,,,
2020-2021,LOUISIANA,2201620,"St. Mary Parish","Raintree Elementary School",220162002280,794,"School Improvement Funds 1003(a)","$60,946",,,"Title I Schools",,,,,,
2020-2021,LOUISIANA,2201650,"St. Tammany Parish","W.L. Abney Elementary School",220165001264,794,"School Improvement Funds 1003(a)","$2,079",,,"Title I Schools",,,,,,
2020-2021,LOUISIANA,2201650,"St. Tammany Parish","Bayou Lacombe Middle School",220165001266,794,"School Improvement Funds 1003(a)","$2,080",,,"Title I Schools",,,,,,
2020-2021,LOUISIANA,2201650,"St. Tammany Parish","Boyet Junior High School",220165001268,794,"School Improvement Funds 1003(a)","$2,080",,,"Title I Schools",,,,,,
2020-2021,LOUISIANA,2201650,"St. Tammany Parish","Carolyn Park Middle School",220165001271,794,"School Improvement Funds 1003(a)","$2,080",,,"Title I Schools",,,,,,
2020-2021,LOUISIANA,2201650,"St. Tammany Parish","Covington High School",220165001274,794,"School Improvement Funds 1003(a)","$2,079",,,"Title I Schools",,,,,,
2020-2021,LOUISIANA,2201650,"St. Tammany Parish","Florida Avenue Elementary School",220165001278,794,"School Improvement Funds 1003(a)","$2,079",,,"Title I Schools",,,,,,
2020-2021,LOUISIANA,2201650,"St. Tammany Parish","Pine View Middle School",220165001289,794,"School Improvement Funds 1003(a)","$2,079",,,"Title I Schools",,,,,,
2020-2021,LOUISIANA,2201650,"St. Tammany Parish","William Pitcher Junior High School",220165001290,794,"School Improvement Funds 1003(a)","$2,079",,,"Title I Schools",,,,,,
2020-2021,LOUISIANA,2201650,"St. Tammany Parish","Salmen High School",220165001292,794,"School Improvement Funds 1003(a)","$2,079",,,"Title I Schools",,,,,,
2020-2021,LOUISIANA,2201650,"St. Tammany Parish","Slidell Junior High School",220165001295,794,"School Improvement Funds 1003(a)","$2,079",,,"Title I Schools",,,,,,
2020-2021,LOUISIANA,2201650,"St. Tammany Parish","Abita Springs Middle School",220165001565,794,"School Improvement Funds 1003(a)","$2,080",,,"Title I Schools",,,,,,
2020-2021,LOUISIANA,2201650,"St. Tammany Parish","Little Oak Middle School",220165001648,794,"School Improvement Funds 1003(a)","$2,079",,,"Title I Schools",,,,,,
2020-2021,LOUISIANA,2201650,"St. Tammany Parish","St. Tammany Junior High School",220165001651,794,"School Improvement Funds 1003(a)","$2,079",,,"Title I Schools",,,,,,
2020-2021,LOUISIANA,2201650,"St. Tammany Parish","Riverside Elementary School",220165001897,794,"School Improvement Funds 1003(a)","$2,079",,,"Title I Schools",,,,,,
2020-2021,LOUISIANA,2201680,"Tangipahoa Parish","Amite Elementary Magnet School",220168001297,794,"School Improvement Funds 1003(a)","$20,547",,,"Title I Schools",,,,,,
2020-2021,LOUISIANA,2201680,"Tangipahoa Parish","Amite High Magnet",220168001298,794,"School Improvement Funds 1003(a)","$20,547",,,"Title I Schools",,,,,,
2020-2021,LOUISIANA,2201680,"Tangipahoa Parish","Champ Cooper Elementary School",220168001299,794,"School Improvement Funds 1003(a)","$20,547",,,"Title I Schools",,,,,,
2020-2021,LOUISIANA,2201680,"Tangipahoa Parish","Hammond High Magnet School",220168001304,794,"School Improvement Funds 1003(a)","$20,547",,,"Title I Schools",,,,,,
2020-2021,LOUISIANA,2201680,"Tangipahoa Parish","Greenville Park Leadership Academy",220168001305,794,"School Improvement Funds 1003(a)","$20,547",,,"Title I Schools",,,,,,
2020-2021,LOUISIANA,2201680,"Tangipahoa Parish","Independence Leadership Academy",220168001306,794,"School Improvement Funds 1003(a)","$20,546",,,"Title I Schools",,,,,,
2020-2021,LOUISIANA,2201680,"Tangipahoa Parish","Independence High Magnet",220168001307,794,"School Improvement Funds 1003(a)","$20,546",,,"Title I Schools",,,,,,
2020-2021,LOUISIANA,2201680,"Tangipahoa Parish","Independence Magnet",220168001308,794,"School Improvement Funds 1003(a)","$20,546",,,"Title I Schools",,,,,,
2020-2021,LOUISIANA,2201680,"Tangipahoa Parish","O.W. Dillon Leadership Academy",220168001309,794,"School Improvement Funds 1003(a)","$20,546",,,"Title I Schools",,,,,,
2020-2021,LOUISIANA,2201680,"Tangipahoa Parish","Loranger Elementary School",220168001311,794,"School Improvement Funds 1003(a)","$20,546",,,"Title I Schools",,,,,,
2020-2021,LOUISIANA,2201680,"Tangipahoa Parish","Midway Elementary School",220168001313,794,"School Improvement Funds 1003(a)","$20,546",,,"Title I Schools",,,,,,
2020-2021,LOUISIANA,2201680,"Tangipahoa Parish","Natalbany Middle",220168001315,794,"School Improvement Funds 1003(a)","$20,546",,,"Title I Schools",,,,,,
2020-2021,LOUISIANA,2201680,"Tangipahoa Parish","Lucille Nesom Memorial",220168001316,794,"School Improvement Funds 1003(a)","$20,546",,,"Title I Schools",,,,,,
2020-2021,LOUISIANA,2201680,"Tangipahoa Parish","Ponchatoula Junior High School",220168001317,794,"School Improvement Funds 1003(a)","$20,546",,,"Title I Schools",,,,,,
2020-2021,LOUISIANA,2201680,"Tangipahoa Parish","Ponchatoula High School",220168001319,794,"School Improvement Funds 1003(a)","$20,546",,,"Title I Schools",,,,,,
2020-2021,LOUISIANA,2201680,"Tangipahoa Parish","D.C. Reeves Elementary School",220168001320,794,"School Improvement Funds 1003(a)","$20,547",,,"Title I Schools",,,,,,
2020-2021,LOUISIANA,2201680,"Tangipahoa Parish","Roseland Montessori",220168001321,794,"School Improvement Funds 1003(a)","$20,546",,,"Title I Schools",,,,,,
2020-2021,LOUISIANA,2201680,"Tangipahoa Parish","Martha Vinyard Elementary School",220168001325,794,"School Improvement Funds 1003(a)","$20,546",,,"Title I Schools",,,,,,
2020-2021,LOUISIANA,2201680,"Tangipahoa Parish","Amite Westside Middle Magnet",220168001326,794,"School Improvement Funds 1003(a)","$20,547",,,"Title I Schools",,,,,,
2020-2021,LOUISIANA,2201680,"Tangipahoa Parish","Hammond Westside Montessori",220168001900,794,"School Improvement Funds 1003(a)","$20,547",,,"Title I Schools",,,,,,
2020-2021,LOUISIANA,2201680,"Tangipahoa Parish","Hammond Eastside Magnet",220168001902,794,"School Improvement Funds 1003(a)","$20,547",,,"Title I Schools",,,,,,
2020-2021,LOUISIANA,2201680,"Tangipahoa Parish","Loranger Middle School",220168001951,794,"School Improvement Funds 1003(a)","$20,546",,,"Title I Schools",,,,,,
2020-2021,LOUISIANA,2201680,"Tangipahoa Parish","Woodland Park Magnet",220168001991,794,"School Improvement Funds 1003(a)","$20,546",,,"Title I Schools",,,,,,
2020-2021,LOUISIANA,2201680,"Tangipahoa Parish","Jewel M. Sumner Middle School",220168002274,794,"School Improvement Funds 1003(a)","$20,546",,,"Title I Schools",,,,,,
2020-2021,LOUISIANA,2201680,"Tangipahoa Parish","Florida Parishes Juvenile Detention Cntr.",220168010414,794,"School Improvement Funds 1003(a)","$20,547",,,"Title I Schools",,,,,,
2020-2021,LOUISIANA,2201710,"Tensas Parish","Tensas Elementary School",220171001332,794,"School Improvement Funds 1003(a)","$48,602",,,"Title I Schools",,,,,,
2020-2021,LOUISIANA,2201740,"Terrebonne Parish","Acadian Elementary School",220174001334,794,"School Improvement Funds 1003(a)","$26,343",,,"Title I Schools",,,,,,
2020-2021,LOUISIANA,2201740,"Terrebonne Parish","Caldwell Middle School",220174001340,794,"School Improvement Funds 1003(a)","$26,343",,,"Title I Schools",,,,,,
2020-2021,LOUISIANA,2201740,"Terrebonne Parish","Coteau-Bayou Blue Elementary School",220174001341,794,"School Improvement Funds 1003(a)","$26,343",,,"Title I Schools",,,,,,
2020-2021,LOUISIANA,2201740,"Terrebonne Parish","Evergreen Junior High School",220174001348,794,"School Improvement Funds 1003(a)","$26,343",,,"Title I Schools",,,,,,
2020-2021,LOUISIANA,2201740,"Terrebonne Parish","Grand Caillou Elementary School",220174001350,794,"School Improvement Funds 1003(a)","$26,343",,,"Title I Schools",,,,,,
2020-2021,LOUISIANA,2201740,"Terrebonne Parish","Houma Junior High School",220174001353,794,"School Improvement Funds 1003(a)","$26,343",,,"Title I Schools",,,,,,
2020-2021,LOUISIANA,2201740,"Terrebonne Parish","Lacache Middle School",220174001354,794,"School Improvement Funds 1003(a)","$26,342",,,"Title I Schools",,,,,,
2020-2021,LOUISIANA,2201740,"Terrebonne Parish","Legion Park Elementary School",220174001355,794,"School Improvement Funds 1003(a)","$26,342",,,"Title I Schools",,,,,,
2020-2021,LOUISIANA,2201740,"Terrebonne Parish","Oaklawn Junior High School",220174001361,794,"School Improvement Funds 1003(a)","$26,342",,,"Title I Schools",,,,,,
2020-2021,LOUISIANA,2201740,"Terrebonne Parish","Village East Elementary School",220174001503,794,"School Improvement Funds 1003(a)","$26,342",,,"Title I Schools",,,,,,
2020-2021,LOUISIANA,2201740,"Terrebonne Parish","Grand Caillou Middle School",220174001952,794,"School Improvement Funds 1003(a)","$26,343",,,"Title I Schools",,,,,,
2020-2021,LOUISIANA,2201770,"Union Parish","Downsville Community Charter School",220177001374,794,"School Improvement Funds 1003(a)","$109,866",,,"Title I Schools",,,,,,
2020-2021,LOUISIANA,2201770,"Union Parish","Union Parish High School",220177001376,794,"School Improvement Funds 1003(a)","$109,865",,,"Title I Schools",,,,,,
2020-2021,LOUISIANA,2201770,"Union Parish","Union Parish Elementary School",220177001694,794,"School Improvement Funds 1003(a)","$109,866",,,"Title I Schools",,,,,,
2020-2021,LOUISIANA,2201800,"Vermilion Parish","Eaton Park Elementary School",220180001389,794,"School Improvement Funds 1003(a)","$46,071",,,"Title I Schools",,,,,,
2020-2021,LOUISIANA,2201800,"Vermilion Parish","James A. Herod Elementary School",220180001394,794,"School Improvement Funds 1003(a)","$46,070",,,"Title I Schools",,,,,,
2020-2021,LOUISIANA,2201800,"Vermilion Parish","Rene A. Rost Middle School",220180001568,794,"School Improvement Funds 1003(a)","$46,070",,,"Title I Schools",,,,,,
2020-2021,LOUISIANA,2201800,"Vermilion Parish","J.H. Williams Middle School",220180001569,794,"School Improvement Funds 1003(a)","$46,071",,,"Title I Schools",,,,,,
2020-2021,LOUISIANA,2201830,"Vernon Parish","Leesville Junior High School",220183001411,794,"School Improvement Funds 1003(a)","$45,808",,,"Title I Schools",,,,,,
2020-2021,LOUISIANA,2201830,"Vernon Parish","Vernon Middle School",220183001417,794,"School Improvement Funds 1003(a)","$45,807",,,"Title I Schools",,,,,,
2020-2021,LOUISIANA,2201860,"Washington Parish","Franklinton Elementary School",220186001421,794,"School Improvement Funds 1003(a)","$22,821",,,"Title I Schools",,,,,,
2020-2021,LOUISIANA,2201860,"Washington Parish","Franklinton Junior High School",220186001422,794,"School Improvement Funds 1003(a)","$22,820",,,"Title I Schools",,,,,,
2020-2021,LOUISIANA,2201860,"Washington Parish","Franklinton High School",220186001424,794,"School Improvement Funds 1003(a)","$22,820",,,"Title I Schools",,,,,,
2020-2021,LOUISIANA,2201860,"Washington Parish","Wesley Ray Elementary School",220186001431,794,"School Improvement Funds 1003(a)","$22,820",,,"Title I Schools",,,,,,
2020-2021,LOUISIANA,2201890,"Webster Parish","Brown Upper Elementary School",220189001432,794,"School Improvement Funds 1003(a)","$47,162",,,"Title I Schools",,,,,,
2020-2021,LOUISIANA,2201890,"Webster Parish","Browning Elementary School",220189001433,794,"School Improvement Funds 1003(a)","$47,161",,,"Title I Schools",,,,,,
2020-2021,LOUISIANA,2201890,"Webster Parish","North Webster Upper Elementary School",220189001435,794,"School Improvement Funds 1003(a)","$47,161",,,"Title I Schools",,,,,,
2020-2021,LOUISIANA,2201890,"Webster Parish","Central Elementary School",220189001440,794,"School Improvement Funds 1003(a)","$47,161",,,"Title I Schools",,,,,,
2020-2021,LOUISIANA,2201890,"Webster Parish","J. L. Jones Elementary School",220189001442,794,"School Improvement Funds 1003(a)","$47,161",,,"Title I Schools",,,,,,
2020-2021,LOUISIANA,2201890,"Webster Parish","J. A. Phillips Elementary School",220189001445,794,"School Improvement Funds 1003(a)","$47,161",,,"Title I Schools",,,,,,
2020-2021,LOUISIANA,2201890,"Webster Parish","E. S. Richardson Elementary School",220189001446,794,"School Improvement Funds 1003(a)","$47,161",,,"Title I Schools",,,,,,
2020-2021,LOUISIANA,2201890,"Webster Parish","North Webster Junior High School",220189001447,794,"School Improvement Funds 1003(a)","$47,161",,,"Title I Schools",,,,,,
2020-2021,LOUISIANA,2201890,"Webster Parish","Webster Junior High School",220189001455,794,"School Improvement Funds 1003(a)","$47,161",,,"Title I Schools",,,,,,
2020-2021,LOUISIANA,2201920,"West Baton Rouge Parish","Lukeville Upper Elementary",220192000448,794,"School Improvement Funds 1003(a)","$5,779",,,"Title I Schools",,,,,,
2020-2021,LOUISIANA,2201920,"West Baton Rouge Parish","Brusly Middle School",220192001458,794,"School Improvement Funds 1003(a)","$5,779",,,"Title I Schools",,,,,,
2020-2021,LOUISIANA,2201920,"West Baton Rouge Parish","Cohn Elementary School",220192001460,794,"School Improvement Funds 1003(a)","$5,779",,,"Title I Schools",,,,,,
2020-2021,LOUISIANA,2201920,"West Baton Rouge Parish","Port Allen Middle School",220192001548,794,"School Improvement Funds 1003(a)","$5,778",,,"Title I Schools",,,,,,
2020-2021,LOUISIANA,2202010,"Winn Parish","Winnfield Primary School",220201001484,794,"School Improvement Funds 1003(a)","$47,413",,,"Title I Schools",,,,,,
2020-2021,LOUISIANA,2202010,"Winn Parish","Winnfield Middle School",220201001486,794,"School Improvement Funds 1003(a)","$47,414",,,"Title I Schools",,,,,,